sample_id,assay_value,qc_metric,instrument_temp,patient_delta
0,104.96714153011233,-0.42375968202270325,36.66075263475639,-0.7171160822946454
1,98.61735698828815,-0.45341410838385404,36.847250268473175,-0.1632795187015497
2,106.47688538100692,-1.795643172630015,36.70130946947743,0.32147439293790836
3,115.23029856408026,-0.3300901917014373,37.05520902347306,4.7343073082309
4,97.65846625276664,0.732829081821745,37.59858926573096,-3.736086542433718
5,97.6586304305082,-1.2742321190767951,36.614478921429395,-4.231734957563299
6,115.79212815507391,1.0484826510505925,37.50041024888421,6.1830987107148765
7,107.67434729152909,0.4877748210843382,36.60916396382655,-2.313223709406491
8,95.30525614065049,-0.7342333219710379,36.576186393751556,-6.315176767885331
9,105.42560043585965,-0.14152963733784743,37.409297309171606,-2.42564971049935
10,95.36582307187538,1.598321807641033,37.46096818900381,-1.650263676220004
11,95.34270246429743,0.7335478135058658,37.425704968381325,7.7748136386288245
12,102.41962271566034,0.008783654898147817,36.34210129589093,4.624131061883686
13,80.86719755342202,-0.2376833169609843,36.76702451096398,5.737603083161211
14,82.75082167486967,0.07660907045165961,37.41149429600166,4.099868211733931
15,94.37712470759027,-0.5117635579423034,37.02077092028195,4.73121835807657
16,89.87168879665576,-2.1047495057190146,36.46315357690127,-3.4404106329015907
17,103.14247332595274,2.042177910534731,37.22915896956272,-0.9930107767674218
18,90.91975924478788,0.15532499919940146,36.642596370504265,-4.949576565117744
19,85.87696298664709,0.3981472651225371,37.89726242419611,-1.0524401526851668
20,114.65648768921554,-0.05790774987690872,37.77242073120913,3.420524954673705
21,97.74223699513465,-0.735116800724588,37.30204871317778,0.672916424061234
22,100.67528204687923,-0.18592448094877073,37.68050335238489,6.557404094801475
23,85.75251813786544,-1.5993947621943112,37.03239567506169,-5.707078961136096
24,94.55617275474818,2.2770864980533045,37.38271874718751,2.5011917534911987
25,101.10922589709867,-1.234511998422396,37.73886014765104,-6.241514009346591
26,88.49006422577698,-1.0319662838471795,37.12274934089716,0.4708823458682114
27,103.75698018345672,-0.4402592043864004,36.87240641424286,3.701667112782394
28,93.99361310081196,1.2880757248523775,36.14768902091144,-1.072512834121096
29,97.08306250206724,0.014508999262654136,36.95843323713925,2.7556330204347796
30,93.98293387770603,-1.2361357960304624,37.41171159228116,-4.79866167416467
31,118.52278184508938,1.2543383607573395,37.472816713783814,-8.318449890981915
32,99.86502775262066,0.7310006267854814,37.2521825328592,2.7851481124390154
33,89.422890710441,0.5384349572164524,36.72935045251888,8.720051170378664
34,108.22544912103189,0.7157342411708404,36.01158921552621,-4.98022470084946
35,87.79156350028978,2.394361900582451,36.75239245099763,6.110970900533976
36,102.08863595004756,2.185094895036112,36.84782756447302,0.21711704408205507
37,80.40329876120225,-0.6867153430032953,36.84353551640499,-6.67845760846538
38,86.71813951101569,1.6238849928111523,37.30927817848896,-5.657526506760813
39,101.96861235869123,0.3831681897589003,37.99283820550742,0.07892386680325027
40,107.3846657999541,0.4990958161377494,37.06176460092055,-2.0223114396205184
41,101.7136828118997,-1.6922708316433286,36.89163410542177,-6.564564883791196
42,98.8435171761176,-0.17038576538819597,36.870389093497955,-8.470196406127025
43,96.98896304410711,-0.8128235903365649,37.062192383453855,-4.23359663963253
44,85.21478009632573,0.8280588148933092,36.5858531198258,0.9690450416555912
45,92.80155791605291,1.071080500402805,37.06009927937303,-0.03200376301569017
46,95.39361229040213,-2.0744863510163114,37.2254061681659,-2.506189787500391
47,110.57122226218915,-0.02203486400427045,37.10484303178725,1.009435971457414
48,103.43618289568461,1.1218615047942522,37.22877096700239,5.200133599313438
49,82.36959844637266,-0.18667896231344497,37.216873804674265,1.9706325521707393
50,103.24083969394795,0.7290636450023644,36.114051658876775,-0.6065433569479033
51,96.14917719583684,0.35116546762708406,37.3184350791977,4.640360033303444
52,93.23077999694041,0.34166023195262635,36.66449257716877,-4.799251511081475
53,106.11676288840867,-0.27131497806829746,36.45208041849802,-1.124597697776758
54,110.30999522495951,-1.2165808041357096,36.4477740860725,-1.0054396780018406
55,109.31280119116198,-1.1215301474250274,37.216770805236266,-6.184766292214227
56,91.60782476777362,0.7093525144553172,36.88871253638757,-2.099370811421789
57,96.90787624148786,0.019458255518883118,36.159015608007294,-10.374798404476515
58,103.31263431403563,-0.13851224460722475,37.23901890759614,9.560890238314768
59,109.75545127122359,-0.42389004232235256,36.280195934600584,-4.687068942181565
60,95.2082576215471,-0.30518884548075176,37.0699106792591,7.930570657106559
61,98.14341023336183,1.0469117944881394,37.11924946283653,0.19042252859746225
62,88.93665025993971,-0.33524408186802673,37.44278854084752,2.8243206607797946
63,88.0379337591933,-1.3410647133015687,37.89084239323343,-2.4439989917546576
64,108.12525822394198,0.7436517755401733,36.31766183704973,1.0396484598083717
65,113.56240028570824,-0.20487666386471723,36.97376307196848,3.25244819994218
66,99.27989878419666,0.03139586553277644,36.86183235247789,3.322762071970911
67,110.03532897892023,1.6075783063995104,37.21687484298048,3.873866950371786
68,103.61636025047635,-0.020560557350507186,37.10783438546681,-1.8416635501958818
69,93.54880245394875,0.28918367311872534,36.82372687863169,-2.4017983624567756
70,103.61395605508415,-1.1789234912983253,36.779548905694575,-7.970881626338018
71,115.38036566465969,-0.21966945235096014,36.44177457240798,2.6160950558846836
72,99.64173960890048,0.6095260452086012,37.493930791203255,5.411893556617214
73,173.0847329039613,-1.5553737338412423,37.229602090799766,8.079908399589648
74,73.80254895910255,0.20084509311570958,37.45888409889757,1.5258631729025387
75,108.21902504375224,0.1007910726448063,36.84480193176224,-3.8323988645428466
76,100.87047068238171,0.04128745558743938,36.67158226565279,-8.485480716447277
77,97.00992649534132,1.0371588986582432,36.460842466685385,5.2083336654167525
78,100.91760776535503,0.3344385148485215,37.17945879187033,-8.981382833887677
79,80.12431085399108,1.478071898356444,36.48010338773588,-1.7030203887188335
80,97.80328112162488,-0.9935895155940362,37.92433153448327,-1.1215341397182295
81,103.57112571511746,0.13592456721834797,36.34617870945328,-0.3472756892550968
82,114.77894044741517,0.08446678638994742,37.136830059606254,0.1790130001792007
83,94.81729781726352,-1.06925449375508,37.783427353606896,0.6907377818378753
84,91.91506397106812,0.9562950020913461,37.2995448796319,-12.076816310392648
85,94.98242956415463,2.324673305852818,37.08783685624589,0.07327954935063363
86,109.15402117702074,-0.017006074483830996,36.51575817651905,-11.147877870559386
87,103.28751109659684,0.5050210882737669,36.30911540571615,3.6610903654549745
88,94.70239796232961,0.08451847581532725,37.385025054458794,-2.7756257790180605
89,105.13267433113356,-0.7135846699071758,37.753073620387475,-10.785183626116751
90,100.9707754934804,-1.8207602778020162,36.78057500476091,-4.071023386926879
91,109.68644990532889,-0.7057734830953651,36.43046924619183,-2.850376695923269
92,92.97946906122648,-1.3919583809517313,35.77091528472549,5.953498087775023
93,96.72337853402232,1.7041020780591178,36.50961757816873,0.983188708751225
94,96.07891846867842,-0.11510969392323915,36.94317157875048,1.722224721752901
95,85.36485051867882,-0.3459193290471707,37.799561620418366,5.906108171103005
96,102.96120277064576,0.8891538247878059,37.33656684611648,-0.48072143962244734
97,102.6105527217989,-1.121751102855888,37.15254270235338,3.7709398051620164
98,100.05113456642461,-0.7668640380045524,36.79994016934943,3.4193055696599597
99,97.65412866624852,0.06807226924862103,36.708417141372024,-6.432347467847062
100,85.84629257949585,1.0287689914234805,37.70282379875398,7.364917888149147
101,95.79354677234642,0.5016850451687882,37.1003692703792,-7.101508900353473
102,96.57285483473231,0.2483251425158822,35.94869965403949,4.58683324738924
103,91.9772273077838,0.07811773523601635,36.66323017605138,-7.585365184528163
104,98.3871428833399,0.40023585552677515,36.57089198411418,3.0061839407583664
105,104.04050856814538,0.20165290512925463,36.72686799541127,9.309574390750864
106,118.8618590121053,-1.0299722747769358,37.28145533014254,-1.0648932827510564
107,101.74577812831839,0.04607922163315134,36.946277559102874,-1.2817782142657317
108,102.57550390722764,-1.0736886589177526,36.96156729649817,3.052199996584246
109,99.25554084233833,0.08108254290082371,37.65673658066262,-1.6469822798127152
110,80.81228784700959,-0.4806479414882414,36.65176945510665,9.091393518714106
111,99.73486124550783,2.5393816227828614,37.93209976294367,0.9609612472934785
112,100.60230209941027,-0.03989438375171192,36.664346204314455,-1.600847541103629
113,124.63242112485287,-1.4042395662615887,37.044599098306286,-2.701427639478416
114,98.07639035218878,-0.13418021067692457,36.859398202298614,-4.664742350865103
115,103.01547342333612,0.5193587456378881,37.06170956675048,-3.138774933787448
116,99.65288230294756,1.6733639461525236,37.22229599753656,-1.7533669682929822
117,88.31321962380468,-0.5894523999387185,37.21691762004444,-2.4381953674929004
118,111.4282281451502,-1.58242797402364,36.62344133468971,-3.2908763706855195
119,107.51933032686775,0.8168370114309812,36.438542661276216,10.494206151762198
120,107.91031947043047,-1.3805987058996512,38.251585895452855,-5.150475382447449
121,90.9061254520526,-0.43615544150748503,36.75800783019972,0.7331629382308738
122,114.02794310936099,-0.25762048551099404,37.349606219335996,2.9626050488043596
123,85.98148937207719,-0.06963345330010817,36.196179344738404,3.150539977918663
124,105.8685709380027,0.6891644570743356,36.86019364004766,-0.29303537891236
125,121.90455625809979,-0.6836342822863877,36.93640030800878,-1.203512859236548
126,90.09463674869312,-0.2737292521667607,37.23640753496392,2.2577374561975323
127,94.33702270397228,-0.014270352949388505,35.63877292950403,1.3326082498910035
128,100.99651365087641,0.14959795751878804,37.08307030653916,-1.2947941738375668
129,94.965243458838,0.09782717470792267,36.425129272316056,-7.809392858622154
130,84.49336568933867,0.4360057752225798,37.16217285559746,-2.3396186116662374
131,100.68562974806028,0.8438395096417373,36.481835401580916,-5.732750818537289
132,89.37696286273895,0.392634115650968,36.572258652037206,-3.3357977503316327
133,104.73592430635182,0.45358552350921844,36.86318619480337,0.16611619258479726
134,90.80575765766197,-1.5822231667464777,36.4738352651984,1.7936807199830809
135,115.4993440501754,0.05022769916568044,36.762232776632324,8.90226375646203
136,92.16746707663764,0.4795075480016086,36.40331211572834,-2.687031894519069
137,96.77938483794324,0.7289411945704503,36.08341477415063,3.873128176375753
138,108.1351721736967,-0.6923507742337942,37.508978526214676,1.5298001221891826
139,87.69135683566044,-0.659039274888645,36.351975653588035,6.479988353198949
140,102.2745993460413,-0.5741006752835983,36.91065955619601,2.8811435979781304
141,113.07142754282428,0.5364138998913434,37.37644554074689,-5.0424071364315814
142,83.92516765438772,1.0338810549242086,36.692527948741976,-8.615230146456156
143,101.84633858532304,-0.4074601072916016,36.58741705012723,1.5563084983375242
144,102.59882794248423,0.9079623136270489,37.11311904433371,-2.6422549895019536
145,107.81822871777311,0.12347980916459421,37.55896691136358,-4.901568729752986
146,87.63049289121918,-0.12428577716243629,36.415342367456766,-6.337888522665388
147,86.79543386915724,-0.21138422981796898,36.92492608399128,0.8048774879357776
148,105.21941565616898,0.7466113646021572,36.13375270251634,7.538538496566824
149,102.96984673233186,0.3255778167870701,36.8033994981589,-2.043361728530208
150,102.50492850345877,2.2758254276476375,37.01710234226904,2.951351555376611
151,103.46448209496975,-0.8522246429973241,36.57268767912247,-0.5113317510879626
152,93.1997527842151,0.5181017020299757,36.771504083087386,-6.446910445516965
153,102.32253697161003,-0.5292010098115129,36.29588661584628,3.6740567175520864
154,102.93072473298682,-0.8692869869886438,37.03853930569075,-5.4734602201368565
155,92.85648581973632,-0.010867137034972144,37.52784712444158,0.10813315296782353
156,118.65774511144757,0.13735247940703602,36.45142806511477,-1.707602075026526
157,104.73832920911788,2.9181735550600925,36.68866411672381,4.465387172828459
158,88.08696502797352,-0.18414581568320207,37.251273123227094,-5.290754962353433
159,106.5655360863383,-1.1301787294846835,37.606045359661366,1.954349539009799
160,90.25318329772679,0.2730107174943857,36.25340509389554,-4.198987036743505
161,107.87084603742451,-2.0746400375463683,36.915607631292026,-2.555526061643926
162,111.58595579007404,-0.09195678260426586,37.14156541115976,-18.17600113770051
163,91.7931768164829,0.016025282295160426,36.94897180468558,10.460492858089543
164,109.63376129244321,0.7946003829452114,35.76160396656146,2.752784664131159
165,104.12780926936499,0.9736222494278469,37.250545004654384,-3.8367374296908223
166,108.2206015999449,-0.5035696189077175,37.75966817554532,-5.6232784416649695
167,118.96792982653947,-0.150614014629933,37.05833087558475,-2.4782437643967024
168,97.5461188399713,-0.7661208306106709,36.48444697335287,3.5843976740972576
169,92.4626383564251,-1.128062554807694,36.74343637681786,-9.460424627924628
170,91.10485570374476,0.30989477938063453,37.8849565338278,-0.7079220964716906
171,91.84189715034562,-1.2735855485965992,37.45498127043028,8.853209362313367
172,99.22898290585896,-0.41462690057186313,37.32001330919216,-5.669731679839021
173,103.41151974816644,-0.9951739598992374,37.17820629176719,0.4019251938182749
174,102.7669079933002,0.5496831862902597,36.669431443904514,11.016549076288788
175,108.27183249036024,1.801430099266488,36.899714409672114,3.160758148453864
176,100.13001891877907,-1.3015879828033312,36.961038632160744,0.6296191024272757
177,114.53534077157317,-1.853018482897569,37.274787158032225,2.533182274545014
178,97.35343166762044,-0.1248868853500674,37.75445944713345,-2.0043266750485116
179,127.20169166589619,0.01569779595775838,37.559169068396564,6.4981564265172
180,106.25667347765007,0.21865930675729772,36.29030782210198,-1.9966501145010596
181,91.42842443583717,-0.4463205152343449,37.11199748445053,-9.795908043679885
182,89.29107501938887,-0.20063929882543183,37.36838167258395,-1.9565155197022994
183,104.82472415243186,0.3675104105406022,37.30943016507232,-4.833672649383518
184,97.7653721467415,1.040430892644839,36.68538311830629,-1.4059700609871464
185,107.14000494092092,-1.9550487703182828,38.45705460788418,-1.2954202954031544
186,104.73237624573545,-0.3689394390314622,36.361457718834444,5.987115999024537
187,99.27171087343127,0.2138087939410634,36.45840577666697,3.476463633321928
188,91.53206281931595,-0.917976104610736,37.116797540630785,1.316327437876983
189,84.85152775314135,1.7311696317672995,38.05840152748193,-0.014727056662975576
190,95.53485047932979,-0.635409880228737,36.58190257464791,-5.294290044289972
191,108.56398794323472,-0.041292687007282836,36.8670858171765,-10.905876188328387
192,102.14093744130204,0.5560220968422908,37.538646836507844,0.5658000569639159
193,87.54261221288012,-0.5912847888018945,36.99106892255613,3.973206017868294
194,101.73180925851182,-1.8465730478044171,36.83269807273485,-0.541669416222946
195,103.85317379728836,-0.4286545269165333,37.28281645094336,-2.6742716139335014
196,91.16142563798867,1.0294405559270405,37.136258995114794,2.3225108260710625
197,101.53725105945527,-0.33689512678513855,37.515219392818395,-0.416661003121735
198,100.58208718446,-0.8464343014589786,37.64573444453268,8.428720959869807
199,88.57029702169376,0.9256722095027217,37.15350153000268,6.163641710341422
200,103.57787360348283,-0.3307748960230527,37.145866362689155,4.797540285116647
201,105.60784526368235,-0.5101608136502173,37.107055491143065,3.788670571049519
202,110.83051243175277,0.14945608966330953,37.24456527832464,-6.4508370722572845
203,110.53802052034902,0.7707502096187874,37.027585318935735,3.3149685102629984
204,86.22330632042909,2.381713531732546,36.999695758838854,1.881629788232876
205,90.62174960084877,0.8272361076574231,37.59831356041362,3.032123641955817
206,105.1503526720866,1.1598399663883443,37.75805809017752,2.463047434065263
207,105.1378595091221,-0.5059661989878553,36.24622352768329,2.263812939240328
208,105.15047686306048,-1.0258681059694763,37.00501057587029,13.504332347747974
209,138.52731490654722,0.06233134961912296,36.65565278327738,-0.3809283497595952
210,105.70890510693167,0.10716991525959621,36.84451426675697,4.681686904146652
211,111.35565640180599,-1.0785127413645972,37.20125810486766,-2.354949051320016
212,109.54001763493203,-0.17529452990401284,37.334719185771235,3.9532079194383596
213,106.51391251305797,0.3993176017191309,36.94393677819433,4.696599451162277
214,96.84730755359655,0.36039339501808015,36.0433298326386,1.8221303856767395
215,107.58969220493267,0.5042878533842724,36.51747720971191,8.3462347118825
216,92.27174785462428,0.29096473013744295,37.448249835100086,-4.421380181802087
217,97.63181393259991,-0.5070086592700558,35.629786788982535,-2.4361047083411105
218,95.14636452170896,-0.5139006266488432,37.593713575841,1.061900430117448
219,100.81874139386322,-1.198951397993876,37.26061499532227,4.40403426742111
220,123.14658566673509,1.784775039185095,37.65808804076501,0.8971476064746662
221,81.32734807408252,0.013450364619293007,36.90071540655952,6.42879518255283
222,106.86260190374513,-0.22485305579485193,35.969297287988546,-3.308449354831597
223,83.87284128810349,-0.9287920814524587,37.215181320753246,-5.702892447442772
224,95.28068134210567,2.9356579023277782,37.63732656201917,1.540641682682523
225,110.88950596967366,-1.0733280322228955,37.46236090275671,-0.3859013805684816
226,100.64280019095463,-0.4288479256060734,36.668654258255984,2.7143186017910996
227,89.22255222070694,0.4158368362860605,37.04338053773132,-0.13701145433251968
228,92.84696290740033,0.6002129657442777,36.73358186561004,-1.7000989531172852
229,106.79597748934675,0.957932055215684,36.590366767905316,-0.3746878586186175
230,92.69633368282864,1.8076085077692632,37.477694285589926,0.1442444739659247
231,102.16458589581976,0.5061576554607123,36.40123384436742,-1.524906499241652
232,100.45571839903813,-1.0560307999666676,36.553091784709196,-1.0156602316171406
233,93.48399652394183,-0.2569451251217815,36.447987183263805,-2.017966684934551
234,121.43944089325325,0.30783237251388496,36.25487623835048,4.283325599347033
235,106.33919022318011,2.068226041505824,37.0732071459213,0.9701050225289964
236,79.74857413342393,-1.397805478424297,37.58075152424099,11.283762360843832
237,101.86454314769428,1.2025765052252275,36.90756162187737,0.8035227563923092
238,93.38213535231613,0.1799143695464168,36.24712609971792,-2.754287351643309
239,108.52433334796224,0.8378305352294807,37.41997226987101,13.353376874315323
240,92.07479261567299,-0.10199471663593199,37.84285087701748,2.068131888571677
241,98.85263558533102,-0.8424326301263264,36.6768788379267,4.950623934464083
242,105.04987278980457,0.750872779401332,36.76072286664114,2.9605149160124578
243,108.65755194170121,0.6544310271056212,37.257830315041694,3.1150551464887433
244,150.40837912959026,0.9720569657397219,37.81093687389252,2.6782702567623713
245,96.65498764159051,-0.01330463537863531,36.74008292713739,-5.510422823880327
246,95.25054688839043,-0.5998220233198494,36.3337751095009,1.8376452378070598
247,93.46670767426288,-1.5587869950238415,37.3157093031362,-6.624306519251196
248,117.65454240281096,0.8193732681394064,37.39953403657115,-0.8718141820626713
249,148.75373511391396,0.42388948244398605,37.00306572521762,-3.6280872828164363
250,87.39116045664954,-0.9657826328639593,36.720933370171274,1.7873509292436203
251,109.17861947054776,-0.5385736732966242,37.49718936549602,1.6706312366911733
252,121.22156197012633,-0.46675881195144053,37.264018002273986,2.4057294538259337
253,110.32465260551147,-1.4829844319824181,36.61578224154825,1.4364828637454359
254,84.80630034045987,-0.8176823966051338,37.024547365652836,-3.034126708931994
255,95.15765927133748,-1.1338303568063541,36.324146233987676,-1.3050174467583981
256,112.66911149186623,-0.4124790118879367,37.34294522821896,4.601980806272424
257,92.92330534381219,-0.7386974983295628,36.86888321530857,5.339283386471999
258,104.43819428146229,-1.6270049208667487,36.78214458380763,-5.733915493132747
259,107.74634053429337,2.0225902305694814,36.98356275742378,-7.6546381625632325
260,90.73069528421917,1.2525407310292307,37.02015384966512,-3.6344469160235606
261,99.404746439382,-0.7790194215199856,37.44746503078278,5.226037910161253
262,67.58732659930928,0.27242139665360987,37.29554526566261,6.074420150915172
263,89.7561235866571,0.417465089821295,36.921795360603596,-4.623559402005858
264,97.4743184860684,1.1910858547734768,37.3818340748595,1.5365467686816914
265,87.5221681803515,-0.8186050266600786,37.20036862684581,9.172156665700438
266,116.32411303931636,1.092106783982426,36.78670018185698,2.076557386201669
267,85.69858622039368,-0.5479053042069351,36.937640920881755,7.107516426165468
268,95.59955513303017,-1.3358624041686133,36.92588855557844,4.993632850415492
269,101.30740577286092,0.7241365593144973,37.2526306715871,-4.550993531139554
270,114.41273289066116,1.2907584241224281,36.816488692639176,-0.9499071174853907
271,85.6413784882056,2.5879089735306846,36.80479540678918,0.1737723914592395
272,111.63163752154959,-1.1997252650902135,37.98437865471698,0.5206669401067001
273,100.10233061019586,0.6989196850807888,37.46986774087355,4.581644767192856
274,90.18491348952048,-0.40980124379353305,36.61969966778743,2.0434238113770427
275,104.6210347426327,0.7833587105240313,37.2854704969711,-14.681004718890575
276,101.9905969557347,-1.4704895512312506,37.05917503282759,-6.56420136546363
277,93.99783122841205,-1.262769775698564,37.195775587630045,-10.936904574880215
278,100.69802084990019,-0.7758748231664838,37.06867066228255,0.8768262032766707
279,96.14686403138239,0.07896404566808451,37.59482132274262,1.2024382473388053
280,101.13517345251248,-0.6410812665383554,37.172810172325725,1.4161247930535923
281,106.62130674521046,0.6590543439134197,36.96895565089286,-4.794641338573081
282,115.86016816145352,1.0268946182579144,37.52109528849151,3.3707200255999457
283,87.62184501173151,0.5995775412453558,37.116642520543934,3.5813124823426454
284,121.33033374656267,1.618787639660868,37.06073928966453,-6.275745336025789
285,80.47912200477498,0.415826629455343,37.15701130124306,-7.330191007244361
286,98.48214904964416,-1.216896710340167,36.953195488316815,-0.0006584311346892929
287,105.88317206484577,1.3633765135383398,37.00461349649773,8.958911368066795
288,102.80991867735032,-0.6051562356059974,36.706652705619064,8.498713710993211
289,93.77300480179406,0.91041849968557,36.62441639018806,2.817021802240262
290,97.91877749642725,1.5737342165551063,36.50071480675878,-3.649983357900382
291,95.06999065341168,0.45668801073039916,36.304008356601464,4.434213297442925
292,94.10635243055789,-1.4961588131646497,36.560141319307725,-2.262121324045207
293,108.49602097021025,-0.9182121665097915,36.91286648276654,-3.8375351833690523
294,103.57015485965047,1.3227444668851356,37.05155879122282,-10.719834158109972
295,93.07090404739346,-0.16912268564281638,36.86435171842618,0.5119109917382645
296,108.9959987543325,0.07957353494216583,35.82214825493632,-3.1493367456868757
297,103.07299520876609,0.7588244161636093,37.78729317888117,0.4821518976425221
298,108.1286211883896,0.6963228620803235,37.54324006144519,-11.496788481185307
299,106.29628841923612,0.2787998123854607,37.22287992560857,0.8491333629184361
300,91.71004989077927,-0.20866837122046583,37.95374533627663,-12.15560581985814
301,94.3981895980303,-0.3126684457323573,36.51131794125814,5.439701266342761
302,107.47293605123262,0.857898825291343,37.943812560313,2.609456170675422
303,106.10370265433465,0.5535695310677933,36.51739296162473,-1.393323857122939
304,99.79098406035853,-0.2573000006177896,37.11936896264568,2.813599300410396
305,101.17327383308782,1.0821123129931407,36.363081337432895,-4.890371313317762
306,112.77664895788425,-0.12903411512978377,37.007347047772186,0.36187757807446214
307,94.0842861116417,-0.8516621743343933,37.193083248999194,3.9738701923016784
308,105.47097381170038,-0.7589706989033448,36.92265483443272,-15.471446245456947
309,97.97807347566106,-0.978740836309766,37.35693872204507,-2.236121798387619
310,97.82318796772779,-0.2724100166036872,37.04950722474363,-0.1132206506818714
311,110.9877685198719,1.233724278336193,36.738792635811244,-0.9814680887288328
312,108.2541634898803,-0.8050951810305088,36.71659334109883,7.285509131137026
313,108.13509636000639,0.1884757610181029,37.405456886307846,-5.619505624614423
314,113.05478807154329,-0.6566893456274132,36.67312898509652,-3.105796217226145
315,100.21003841632759,-0.26030904127143756,37.45770148524247,-9.579345131542242
316,106.81952971294965,-1.5100412119852522,37.611355896415965,7.551433256365727
317,96.89733243406543,-0.2205382291565374,36.16564306882694,-1.231450713044
318,103.24166352488442,-0.19370537980496205,37.56646319365052,-2.192044440183535
319,98.69856945632316,0.5402879440356954,38.03021134922235,-0.26241341155357023
320,100.96995964992718,0.22328091325537056,37.12600188060097,3.1811791421516205
321,105.95157025436913,-1.1983921249520453,37.299542092647414,1.7368170175806235
322,91.81779316766527,1.0841982440435427,37.51850266218458,13.239421067785438
323,120.9238727568546,0.21030304022199536,36.86225884241049,2.269679442018873
324,89.93982618500299,0.19839351717748668,37.09114011176894,-2.3262271458454054
325,87.85811387212269,-0.009182353385138937,36.342900235188445,-2.8067836876197356
326,111.58110873500068,-0.5177574472222197,37.06931751426522,-1.9637947620840457
327,107.91662693962935,0.2178023397487261,37.24905599782227,-7.50918462314919
328,106.24119817052156,0.4755884359285824,37.25808151146323,0.1993210374579303
329,106.2834550926428,-1.746895691345555,37.532712361798794,3.917340531044586
330,99.87753227153085,-0.5387608373460957,36.612598910932235,-3.06681800311618
331,91.02745628514168,-0.2549469704035893,36.73369662166325,-4.036900281420558
332,100.75804558193727,0.25617060569427813,37.94775367299568,7.579725731471169
333,93.22838288487888,1.193311005927126,36.92483581311814,-7.1324157831058255
334,109.7511973341775,-0.7717408145967823,37.10001689365616,-10.339091882386507
335,98.52942618497862,-0.497961846817842,36.96649497913739,-5.764509718236913
336,91.74502803207488,-0.5125341106465501,36.58915958684749,-7.7021635856214825
337,96.78614158347007,-0.8015275901045416,37.8117646054459,1.9311303205229091
338,104.12931454275625,-0.34718649511226246,36.7361492940397,-1.8035225022478676
339,94.36275447196026,0.7708022199879712,36.436357238146535,-1.0984352251191993
340,91.77779604433569,-1.0538354953643456,36.77462986134862,5.7646708848738655
341,102.43687211491913,0.4278143951529032,35.99914699913723,-3.4566743058138822
342,102.44966571108722,-1.7019022300183355,36.67435626750841,3.8754470587282035
343,94.9305682462887,-0.5613379964422059,36.515935701073836,7.556613996016015
344,95.28961694381677,-0.32948930021798606,37.30871431546366,-2.2783124900683034
345,102.32049937357637,1.6748596729140648,36.66329288022006,3.685114277781568
346,85.51915658502676,-0.274802304752688,37.44390196778942,-1.2090895626449005
347,85.92536225623445,-2.2012434734509183,37.69924199653466,4.6204906442039455
348,92.81555778747564,-1.9988889068612499,37.3905876681438,-7.857445937881366
349,97.86552848288153,0.03402958634668099,36.89230585556996,-8.227561225626731
350,103.10907565598005,0.6137708557899086,37.0705572483528,-1.9563385745377038
351,114.75356216949552,0.3754558576272528,36.23750752992797,-4.444624045298854
352,108.5765962320202,0.1675701058009903,36.93311031373938,-2.5835455471494266
353,98.40061470036574,1.1622595975056669,36.569780765966584,-1.0976329122356994
354,99.80983792097311,-0.5395912207371316,37.34716319057465,3.6000676591812586
355,89.97470635362191,0.8949105560268252,38.286376194622235,-2.0383028928296745
356,99.8148686400761,-1.6320148850264173,37.2499108179869,-4.119306553115433
357,155.28827141736053,-0.9049478329380662,36.004429925522665,-1.7575668837944944
358,103.22718560338089,-1.8070413949318163,36.81938490354281,-3.8457263990330888
359,91.72769056447677,-0.27484530066979224,37.061245462687225,-4.670027510313572
360,105.19346514241172,-0.04626121726634254,37.04367871263013,-8.065084067884845
361,115.32738913002578,0.11410149222651991,36.634593437195626,0.34739058110539317
362,98.91239851543142,0.06188335288713521,37.12264587131847,-2.843528532985267
363,104.01711722098942,-0.927553330811728,36.378749581540305,4.831393696173358
364,106.90143991711112,-0.19024084441321568,36.527545638657465,-7.236980460294703
365,95.98779528114164,-1.4974466686057486,37.32289882080185,-2.710417775239394
366,102.24092481810416,1.3632289751322504,36.49216838456009,9.064536103293744
367,100.12592400781794,-0.303626072898001,37.269105802746125,-4.698047585489247
368,100.97676098548831,-0.4888861190436912,36.31526811267197,-1.18266626048062
369,92.26990216144533,1.5889403284440828,37.882412941895865,-6.079219914126842
370,100.24510174258943,-1.2422465335492292,36.61286503879797,-6.7421375639049055
371,104.9799829124545,-1.125587114031969,36.888166714098276,7.736554915438392
372,114.51143607795042,-1.0962203248685651,37.1653066305452,0.8551974631857362
373,109.59270826085206,-0.0678713816994819,36.71732502374945,0.6683941911881166
374,121.53182457511556,0.4316316296375973,37.071702980535655,-8.48158117558111
375,92.3265243711195,0.7396754681178337,37.28767836226006,1.793706940541515
376,108.72320636720679,2.571995317494969,37.480306616251745,5.787109729969129
377,101.83342005738352,-2.2494324542007638,37.39574871798648,5.747385304142648
378,121.89802933217672,0.6087355891244169,36.914094768098664,3.341666148030804
379,91.91701714644849,-0.5571305725722312,36.9266841129782,-5.64742788797702
380,91.60278157819224,-0.5864151488887734,38.17455427901252,1.5656170859649583
381,94.00607354555977,-0.6197721282538776,37.474944534124646,3.3379248023830383
382,78.76104275690193,-0.9087696708079733,36.53908817183989,-8.972217925444507
383,94.74244978319238,1.6845248346034518,37.04999408188277,-5.606397957408924
384,92.40867338446301,0.8422973270139027,36.8324284306109,4.440786608717208
385,101.50393786476208,0.023195978557374822,36.93233288303845,4.380228883359642
386,103.4175597577716,1.3510157524870003,36.38525242114596,-7.742915168106962
387,118.76170839215887,-1.5125289652988756,36.794038382807024,3.975107296345863
388,109.5042383818605,-1.3307051313309262,37.90577788659696,0.476516995768089
389,94.23096344337597,-2.1779677321946878,37.28953815043775,3.9050447730357574
390,91.01585328651642,-0.6994145401232875,35.75441929592427,-3.172606617169707
391,104.91919171506505,0.1616985267047529,37.608361746248974,3.22591748240451
392,86.79766792979358,0.10285857793233408,37.54481476145458,4.2191438724281225
393,118.31458765854353,0.14934191105988046,36.820357347846794,-1.7566746772785584
394,111.79440120721287,-1.4110568310660818,37.35863177189161,0.08876273086643005
395,95.30824347895295,0.803154742614022,36.5703003945914,-3.2426081475232675
396,82.86865470909123,0.23962751823899794,36.764872141866825,8.258194743429396
397,113.53872374165412,0.7330542814659985,37.749273180334924,-0.6013596966288297
398,98.85460154747382,-1.8927621775900518,36.864134980065145,-4.61012162588591
399,112.37816311973462,0.31149085879778987,36.06513416902251,-3.579129569373751
400,84.05572341205632,-1.187765239917527,36.96834838860933,0.6338530057105657
401,94.00624977046228,-0.39732325255136186,36.96070580354282,3.766655858891059
402,100.05243699718183,0.5343648986363834,37.59918428468673,-6.679134225752609
403,100.46980593764742,0.09109360625591317,37.00716821108788,9.238300014712244
404,95.49934528520757,-0.8515399797793188,36.789208844279855,1.543376470278082
405,106.22849932347499,0.006273156184418285,37.5225280726156,2.3322798648470626
406,89.32379570617405,-1.531535315243643,37.060395116250554,-0.48594771911718204
407,98.57620514978707,1.150267395898296,36.624988659217145,0.09629483675562774
408,101.20295631711899,-0.20528401949625125,37.57749878027081,-0.741415689637015
409,105.14438834058748,1.118549944255326,37.0968308822584,5.088979845179802
410,107.11614878088889,-0.526531687096043,37.00146298333972,-0.03964293726685202
411,88.75357908162131,-0.5235759884065829,37.088954195705824,3.8352510924635492
412,84.65885829264377,-0.7641867866378464,36.4646658142917,-2.169237616762861
413,112.7767682189851,0.8761739316930753,36.73617311191083,0.9782026415615788
414,103.32314011979592,-0.7094311573284758,37.001791300916395,-4.019601721197105
415,92.51513463443446,0.6445954324151765,36.90266815248766,6.082641162747685
416,115.51151975522524,-0.38245239766929023,37.6362141914083,-4.168736203595579
417,101.15674634292859,-1.9759632998916197,37.1087029263635,-1.6248972213066313
418,141.08053116620255,-0.5703140677864661,37.4274519613182,-1.5748020622737244
419,100.67518481410109,-1.1791082143628482,37.00469767728792,-1.7697569383688416
420,120.60747924881987,0.03390272368233751,37.528144241873065,3.6124788472146854
421,117.55340842443204,-1.1904077356744902,37.19876387828658,-1.5832888236832185
422,97.51035851520926,0.9259751007146168,37.00671024269423,6.969622652705364
423,109.71570950954356,-0.09107586035302723,36.99335845552049,-4.092375430650841
424,106.45375949585147,-0.17759599475873897,36.52278068685452,0.8468873497135345
425,113.68631557532349,0.6558921377875826,37.25345786006815,-3.8789299465629994
426,90.35076539419896,0.9639069340758625,36.97989763273181,2.1048639126573336
427,106.8605145999844,-0.020098751769651646,36.7490040199094,-0.07974863488385017
428,110.58424486849587,-0.7712002995492906,37.55323088540604,-0.7753102234923923
429,82.41260513576886,-1.7739696161121294,36.3748919870526,5.942374832517619
430,88.16741487334225,-0.68604975703518,36.78875205228378,-3.271709355275517
431,79.60767822239899,-0.6172122466479616,37.51385937438977,2.9325757880900003
432,97.30593165555442,0.10705745299229676,37.15776147046012,-3.844799563373962
433,107.17542255795962,-0.34514688113802716,36.97607053617362,0.5634260008018687
434,115.02357052096028,0.6879329720514281,37.125501771575074,-5.977876641117227
435,100.74094780419775,-0.6129832712706895,37.089707085524424,-3.312585731533702
436,116.28615545571292,-0.05704116685294176,36.24166872685704,-0.41071522786432524
437,86.19898541785109,1.1839874431968893,36.82536905732602,9.073245836615389
438,82.96617560644845,0.3418252139549665,37.80826082725687,0.5040193522988706
439,99.44452301103381,-0.06003754168856451,36.67033793261142,8.273341579333533
440,103.84065448939307,-0.601944441935177,36.84084949294783,1.1016164584545902
441,99.67305251905907,-0.6332313967149771,36.72918961834541,-1.9354212223746956
442,79.32557899960123,-0.8506132529519478,36.95649238834093,7.696782613003467
443,99.10879960487212,-0.5410068657828994,36.70843858433785,2.1850881103670945
444,86.95530499495146,0.7556658387443146,37.24337075107903,-3.213607969413568
445,106.69672548830039,-0.2218882712922687,37.098656706145135,2.352857297001487
446,103.66598246096848,-1.349773069381231,37.38677380755351,-1.462973749538051
447,90.60120213672644,1.7681692930597834,36.47452941690552,-9.94517098085648
448,94.86133082663306,0.31996519114516303,36.829829758558546,4.679865796328087
449,89.40786478111049,-1.4069434005131694,36.887138684193935,5.474670278209644
450,99.37320902726829,-0.44184892724082386,37.227823455044295,9.189710149961376
451,109.55142320501238,0.11088638282841785,36.603389401396484,2.1107184609763134
452,90.14273953664457,1.704592093297377,37.45782690212917,-1.2436171204126627
453,105.04046515517844,-1.1081124582588693,37.593207795258806,4.174947136892929
454,94.69742381627559,0.9760407193559466,36.50556382618221,4.249101826594532
455,92.07127167737656,1.399486426972343,36.754563552553215,8.19140591568211
456,98.92969640045442,-0.6286543050745702,36.734034245853955,-0.22313811533221073
457,89.64757677580626,-0.27751361886023346,38.31619310233875,-0.8278948628379723
458,94.46350694652818,-1.0363092473737703,36.785049947396054,-3.5777220987926373
459,88.02122107411151,-0.20346114108030489,37.838812721078064,2.6873104336260085
460,119.6472513291639,-0.03658997434293117,36.366684002446696,-7.741308341154176
461,100.35263551971728,0.6596499980823705,36.50517451691782,3.8804368643128226
462,93.00274492007415,1.0901834710204468,36.6566977340759,2.939175609328948
463,102.13979910734221,-0.7480960646216471,36.57715534427674,2.92535101229186
464,98.8767195030917,-1.9673250642259945,36.866050632920754,0.6911261825092021
465,97.79030400466777,-0.021244779276242128,36.64561089863925,7.664891237655423
466,106.14166700043425,0.2935375299686405,36.59032920363271,4.359967327134316
467,107.57507710047305,0.24941768768504166,37.57923599823666,-3.0353859568784984
468,94.69498852389472,-0.326673247509044,37.611896811256585,-2.9458952484882337
469,94.2418175935532,0.1247520996639345,37.47464824918766,-4.398369067073184
470,97.24948302848355,1.5154448083522476,37.261999477792166,2.7564166638779373
471,76.98078835264415,0.3817341689625093,37.04637153288978,-5.000694606199784
472,84.84808937801448,-0.3733684250030844,36.751484654667046,5.416960717916761
473,113.66874267444524,-0.5001978170959958,36.52342124762245,6.614866541727716
474,116.44967713501283,-0.16985235767773066,37.181497851716344,-4.395081344752255
475,97.50963960443622,1.6367399618306397,36.4131848037266,-0.9277426729642685
476,105.76556963055766,-0.1833007095261973,36.503039535412306,0.08310490681206852
477,103.11250154543536,-0.01979434452070797,37.576456628102406,4.4199158023483385
478,130.7888080845524,-0.48231357093630295,37.950324520861045,8.046716878049384
479,111.19574911434577,1.0989833574419647,37.19664756908324,-8.427461964342887
480,98.72082408519233,1.959837254744675,37.55322857614732,-1.5909035876334143
481,90.44459559399574,0.4506130494313883,36.87707584127801,-1.3300834778017347
482,83.93553679742428,0.08277290378542575,36.33116290695616,-7.003349274432739
483,102.03463635867223,0.03678283317423478,37.306085809309295,-2.425550096520308
484,92.43649254715697,-2.3843067887857456,37.284644661635035,2.1388447217530557
485,85.77746290402325,0.7451508642848174,37.03583427694012,-1.3933945141977857
486,93.53427115757474,0.13416641599584353,36.87881227094744,-7.723105843037068
487,89.18451996385605,0.42834205066072495,37.48110528929055,14.370413490049568
488,116.87141635072564,-0.7114621940837048,36.50713348328626,1.3308893260209014
489,108.81639756949451,-0.38445687897709163,36.613109710554674,0.558470650533375
490,99.92027358683383,-0.411024936503173,36.495946746619786,-5.4896318153352315
491,114.79944138890026,1.0216229840730389,37.042486481317916,1.3035308098563767
492,100.77368307647619,-0.3787598366030933,36.45605349394537,-0.8210689202074716
493,91.38715798671737,2.0826603221097977,36.65787890974238,-9.442617063577032
494,115.23124077269657,0.4308624190150374,36.6471222188864,-5.351277200072081
495,105.38910043684659,-1.2756826599957316,36.86969583383302,3.974630088369725
496,89.62753845673544,-0.12854629325195685,36.25631277679801,9.720088250002208
497,98.09661321916391,-0.6516751221564157,37.043602496018636,1.8358270252152231
498,91.24381746615242,-2.1943824698200243,37.62365182533234,5.515416391466836
499,86.17200269035663,1.5994709401137894,37.06774568615838,-0.7787765429160499
500,109.26177547531641,0.7031425422200039,37.77066057240066,-0.4327308034030145
501,119.0941664047013,0.5332073178993125,37.66699909293846,5.454895138097325
502,86.01432426180858,0.16540366029970424,37.38886752362393,8.313886445897346
503,105.62969236690572,-1.3820175686924376,37.03734292131844,6.505483467328109
504,93.49357430878173,-0.4836171395554367,37.01125019412272,-5.331815376924095
505,95.12874616235304,0.8417807747840127,37.38189988618163,-0.33479445157622884
506,94.07606075761132,-1.0512200297825027,36.804164695247984,1.387623422381476
507,91.36009230320184,-2.5317693162508137,36.058739624266266,-1.2983898175376454
508,100.48521627944827,-0.22710600778092602,37.24600202705148,1.9392877170779788
509,91.69049883588963,-0.1417575540275386,36.434465685032514,4.102884058344737
510,135.1934821990752,0.13556341641470915,36.518929385904805,5.014048759775703
511,99.49761890550863,0.7285186435145362,37.000111973997896,8.429350761107615
512,97.6105195313359,0.6376058122312086,36.95243756122326,-1.6472055236241734
513,90.92436337958402,0.2587698052439216,36.29396219684219,-6.82016582419657
514,94.23228669431667,1.1955313880867093,37.08274578206657,1.7911729700722638
515,107.55391225825755,-1.5189697808133147,37.48306983043052,9.419055155924012
516,105.00917187624381,0.5045818144773903,36.435829214867105,-2.3848792997702954
517,90.22444755201448,0.6265383633369425,37.63624166542438,3.434234885318597
518,100.99332305429226,-1.2395622860802396,36.21991458743503,3.478728962363214
519,107.5138712337179,-1.5028706086823893,38.05866207218548,0.9572102367230448
520,83.30594718878629,-0.7459421264756013,36.79436978475826,0.03462360521857185
521,105.43360192379934,-0.6615414425152919,37.072808498413444,-4.617146028606963
522,93.37376241054153,0.7534194635024307,36.053983213757164,-11.408310362102887
523,105.70598668593159,-0.6145387836910949,36.968931966765346,-5.5592535333201445
524,92.36740843457483,-0.856348518281204,37.114241088859096,-1.9515207455584962
525,81.9511789933548,-0.6116337366945591,36.95691894795025,5.487113437113535
526,83.72457562116837,1.1186323341542117,36.71845946147381,-0.5156403117568781
527,100.48084946661382,0.013043374376952133,36.52671774073609,-2.5951285945907427
528,102.59722501721483,-0.1792510253569118,37.56526330976865,-4.454927209767153
529,90.95683374895592,-0.11000549870105147,37.01540356749898,3.2840291425474017
530,106.38592458777374,1.2920603343265227,37.77037618825839,6.791785832153026
531,83.3847993773104,-0.7491717266032418,36.73675882260254,5.317178609337297
532,99.33920201352683,1.315508290940104,36.782602653313894,3.0307484987923456
533,87.88983800237543,0.21049629892150362,37.407797122298085,-7.3780637319147
534,93.4816389219784,-0.16041938197534772,36.188512518998216,-1.758371214218857
535,100.47398671316414,2.5009004979342815,36.393268319923536,9.736521144448375
536,91.39586634716048,-1.0556394897985963,37.548742485676584,5.609752459576124
537,96.15444455770175,-0.35368575956700604,36.4140330353884,-7.6875160911736256
538,110.0629280921444,-1.2324312391640002,36.090474492348726,-0.277952615996357
539,94.23108130476851,0.9524619705361694,37.934263594036544,1.8154921633051937
540,108.35692112065142,1.689188933651679,36.3030911760629,-3.8107923151310996
541,88.70293145342382,1.669922781404639,37.09205969916408,-11.546020107044244
542,105.29804177915283,1.2239487531460047,37.03454259636214,0.4941202250821586
543,114.41568620657901,-0.19762046779596562,35.59468584169096,-3.9387912881021965
544,75.28355499872711,-0.3652409774898465,36.8663414884161,-3.9192086954234204
545,92.03104744529523,-1.671169772494065,37.22420662473955,-1.7734017996537905
546,105.7707212718054,2.0358735351817927,37.17715469075943,-0.6683795732740587
547,97.96954613957007,0.4689780781484677,37.45176034190175,-0.04541397047843221
548,103.71145873371309,-0.49195690486948307,36.806254342547284,-4.419949494610007
549,93.9601481328418,1.3280568889869675,37.35625222104608,-1.101047648170387
550,100.865897874729,-0.9727645167600009,36.655335465959965,-8.787116852013776
551,98.44322764607921,0.40662203422267407,36.294766291793614,1.555195326840391
552,111.67782061659807,-0.17262913429083468,36.351135812159384,-14.281377066705787
553,102.54420843301213,0.638677139880301,36.26894477240229,-1.4474504021680978
554,103.37602662075201,-0.06357353918612146,37.5047929839456,4.5959307683847666
555,95.88123033877532,-1.4509278911112242,36.242713245470725,-5.296703436374132
556,95.12393775927507,0.07557637267003782,37.13701942032465,3.5821510182870004
557,95.6744181218038,1.0488641418753621,36.86703790296378,5.778663560604461
558,103.94452142378297,-0.029216405853985244,36.94867571327468,-16.53949976248694
559,95.79015519179737,0.775115121589086,37.68180364759985,-0.7568145178787118
560,102.89774856896413,-1.0455294856740531,36.780786316392366,-14.378867138141375
561,120.75400798645438,-0.026260793269852138,37.30580078077484,-0.5910422278547304
562,108.71124703431693,-0.6245104550885774,37.018781675690555,-0.03585605490663406
563,96.73976467832159,0.7469808401047098,36.92399054718365,-12.412719929554193
564,112.01213922163944,0.03149156226199577,38.14998456219324,9.624191810399328
565,95.91924626978448,0.6900736763366125,36.27932912714232,1.4300790381731245
566,79.61875464822145,1.087710426157866,37.64456591771872,-4.245117160410176
567,89.91913689082595,0.6916185751213884,37.32820328274499,7.326897137492592
568,81.29208078974145,0.2731184342936442,36.760237502684106,-8.978066103211583
569,96.48486515958692,-0.9982122585114053,37.81465925872081,-6.145855167591586
570,100.18418379189552,-0.002786110666901238,36.07594494380573,-11.497277618349493
571,116.76437312275283,-0.5330904020158331,36.739116671350466,9.00522598269667
572,103.26927373764163,-0.34406395670422657,36.39575889786546,1.6617318573600173
573,97.80899471191135,-0.37453415075025087,37.20604173243573,3.297008949242475
574,108.2940558118349,-0.9799255747822445,36.44346794940641,1.5050061695923787
575,77.88864690992115,-1.9573385891339898,37.21653197337066,2.8688388057229233
576,102.35614558108566,-0.6681430483277668,36.90678179208922,0.3903885694799472
577,107.70865193886966,0.19337945192415906,36.760323028671955,1.3546067135372066
578,85.21413754220158,-1.3481770454274902,37.19432362301666,0.5380171811147538
579,111.43754043206928,0.015682236471624342,36.86568918803097,-3.0429590278463925
580,103.38496407494414,1.9002684243109647,36.45568257847048,-0.23312382607334575
581,95.84712086099199,1.0230565552522393,38.40068649481749,1.367972866308388
582,106.32781866106285,1.6435415091205292,36.75641640848543,0.5527455977606539
583,122.70692857804396,0.3911278769327262,35.89119545992399,-7.388860538766585
584,101.81866255058495,1.167509822986446,36.57895065513931,-6.724933343042046
585,102.48220586300336,-0.7239647304677874,36.366361655813634,5.414207169581956
586,95.40639100459757,-0.6443402670219842,37.41307280802026,-1.534970229417009
587,91.50155630535208,-2.7391402061374728,37.160826329795796,2.9236267351797025
588,108.30335816544246,1.186145474042299,37.19935640089517,-5.460599548611982
589,91.43916174091133,1.540323979819886,36.81498876708138,-7.36572938323265
590,100.71566237219392,-0.55317724534727,36.86032487647154,-4.217983062658565
591,95.22342553234883,-0.2539517063972351,36.81453444819616,-1.1128253538570663
592,104.78979825746391,-0.7538621136909615,36.959403407932264,-3.3257014964220617
593,103.33662105286949,0.3826535514774916,37.417666717682415,6.46966761552857
594,110.375399442579,1.1249325453032408,37.168037706252676,0.8976165076873077
595,94.89983601145254,-1.742771973881041,37.25005641481043,9.244693092809293
596,97.30125064706628,0.4094385306422523,37.2497794541246,2.022040770357086
597,90.21236284217693,-0.2766717717191454,37.44222121869087,-12.062754089599055
598,95.55706739923889,0.11339439196668935,37.144075020770124,5.280208032292773
599,103.77300493044852,0.45899400167429094,37.17942403633946,-7.547758112349774
600,107.56988616645351,-0.18820243877282114,37.59440312059658,1.1526683360566956
601,90.77834675822375,-0.10358685340578061,36.66747704099844,-3.8734202883192244
602,108.6960592010566,-0.2138751675546389,36.572128710024245,10.713555172320932
603,113.55637858804951,0.9703162017882814,36.40703920040657,7.197989637150677
604,104.13434903223701,0.41875996012749656,37.09145728181013,-3.709103208508791
605,118.76795812558066,0.22058353773736078,36.07313387939044,-0.6367883406055588
606,92.26210800896428,-1.2709517210922827,37.23107704802984,1.222990348246087
607,87.55345296688583,-0.3785797432131542,36.94540345274972,4.317070357808052
608,82.21279751095722,0.8986691603391742,37.567319849910525,0.1457595616250634
609,114.96044311489183,0.037696573123922904,36.664041344767504,-5.124474496904334
610,106.54365656354058,0.6595314695891383,36.898340857291245,-3.5877931960002645
611,99.44415329089544,1.7665118003276337,37.561101666646685,-0.022408981883956652
612,102.7996862631982,1.0386060692088166,37.69156782338908,6.172284893823456
613,88.74510952701624,0.09315833769974234,36.65992381712409,2.1391893026802196
614,178.96163939546295,-0.5109891701957271,37.09089061629358,-3.867074633075079
615,101.29221181975228,-2.5535495960558983,37.14720948884202,3.24186388854895
616,101.09394794604893,-0.16838492247285253,37.18682670281058,-1.934924194390799
617,107.25766623898691,-0.32601249581684916,36.86871217034219,4.452040025934206
618,104.81009231736714,0.3903661943953757,37.64069169906182,12.635052091643026
619,102.23884024279131,-0.1539052269746876,36.05514825818923,-1.7941318547177476
620,92.09525544554688,-0.32038505943679435,36.78943488259946,4.008025798631855
621,104.71468357135996,-1.7793989305072206,37.22396536638647,-3.7269666601886486
622,118.82024496475034,-0.9399678291500665,37.22861240597467,-0.5613188359564879
623,113.45420046154977,0.4766510408005575,37.67637951530738,0.14781143436050648
624,115.93186626639397,1.7159076311326944,37.59911269660064,-0.9684183002219028
625,94.88784323568815,-0.09752538374562343,36.85722918734639,12.31506844387512
626,90.1039517974142,0.3278110735741233,37.6499356217653,-1.532965373391912
627,98.74213079900352,0.9524781569528054,36.64297912811127,2.93425769392434
628,100.55724912288694,-0.8108939362002497,37.46544369139592,-9.650434346617162
629,110.94191518470949,0.36681404328544226,37.905261239210496,2.1599828168480513
630,83.0753537028518,-0.7404901063321585,37.607472053427486,5.710272961761234
631,115.29550319460614,0.8648244384910113,37.05288519176206,-2.6379867128952545
632,98.4199210142101,0.15140304795173262,36.83411061411394,-12.551110705202063
633,95.7311893005258,0.2984518139814398,36.23570435187035,-0.1932588441366255
634,89.87895624739832,-0.7825985974185891,37.1552698189571,0.08591925192764038
635,83.4514332813423,0.7070323596107849,36.44239138601454,3.6203752537215204
636,108.23170583961914,2.084712921231016,36.60343266819303,10.05451517706717
637,100.73317967188405,-1.0079116954282061,36.40462709963166,-1.9002682530015338
638,87.10039100258946,-0.3397590076475238,36.76980383367167,-4.281440618301402
639,87.04921227936384,0.23160747416809183,36.986015292756505,-5.834589006857216
640,96.64215300709871,0.7864062119958165,37.13680729058285,0.9903930851579967
641,116.69021525289392,-0.5595462852894689,36.69974668229302,2.3967712940925097
642,97.40408648636395,-2.83303029014274,37.53464185319759,-2.7282769718129223
643,84.96857046881894,1.359189494164025,36.89589737100502,3.8934137286289476
644,97.54256935914056,0.7605061195841426,36.60613878336724,2.326920384095878
645,97.2727643025233,-1.742947530486665,37.11314613362172,0.21615844822445185
646,73.03113357058429,-0.6075687917795559,37.98177641677191,-4.512073603720627
647,99.45705133482188,1.5681824295273261,37.16758028326756,-2.4093215774236154
648,97.69065469791322,1.447796418457866,36.8185721863132,-12.148776488412725
649,106.96206364813418,0.9386400226789446,36.23626932194065,1.1789353209901683
650,118.48956094945345,-0.17611243395986265,36.890293839513966,0.13170644373717613
651,111.26565029547757,0.08298741881250997,37.11746406254406,0.9423949554474321
652,97.3111130944517,-0.1309258051261265,36.80620955437222,2.521595077822801
653,88.9347409125833,1.1282397832688376,36.1673076808795,1.9291074321611148
654,125.7335980324986,-0.8758424064951101,36.574717305248285,-0.5519159032301764
655,100.59218434014488,-0.8057996548842047,37.72726923044388,0.24334021581376222
656,100.13929291912946,1.0102745868360157,37.71700050186523,-7.021582083480848
657,99.75874912889996,-0.044361455511561634,36.5566804153977,-2.9186032284471293
658,101.98084760767856,1.378467355453808,37.33637839359971,0.25235526841730693
659,98.55639588076058,-0.6715122069805457,36.410713607614916,-3.679267879561803
660,94.26337993119763,-0.0547783603388251,37.702158140997476,4.300753979362732
661,94.53141058759608,-0.9224129848439533,37.12261792394712,-3.2931604047751524
662,99.67246729784002,0.007362681423567135,37.474820749308265,1.0815270562415815
663,94.56575228866235,-1.478546936998799,36.14245332640873,0.5828282840766794
664,92.87154217322836,-0.4876334209549628,37.33881855096244,3.7313879680520485
665,101.06430227691897,-1.4362538649281178,36.99616296815775,4.50395587014151
666,97.45022782579144,0.6939232331912581,37.42596453539542,3.470163054839697
667,115.0399298858269,0.7165893397596517,37.45743389904892,-10.530031006915667
668,73.49030191606988,-1.730262730484345,37.03289234473738,5.970740740065633
669,110.91506851922462,1.3338857455005728,36.69958518045204,7.636541120972989
670,112.4608519249763,2.497415126419854,37.389848091089746,-2.410621421607347
671,79.2660976759185,0.04600638673634095,36.969922750297435,1.183234563364249
672,96.57312405919652,-0.6411142602246448,36.56360752323618,-4.45415840065391
673,96.28559134004209,2.8243305910030463,36.539923884271154,-9.741892533660756
674,85.92488305282178,-1.3189684983025107,36.26141779184381,-3.6935763277119316
675,92.22183312409125,0.020106466869098387,36.744854420218466,-2.7006951973180513
676,135.40648893527302,0.17962227263192343,37.55134602303719,-1.7742536567590774
677,117.52270443423623,1.3451476204524146,37.08891489985272,-4.79457045002994
678,109.35678393147461,0.35973897512678843,36.73511614703848,-3.6671258340861943
679,112.71555094994159,-0.4986338957884514,37.40242796909004,-0.05503160814203849
680,107.21672064043236,-0.9511843703879561,36.583761689138306,-3.85113491555071
681,88.70948228782771,-0.34182182024613555,37.04767513716639,2.7176216627501395
682,94.75479733720226,-1.0069273609451441,36.910184813637244,3.4083032569871974
683,104.89374561227918,0.04782531978468294,37.389565312794176,11.901938730822447
684,87.77872191108054,-0.5641961798604865,36.21138581454025,5.62839966061731
685,107.12998430172388,-1.4940377932897506,36.57490112709267,1.2155152916420722
686,97.59674601841866,1.2551457883749038,36.18087717045273,-3.1013214833383933
687,96.25179192450402,-0.4976725234290394,36.87020163909536,1.468736758369994
688,107.10959968203491,-1.2681368049753126,37.60571375181622,1.6329797995817805
689,104.4426331148604,-0.16825913448754154,36.74727639517324,-2.566565445028304
690,96.3903383418092,0.06837156596765875,36.74465803090217,3.918656983764388
691,111.59329803364248,-1.7464667255790336,37.43586221209207,-6.990490073409377
692,89.18936672400102,0.33164766712576277,37.53427477922765,-1.2219991776875527
693,106.15935606944264,-1.0471575686902646,36.955714466365606,2.779292296587034
694,105.93101257968384,1.7110288091907877,37.34235742702494,-1.437920737960485
695,96.9045356068601,0.5239605120767348,36.461522729561025,-1.0337720171463562
696,103.26133022242118,-0.39989999010931654,37.688987166962704,-0.6889293059614022
697,87.48886423614697,-0.7451677703173505,38.07435314696853,-4.178006203438728
698,109.240270192069,-0.10496770756362395,37.26060789559436,5.86950465787104
699,98.15097863557011,0.6127907415832897,35.9578341893286,-5.090188359614075
700,94.7727697948096,-0.02549412858519966,36.72088486880111,1.5907966370494258
701,110.49009225836889,-0.21715880713685662,37.30641266083466,2.068239491411868
702,92.9565630945724,0.058370290817895645,36.78925850141682,-4.743109506044834
703,85.91538703636441,-0.6038589312369547,37.63609927712505,0.3655212719037165
704,84.43370826476097,-0.3432059268430377,37.29407863221793,-4.548160863723511
705,106.0600995134564,-2.085792438905004,36.646762249617105,6.955212375279727
706,87.19570647503717,0.9737262308523678,37.016132405385626,-5.693914684881065
707,166.12643008382545,0.2987977803217619,36.55308338968045,-3.269485471159822
708,79.18070592116278,-0.7734558440334302,36.90870756079378,-6.121125041777903
709,116.96456368290038,1.8987349813552388,36.722703379783724,-6.78849363433776
710,102.11017467202619,0.08701648039238655,37.58738090011652,7.956076454411467
711,99.03286888129608,-1.0361435719751968,38.0580060284155,2.71387336956281
712,94.5508091319105,0.8567374214704584,36.284405833382124,0.7014671285027201
713,103.9913611435207,0.3980482165092625,36.038391856895124,-3.282884816734608
714,99.62365297575151,0.39457998548421935,36.87741378907431,4.538059055233842
715,111.03301882016521,-0.4257556046515905,36.24079215058566,-4.121112196837265
716,101.1422764866204,0.4504957237780347,37.023105801835456,3.968196471650515
717,101.50301761461877,-0.26175829022109454,37.37446805690296,-4.362556383028181
718,96.36387787786144,0.5559414516458422,37.747070948633414,-3.222538509378359
719,99.43054376278933,-1.9049444540106388,37.10069727935764,3.7914119305896055
720,103.0780176889206,-0.4338734629791891,36.90342238757521,4.319136720778836
721,82.89831607343375,1.7221550978081948,36.01080754171346,2.9873646694838056
722,86.51814577894287,-0.7670674554003005,37.013092574592896,-5.248370578783974
723,107.43264094022715,-0.6038382974931866,37.035643630274734,-2.233634328614144
724,101.70865438127942,-0.4479613384499751,37.319478407106374,0.7844937059925671
725,98.1601666364732,-1.2148061358886433,36.64575594923546,-4.246404809550458
726,100.18433933065393,-2.208280776228252,36.78247369988207,6.854813800646466
727,103.47581705361671,-0.23058639852361285,36.260998872347905,-12.009734719752728
728,94.60240319690638,0.13585942408165688,35.85435359655797,-3.8936975768457645
729,92.21695274597687,-0.05250506853865217,36.445751454601606,-2.5478325143491585
730,101.95845255097682,-0.14487856194788684,36.214837092873495,-14.219718323858839
731,90.21627222384969,0.043040870850387644,37.168356147710305,-6.981145651180954
732,104.08252755714472,1.022841471550764,36.740932971666574,3.126447562710342
733,82.9741639576216,-0.19044618592921678,36.730881434962605,0.151418182764819
734,110.29155637325644,-0.5740825770872696,36.5077934769124,7.865680110214513
735,104.72597482413043,-0.2811254848880863,35.383717283743785,7.7261322294240955
736,102.56029734313876,0.5793467597567757,37.754155374373774,2.165231893019733
737,109.82690983945514,1.4120268785432495,36.499864738611606,1.5661912450035582
738,116.65474444462576,-0.6281437391691783,36.79378996507505,0.32965554289450244
739,110.1437006501813,0.09893378702888371,36.272553917355346,-13.27541008939745
740,81.59125768668355,0.3383574419359596,37.485965171720316,-6.972797566630376
741,87.20423033264298,-0.9925780067288229,37.071714468518664,0.5033775154946705
742,93.75181422304321,0.02041716721291813,36.58681735736707,3.0801285437383576
743,100.26091050210833,-1.465673857342095,36.80388519432799,1.4483490606907035
744,105.17659020469122,-1.7690503037393988,37.839089961062434,-4.462324838578288
745,92.74256186846534,0.366746407892257,36.96351528405936,4.687031412347478
746,101.86766764477078,-0.3838747413307828,36.909133231192044,7.412220143773183
747,92.44617067646678,0.20228040762121913,36.52930925693037,4.689948001456699
748,93.88482197008052,-0.017894977008350053,36.05270942476385,4.947996647952354
749,85.93338903151778,-0.9764000486637974,36.919980663210325,-2.7961289897760544
750,90.76766753889096,-0.045254301964336476,37.16274255616231,5.379670613503996
751,86.48315394383667,-1.2331013050148552,37.54979223216383,0.7287931966382863
752,90.24126747022667,1.3909723580014006,35.875751732750174,2.557777642610024
753,110.5364179660784,-1.3559703448599638,36.437451836488485,1.8271592141235455
754,90.50601111168056,-0.19578527096858134,36.70962945472178,-0.6074355272020551
755,126.32382064837391,-1.0422715880472484,36.9982595757134,-4.30001237561151
756,104.93317900880889,0.5704211733607956,36.92748315423579,-0.4106833177702317
757,101.84836123694873,-0.33143137128150285,36.93915565715636,4.933808087414114
758,91.41642219818786,-0.5186667196212101,37.20404802928497,-2.207379026564548
759,107.00309879408991,0.8532015450515544,36.54835344461045,4.46673631304073
760,94.24362173762226,0.029430591677552183,37.46707072111685,3.685353353088359
761,101.22009814645361,0.5166444459359673,37.21672622084974,-1.4946869850991515
762,125.60084538268795,-0.9813259365174648,36.84008386793596,6.944000518097884
763,99.03940100275351,-1.404816943927507,37.80045399594446,-1.77773335595353
764,111.49273326285676,0.10720796204013365,37.778208017785886,7.547734313063158
765,92.96823574874112,-0.3188463554947312,37.4664476775969,2.1706349077048626
766,99.65011509503039,0.6264346724539442,35.4907216147161,-0.07932959226756767
767,117.7080063563551,-0.0799084526625497,37.78947254635899,-4.439006901688269
768,93.73032942212232,0.2050753392346299,37.39737926123597,-0.4413011506752065
769,118.12448557996929,-1.6233825299412434,38.00320431885647,-1.0187975674721015
770,107.07751935455475,1.8884369396142566,37.61873229586677,-6.291481926254527
771,94.37533224105732,-0.16424198503203188,37.789171338748645,-1.0880771135883356
772,106.3240773905552,0.697586970339199,37.43932742509019,-4.019015900485429
773,109.7255444962673,-0.8360916702196265,37.67434659932275,2.929958844893909
774,106.21809962217196,0.3080099022173409,37.99706187036722,6.5314023786410145
775,84.29775280109544,-1.3028447635247453,37.1082773691891,-6.134578381476203
776,92.72862824175131,0.452067838259671,36.21388472796094,8.561538641834613
777,97.52481364448495,-0.3559740843858328,36.84626954999243,-0.6427551719256487
778,99.25566570899954,0.029190503935567446,37.19497279969172,-4.875106924692571
779,106.20672097550678,0.6979740301300975,37.037443792185776,3.7887739010409165
780,101.77701000933254,-1.2325403112202802,36.37671901692028,-2.2322723912752402
781,86.64655641289899,-0.684491730612797,36.18446618740251,-0.40868338015747085
782,103.80197851005963,0.4573242810867655,36.629418665682586,-2.0213912210603944
783,106.10585745283824,2.098221474546747,37.40386977799208,-4.0836896593245005
784,105.5979044793104,-0.13808233466148176,37.79016988541149,3.6199851620095185
785,110.80780725554622,0.5911361179239325,37.45828380688885,-1.431507014470936
786,108.33922154548904,-0.10697146985848006,37.52871364355707,-7.18325896089623
787,104.59180079228437,1.9422455947562995,36.95959221341822,2.755300621079664
788,99.29834288541353,-1.7472216669652556,36.12895877114702,-6.027911755118777
789,83.39039066484008,0.094621044669358,36.772389709558645,-5.766300863376293
790,104.29618219132585,-1.625544033562061,36.87061779406381,5.963031024886581
791,102.07687687163111,-2.5065715705367166,36.75147375658216,-5.98169949605106
792,102.71578837195374,0.29746205311781654,37.027347432687314,-11.582224284637451
793,87.2325142417969,0.13949779614745886,37.220709879946476,3.1143074248074782
794,89.18943459591738,-0.28483693774220137,37.42650759412175,-1.5193171474056517
795,110.53152853332904,-0.10619409003975315,36.860940067816834,-1.088275605690582
796,99.60444846143345,3.0982994340712575,36.048120297177704,-1.572501966751
797,106.81500697372624,-0.2581751380314344,36.75856114035443,1.158349695093634
798,100.28318376130461,0.5101243612500749,37.02185519849599,-3.76359620951534
799,100.29756139495746,-0.6493648196138809,37.611403961066706,7.380574372828822
800,109.38283805975998,0.29523257504060313,36.716096078907945,-7.381152401546992
801,94.83955271782627,-0.23823367505561752,37.2562718141997,2.2243745833856154
802,100.96120776940984,-0.41051848272973,37.14504394981772,3.2106050193829194
803,95.37724711294958,1.8188985322003248,37.021950266561696,-3.7982588041668897
804,95.65503772567685,1.177184963184339,37.4652666596623,-5.118672226389092
805,96.90827876531361,0.13674664739923068,36.66957940162371,5.085871070850781
806,102.22133771633713,-2.304211935943967,36.712406775178245,-4.954303770083575
807,95.21251378336522,-0.3610092232525697,36.99404958845289,-3.0333197037528343
808,169.36059017633997,2.7030275644050836,36.67992674745315,4.436544812298732
809,91.05392697780496,-0.23066166663970813,37.2540061455273,0.1737061676951211
810,98.13128355838641,1.1032175720536581,36.643403847816934,-8.985718338145523
811,95.60268941725825,1.4419424019526008,37.113152103872565,8.735295722767571
812,114.46977884353733,0.21896391585597508,36.94991361560662,-2.6500537938998296
813,101.96554776511574,-0.8418216318681523,37.107462982388355,-2.0137864495320863
814,110.31844539468635,-2.4353123317828884,36.77012930246848,1.2789212616318266
815,85.14439626963028,0.6841632086089545,36.830455852736584,3.125383985020364
816,102.67050265869258,-0.8147560028235481,37.048004633998524,9.805521456457335
817,108.89630795623437,0.17615045188769213,37.101037253080655,-8.300340747028482
818,100.82283989275425,-1.2498203395893641,36.997899042304425,4.129761044629729
819,110.65480375065351,-0.2652375404702022,37.85268117825654,3.7150484702503848
820,94.82711549899628,0.033719054901053244,36.504631540629354,-0.6858245543705834
821,114.0934744018558,0.26859358104429787,36.96789810252364,3.9363684740811116
822,122.9889812361925,-1.1148221873524142,36.213185488941505,4.6713700881827345
823,96.37161439560342,1.1969109487613523,37.18604073933369,-6.9098139249350226
824,95.54497478599228,-0.5968947847319713,36.44237673181159,8.748832529404151
825,114.533844771177,-1.6744694604532453,36.86084487206171,-7.793811265690708
826,115.79572145730712,-0.1090234199634638,36.81396783733434,-5.676581406193866
827,94.77139972846732,0.03437530902646009,37.14044556330059,-1.3089383681204814
828,95.79813182904142,0.16058943317175978,36.72360454122741,9.624702565935282
829,97.18215391139493,1.3621324036850793,36.702347151153006,-1.5412831487669323
830,86.55549488965723,-0.23644883673585937,37.71792823204295,-0.15966945025405332
831,90.81348053515802,-0.11961962436877134,37.142283395237264,7.160393019522817
832,89.95859233247933,-1.1031843812330935,36.71947457398887,-1.5015907128273636
833,92.32202434895872,0.820553502887897,36.87458316409438,-5.8921835646533784
834,99.65315112613219,0.18430906407810346,37.822677476135375,-2.0861741761915726
835,102.3421473253652,-0.42002772729416255,36.88241756087445,6.853959169028887
836,115.50500492814076,-1.9046746934654637,36.65536168842381,0.3543249852756824
837,90.0164595926121,1.4444121950550874,36.6575019249368,9.6532912952813
838,109.84322398476584,-1.2276799644560572,36.725436759505214,3.6896746313107758
839,97.86011155774491,-0.5912780093697056,36.70275113878664,-3.224044681967417
840,99.50536290347567,0.35834451107600324,36.36017607582538,0.2553815223253917
841,106.74819492166604,-1.1965579286166865,36.43789995152651,-4.266090590709398
842,88.77277978437701,-1.4935097782531435,36.58533981281931,-3.34216515324385
843,103.82409746184051,-2.123947582700665,37.29578550922655,22.395421255128785
844,101.66452208213056,0.7209969529056358,36.809381356363566,5.0931225501690545
845,104.92451264008149,-0.5451862447263219,36.89641915545298,4.305489945033366
846,102.89168643907819,2.92727009247333,37.635044012627446,-3.1159015765403195
847,124.55300139910895,-0.9943550656308734,37.64750357496921,7.847920331405395
848,93.62260015748684,-0.9214510234289213,36.858937528431134,5.497078008964685
849,94.69003044998182,-0.5653929702854015,36.684568244658294,9.408106446788855
850,93.76859473575236,0.2431346551384891,36.56778484316323,9.165570741992246
851,94.44522880839746,-0.47020333878531134,37.34638788485412,-7.39544644048761
852,93.62612872693482,0.612332214002512,36.89764638323886,-5.549197446349536
853,111.89016531107552,-0.9785883899886544,36.8067525548386,-5.018939077318182
854,114.20504247989855,-1.381591718463581,36.593167712431224,-4.719703216662185
855,94.29253706250523,-1.7982147394091075,36.615166795494304,1.617261821301952
856,91.67644426895771,-2.2235741679371968,37.16002909574662,-2.8340172604790883
857,104.71415556386404,-0.5180690194750568,36.34228086705637,10.362992703812592
858,94.47776955719029,-0.3009803123932219,37.49743434689397,9.523399410408189
859,106.32931817755511,-0.6314370274831833,36.73307767809254,-0.03230797039519884
860,102.029230208513,1.243405797187162,36.9251820278741,9.77663108074895
861,84.84255885002769,1.228030209608135,36.331511020929725,7.440673136201009
862,115.47505201330061,-0.3348029874445019,36.993817030878816,-2.2535327958862945
863,117.95877673095522,-1.793921113191963,36.83583952865472,-10.046076720127807
864,93.87211309515614,-0.5667051080550528,36.974959700571766,-1.0898419248036468
865,96.12298440064016,-0.5998213939170615,37.73585444918095,-3.223110655392365
866,102.85865390724905,-0.657134962278058,37.08884902289512,1.0325281257291519
867,103.34456789987026,-0.6977189038982449,36.6026704079271,0.44614143437374554
868,106.5854427267283,-0.6534628957248072,36.64434004472672,0.3150882944961428
869,120.1020453876635,-0.38654161589775976,37.297565592956886,2.6184237068958227
870,98.2305277250595,-0.6355410988155566,37.64934664549671,-6.062609735418393
871,92.01702755461547,0.20832250862559215,37.140959010375525,2.0568013878485387
872,86.20680771985472,0.3603687159048611,37.34435637227738,-2.1980807650850305
873,92.69069960058081,-0.9106450871824898,37.30486886166835,0.9999109993184351
874,99.66873027126204,1.2710653260070335,37.70953220667876,4.787049226160949
875,117.94557863517788,-0.9800623018406142,36.02520491363698,-6.121998866105148
876,94.82388700963828,-1.6178006138153371,37.33360946965227,-1.406468263347847
877,102.23787951638899,0.3807780713650517,37.49186802195178,-0.5926711701443209
878,99.83577103927247,-0.8174081344143398,36.330638146932216,-2.5713448578532043
879,111.88393273448084,0.321291470757388,36.55716590799679,4.499147480664786
880,125.26932425873622,-2.4036686011005304,36.574608625685926,-3.601941794002358
881,94.6913122707968,1.3924559414830675,36.635604901811305,-2.777001997211694
882,95.10560557481777,0.6722934080404022,36.759141474532235,-3.549595664760323
883,110.44160877069072,-1.5004765491630017,37.12130140652747,5.460277057194008
884,106.81891489626311,-1.4787771238462857,37.432837325583684,-2.4622205620610838
885,118.46707325736034,1.6722659040975276,37.54065847888427,2.300226954417781
886,105.83928185325964,-0.7373799034979586,36.58108846941611,9.878525506150371
887,96.40707909212941,-0.8341848487326238,36.57764850064851,-0.3740921017529266
888,105.9065483069231,-2.2660520941492828,37.65791092000811,5.560303400165787
889,111.08703580582907,-0.35077820560155415,37.32337196770932,8.35677042046564
890,108.20482181197364,-0.22771961483575284,37.0414324209345,5.135957800202069
891,105.07274031107298,0.7154930967694852,37.23666833777748,-0.08400657988870208
892,110.66674689589154,-1.3990784281844755,36.98509810907428,3.2105387949930675
893,111.69295590445672,-1.5202867922406096,37.26229234152381,-6.436892965676727
894,113.82158991037527,0.45096263477647686,36.83196665174713,-3.9002157907497597
895,106.48709887589642,1.0067300712270648,37.134402467219616,-3.0233759081595952
896,98.32881919683146,-1.571152351117883,36.24472697481525,11.20306060087141
897,101.46713686433323,1.0815140862997412,36.65610785258728,-4.062922571276335
898,112.06508966508358,0.03754184148682145,36.66149441160483,-4.1373837563091485
899,91.83064329012764,1.0918053390746456,36.812804983396546,-5.219604901244917
900,103.68673308872901,-0.07022036151761657,36.536743372610125,2.7990588096538045
901,96.0666118767264,-2.5222779174879504,36.73322818708846,0.7131069633444141
902,100.28744822934817,-0.15196738231603887,36.24279296880094,5.433794885132825
903,112.78451862607298,1.06014381867127,37.27435023819745,3.3562983303867715
904,101.91099068019903,-0.8937460190837143,36.9587432405443,-6.901949233620337
905,100.46436548156149,-0.3879649689074522,36.14739619611199,-4.036388850051853
906,86.40143859020081,-0.1761335035509783,36.58258504472666,6.826643741379107
907,107.46253566027221,-2.899513879868482,37.168300713781086,-1.016491222884025
908,106.45484181141076,1.6713475754374763,36.728489026807104,5.937959090090064
909,121.6325472330546,-0.9013756798971745,36.651529269930954,-0.7484047395765853
910,96.92221765046999,0.505735432472799,36.962703661495965,-4.8382821414426065
911,102.1915032766394,-0.08670113614820872,37.17179876758911,-1.5163038883335305
912,102.49383683710755,1.25761905635936,36.28182377148042,-4.84024897774848
913,115.77453279763475,0.4060561224280809,37.27506424060894,-2.827763812012119
914,99.04704467613048,-0.23492427152097461,36.59985335919631,1.0046285328262299
915,102.7902152577034,-0.8935150925192802,36.9910360158751,2.5580254518451024
916,106.0789650971654,0.7978507013821389,36.98228992965424,-7.95095661627149
917,101.86609123156359,-1.8734413039546167,36.73646694088011,-0.08684003754549086
918,95.53566385449471,0.6458904202758925,36.48817012693464,-2.933078677798762
919,101.94089992898307,-1.0990447515548727,36.85715672595387,-3.2420740447940624
920,110.73631749859771,1.25228366195664,37.8126651545376,0.6634230956653842
921,89.73484700588939,0.1612995426626951,36.319162484768185,-2.7522593634460604
922,101.32969674146877,0.6441237678501087,37.846156509552436,6.910689974233371
923,134.1996578033769,0.08198881382471937,36.87013941446173,5.940309381255301
924,111.95046628924842,-1.7523770951409967,37.01768570854432,5.909141469710198
925,84.76813095216225,-0.8607291633953384,36.45664459430763,-2.4745509774515093
926,94.41078152728412,0.6723893376113824,36.61436529166126,-4.812494174596612
927,103.7721187506452,0.166655817359844,36.74854517498099,0.41014964694057765
928,115.65524029234341,1.180989905305672,36.47715251456104,-0.751741831431336
929,99.34249738927012,0.40327456303717174,36.895541021314564,-3.044115812116824
930,94.44800473306802,-0.9667018907026598,36.79649205409662,-5.878672233334807
931,118.8115706944059,-0.796064137720634,37.92539057121787,-0.20758984634035782
932,85.51986099583756,0.10291739052323721,36.41701290715977,-2.0203472512623666
933,78.01194043379918,-2.3140440660001054,37.05134525837429,3.4417351851900984
934,104.40014450053333,1.6734418856229851,37.123923140950915,3.325530257607397
935,94.97945775647389,0.44174673637755724,36.46483972567408,5.5039990271135855
936,89.78767182869287,1.2270345970488723,37.343413747726416,-6.296477759400191
937,107.08356447299353,-1.580603940809169,36.80083649355919,2.005291538468163
938,102.43800713771199,1.2445651603552557,35.753805174208466,-3.6373285311683605
939,94.35921369263272,2.2314989110277486,37.32992480605228,-6.102071054055424
940,87.19695601329106,-1.3208783553773176,36.44152955794882,-2.1430111847435502
941,108.72457328280144,0.7714017949037666,36.47611252693045,5.3435249006730885
942,106.50201177958661,0.0011099446872931465,37.343951041446196,-1.861591767852421
943,99.00824136220618,-1.5444338482482443,36.82641925879078,7.827273299795561
944,118.46636996047665,0.4928839718518698,37.45888607527575,2.7443925776016673
945,89.29915233673847,0.8336032048373484,37.60508304768266,-1.970452394902885
946,84.74474829075261,-0.6011265526688468,36.67753576983885,5.800242144532043
947,93.08091930118755,1.1659165202552229,37.39663124797752,2.2269838605714285
948,99.54413983644503,-1.6667634067891977,36.62226959930356,-4.662796942233527
949,102.43339449322691,-1.4947561464496442,38.11655795856609,9.294013177902576
950,97.5876394214367,0.13659739558875236,36.653521497734395,1.297394115432383
951,103.52055396514297,0.025385277972271716,37.51304372048,0.09398095992745914
952,87.48460575809555,-0.7165734884241052,37.42189501294079,-4.27766334952808
953,114.4376460407326,0.8095944359718859,37.15804391105447,5.89769133803869
954,99.17848821607431,0.5308943142159493,36.664728419291656,2.5863771368065325
955,111.17295831588127,0.858139070934016,36.924301254029295,3.1461909014762046
956,103.42725346377703,-0.1231364353522676,35.923205943527726,-2.5376567176288423
957,104.56753219153784,0.6025802679783409,37.112210019191124,4.170502859550342
958,105.69767280232205,-0.44565030302999453,37.174807665514194,4.559067967854008
959,104.47708560017315,2.0538186900865956,37.06674970953068,-3.3438911939056126
960,106.42722759867544,-0.8125457701219858,35.51334691435372,-7.084950698404954
961,113.29152530132431,2.105297429458312,36.367181777455095,2.9068652966946202
962,101.9652116970147,0.034887947089408566,36.62595450857567,-7.866734748028699
963,107.09003757588512,-1.3755108895687427,37.14582946659452,0.7600788891888967
964,99.10264305712774,1.368079350488601,37.14466945282149,-2.2362255239365356
965,114.40117215449473,0.125901388394959,36.91488810401441,6.0933260539446055
966,93.2360769794073,0.851124098380238,37.31762276830198,-1.9642194538360362
967,118.00940432910815,1.2238559185425932,36.48687881234855,5.53636486001902
968,99.59842049355656,0.33795555414502526,37.305117502847,-2.571047221815131
969,85.69224897881952,-0.5922408448128146,37.237371052419945,4.999955025298055
970,101.2810441491079,0.9757133776692501,37.188777366418954,10.301707719184158
971,93.1894834252512,0.000755507454595548,36.90897978445717,-5.340235691831202
972,108.40643548988724,0.685857818608419,37.91537191241563,1.4601786086545399
973,93.4737602069761,-2.1537305737914614,37.24659784424494,13.743912079550324
974,95.5381656678522,0.4469817170098519,36.51583206837322,0.3329441345146084
975,81.10459269054469,-0.6385858251450302,37.124152737867995,0.30894135114824134
976,95.47693680750923,1.6533096371785305,37.37624168853711,3.942494736755098
977,75.76120673371044,0.6230873478890951,36.705945700537846,0.20540432047377086
978,84.16097176514276,0.23985774584929662,37.54463612346555,-8.536129972852763
979,107.60414656144297,0.48630999335022157,37.191016852858006,5.661436874194693
980,107.85800158650832,-0.9984408528767182,35.82876083116733,-10.014742069325964
981,104.25457561784965,1.6232566905280539,37.14983598866896,-2.083958255691709
982,90.33023856870787,1.9913704184169045,36.79698542279364,6.037128745783241
983,99.5228864385802,0.3929135105482163,37.268589907270865,-1.7827121432139288
984,144.15330160849408,1.5904035685736386,37.47210742012591,-3.4684824623220205
985,88.41635310807457,-0.5691481986725339,37.09758102357091,4.396319525832803
986,115.0339830176715,-0.7971135662249808,37.83262611697235,-4.255573934171933
987,108.77362290575671,0.04092474872892285,36.91064655771825,-6.111128597959769
988,97.79035826170336,0.43494103836789866,37.31240891152694,1.3725699374664169
989,100.26885838994531,-0.3939866812431204,37.402471286818674,-0.9146164920629546
990,102.08382807947552,0.5377681903684838,36.95132701555363,-6.21836557094421
991,79.58265131575709,0.30638948207341404,37.38938715398889,3.18476269997435
992,97.52822617479403,-0.9983067752910549,36.702663506418915,2.322438027886169
993,93.18015752002202,0.5187930174517212,36.78871579048939,-1.79877508302816
994,89.98379990105084,0.8635282425215212,36.343755654831845,-1.4566600306247324
995,97.18899707114045,0.17146931759039094,37.120704558185025,2.3519637100457826
996,117.97686526849523,1.1526481032616924,37.16262583792717,5.951807098760331
997,106.4084286126701,-1.217403793496952,37.589631579289616,-1.4139660505466243
998,94.28821010217203,0.46795042213185173,37.39557000217794,3.2734424650407226
999,105.72582781356158,-1.1702807063967748,36.85760222167628,2.8260010854229956
1000,113.99355436586002,-1.1140813582330875,36.41091015633286,4.396536463544882
1001,109.24633682912769,-0.63093083373779,37.21642520125999,0.19654599371732656
1002,100.59630369920174,-0.9420601835742449,37.55537658620732,-4.5616275703317894
1003,93.53063222294426,-0.5479958187411378,37.377592486901975,-2.3124957659998464
1004,106.9822331361359,-0.21415031071118876,37.542238762428646,1.7142673289082397
1005,103.9348538542175,0.8371544863313845,36.89405523440088,9.092321891907964
1006,108.95193220027733,-0.32115903870570245,36.766690515912174,-2.4200981159813924
1007,106.35171801681969,-1.5856257067695927,36.6315493238841,4.023937217636996
1008,110.49552715319335,1.1400678464951604,36.972051766693205,-1.6402822533838002
1009,94.64764788439432,-0.8370901336150396,36.96070460201559,0.5523437794306786
1010,113.17394065634326,-0.05872042710462872,37.103338814269556,7.576983746317962
1011,101.975996046924,0.4465365069407115,36.93535127148225,3.821462907102166
1012,120.75260872625265,0.1996104184027828,36.933186135136616,-6.206496363704784
1013,93.10812181910433,1.0941795475214755,36.61165297351393,-2.8623751190579543
1014,117.3596380316525,0.4790031433927589,37.470809506775744,6.281106722206794
1015,101.97910783462648,-0.861309579697108,37.038259031121854,0.7093902131424766
1016,93.48581996385552,2.178562173991662,36.91277803285736,-5.744200598079318
1017,95.16114165945679,0.19433346333823323,36.626285373375396,-4.094762224868605
1018,96.7965269180568,-0.14734022662150623,36.33404344480446,3.5174676135558594
1019,104.24165946401916,0.9639254230555709,37.653982096274675,4.972051406088151
1020,105.228354880355,0.24945094593007222,37.2773193540659,0.08927650741087202
1021,94.26299996061421,0.3992281929393271,36.18804107871502,12.376569004680512
1022,99.75645407739017,2.492183998600687,37.38157115035483,4.120761817278193
1023,121.42270358611864,-0.27512142825504665,37.461240585116556,-1.217405348164502
1024,117.27543170100711,-0.3177608940173958,37.062188061150465,-4.078530240496721
1025,104.36323669674032,0.1165785120124638,37.79905544787588,-4.874421523195207
1026,100.380034781682,1.0715159355810386,37.10835982106144,1.6771066024018475
1027,101.20031326718261,-1.506534030190399,36.291588236025405,-2.443885224567034
1028,106.13517972730416,-1.9655558914765052,37.18258450052416,8.368718769917123
1029,89.77207434801595,-0.5871152706201476,37.12244865085636,7.331559014589297
1030,97.42623462576655,-1.6339229590592872,36.69835157561092,3.1653327374861364
1031,83.3141592612241,-0.42483134752563845,37.28677941843871,-5.894980864784478
1032,103.9922312260528,0.5024996961292902,36.16616736690457,-3.361094362762025
1033,106.4719593970274,-0.8907488635522636,37.495283413721396,6.278387628705504
1034,95.16813537700627,-1.4268265767813424,36.56093914819727,-2.8153309989755098
1035,115.73986763290033,0.06933716171534797,36.50752693744148,5.610708669597622
1036,87.7423433699766,0.8625434846151703,36.94308761384626,2.373019615173805
1037,85.3562511979018,-1.6949734385166126,37.21648646402182,0.25858942406593655
1038,102.24451818559972,0.8202323983059842,37.081962031796714,-3.5141640646772054
1039,110.47098302612154,0.8173062037383262,36.62867041711381,-0.47121921762375796
1040,116.83927691457869,0.954085102156628,36.74695535440406,0.9482397743744897
1041,152.69353844436927,1.2184802148716865,36.433478826311266,5.162694491505608
1042,110.78680833431295,2.202013924659616,36.887660049185065,-4.428678003168773
1043,99.61491530499293,-0.3560920486190552,37.537510607255456,-1.3140842126305756
1044,98.2737270005918,0.10957158007785811,36.997868531178064,0.22411565966142377
1045,108.83659937486672,-0.41643843324802554,37.42970712737973,3.3133917884308235
1046,106.52322878413419,0.0019768447558107757,37.72770066886309,-4.542321687613884
1047,84.2360784301575,1.5328733556363119,36.70599074048152,-6.582848964436075
1048,114.76540349725896,-1.3450144839306688,36.906713373472314,3.3698257585502485
1049,113.80091354147451,-0.8610496721655755,38.08559643053125,-7.5897455747335165
1050,93.7443729849047,1.3771809365045613,37.72217170598997,6.424898573810841
1051,103.95803533437409,1.0200365069020898,36.16379773709382,-0.7796304874145399
1052,104.94030186282738,-0.363131646817078,37.19357415803045,-7.737655411372232
1053,102.60673765823907,0.8544020011207198,37.000279996169844,-2.402101097017471
1054,94.4969484615458,0.34121584249203324,37.41322655542938,1.8956181653461859
1055,93.28376632061949,1.500274609000988,36.627510616257474,-2.6635054377748886
1056,99.74445929008554,0.07450959382677262,36.580195813979664,0.10014874412173752
1057,111.72729019259364,1.0256321138725824,36.6619646423532,3.7003918285264326
1058,105.43600154594432,2.64201191049262,36.71403572690078,-1.010951676938098
1059,96.29385667913894,0.5980991550474662,37.40766208340451,-4.685288382330668
1060,107.71698710648344,0.04932816579484362,36.40939941342556,-1.494919986859205
1061,71.51457379369924,0.7224469852209794,36.68869305002034,7.0742006822963
1062,111.48765700372104,-0.3652808582038849,36.10549380474928,8.42532172666592
1063,82.60286221221901,2.387967705524732,37.503558911706186,-10.099630869711376
1064,96.37559058596868,0.18007103769598148,37.63551504971557,5.455139545957385
1065,88.80330105373856,-0.27293332022551287,36.836463284568104,1.2507385801767812
1066,87.05318524279095,-0.8356890050200362,36.85102531759339,4.619913395600751
1067,111.6082678737852,1.0972201916064384,37.226610951141446,-2.7524413013381475
1068,95.32298798688109,0.8671874128277388,37.73724100368913,-8.84131754750743
1069,103.46503881730716,-0.4973543714140932,37.204305373781956,2.922443943237309
1070,99.53079421120816,0.5764513451224227,36.651229028762444,-4.704886306413584
1071,104.77040827223121,-1.5085559682128564,36.19058871400678,-6.941462157424262
1072,100.76821891060256,0.18497057507315626,36.44243686866825,-6.5920069123673315
1073,87.1700777581143,0.4527563520766945,37.03660972515623,3.0045689120766723
1074,109.9626681944714,1.7073298095592229,36.6723362383996,0.6972623301459858
1075,95.06243416838687,-0.7708188027286894,37.09748385299538,3.912330109373369
1076,84.4341810134025,-1.2783526288023244,36.723537991881884,3.345376272481824
1077,95.71884839034088,-0.8954279609250417,36.47092678435279,-2.104667822918829
1078,115.00759790634311,-1.33656850031492,36.41148418427346,-0.35236786938727865
1079,108.50221742113493,1.336657357758983,37.78117725468662,-2.5571876439126977
1080,96.5134786559214,1.5486392950240366,37.44449387459182,-1.0516388643274541
1081,96.50742295681572,0.3202165779488289,37.86525897591398,-4.83627368990533
1082,96.78364948782617,1.221294945685148,37.26997545037755,1.9524214693716755
1083,120.76747983560841,0.13395838058023532,36.78500429569258,5.375603744908783
1084,103.81935452231554,-0.09511164770076601,37.66167046124497,-4.083065149104933
1085,104.3004164719107,-0.33303761905376167,36.983465999319115,6.406348227006713
1086,110.30283454031843,-0.3103909913775655,37.110420885145174,0.5676074823897086
1087,102.38789159026514,-1.5478015563090313,36.97858781046224,1.2053948820290663
1088,97.40957854179297,0.26425476360733907,35.526547890357996,-8.497147598037591
1089,98.03650150915021,-0.040333910214043756,37.80236750614743,-9.03631154782867
1090,99.28398740585936,0.7453607240778758,37.24550197297888,0.7205818138984097
1091,99.62777763490159,0.0935234964386097,37.16491153043425,3.948660623160038
1092,107.2762954363698,-0.16270370156909178,36.969111968864716,-3.356902218224762
1093,100.519458858073,-0.8711930300076307,37.081713910193066,8.350469502915447
1094,107.3264007721558,0.07215323682176132,36.701360532076876,3.6746798712715774
1095,99.19283419891417,0.738237230816162,37.308289676153635,-4.541706258539926
1096,100.7863519031609,-1.1433389910838607,36.34645082780043,0.15424333526753564
1097,80.01799315467892,0.08747375368073924,37.093034216235274,12.384645668617061
1098,109.16327674702481,0.23304295152948393,37.28078673528555,-6.2128200139985275
1099,103.46488475897992,-0.7180647836182643,36.90066543308855,2.6413496945755273
1100,109.98010109859652,-0.5878563049080002,37.185433896235516,-1.613722763616712
1101,71.03744621806311,0.23061084876621443,36.504332803882875,3.5344814545925605
1102,120.88374704780728,-1.133421018292623,36.51708661455202,6.3363682315919085
1103,98.60410371844826,0.34992371524939253,37.118358560513194,-1.9311854435568372
1104,165.74652507673824,-0.8953543736592,37.339274827310525,5.594561358535869
1105,89.60094072874469,1.0628536930332164,36.062567172249146,11.106016971359804
1106,106.12773905062569,2.3378277453883,37.26101031755538,0.3313736867211739
1107,89.46584436826343,-0.8607568017018197,36.72839924981183,3.9244434374709263
1108,93.76231039304194,0.5342078623746747,36.90359695634629,-2.9522038510163746
1109,119.14031353866787,-0.7267419048820193,36.33024103821748,0.09629654515606209
1110,98.09317599236654,1.0409541737977894,36.574191379906644,-0.8833754635412128
1111,102.17432873179723,-1.265258409085215,37.48306266276516,3.9846796282929784
1112,108.70067730688754,0.48058675842771265,37.01643168699011,6.023379678784627
1113,104.95681887972604,-0.8729889668893527,36.80861079914522,-0.5482742455872968
1114,101.50418905143576,-0.20698458909836875,36.94175582368448,7.668114228664616
1115,103.64961002466225,-1.031025275147307,37.24460591233215,7.650237207808145
1116,124.03415585238275,0.8223504708957536,37.22024724808167,4.234268715899504
1117,99.42381202966415,-0.836980354439587,36.9624864998016,-2.5801326586086413
1118,102.01099046714967,0.5519642593318276,37.546479555448336,-3.059144083699514
1119,110.50654396007612,-0.34409802826233293,37.48523131845333,-4.061906773450193
1120,111.05525932957984,-0.11447237179886294,37.2066860145652,4.745830351190804
1121,111.8703030556038,0.14775590740012853,37.027305891455036,-6.058841037446822
1122,106.38730222029184,-0.7618246716588487,37.32866054755977,3.3841882705550357
1123,88.56995087269516,0.2103671135408869,37.157133710900595,-5.405546739120565
1124,116.33431532301096,1.530334564354411,37.53040003590297,4.117730599209867
1125,88.53654606981311,-0.7780947858327143,37.44978068836915,0.08609791365280282
1126,103.02635465239034,1.1718101432738448,36.49087304929114,6.668192809299137
1127,92.45724149980641,1.4980976334877842,36.45701841462915,5.7072728916063555
1128,99.35861653407008,-0.816154989028044,36.64937522779796,7.175327060010558
1129,103.2876241030348,-1.455054605090552,37.48806934503346,7.3040935914455645
1130,103.21357215450273,0.3019609001717647,36.21184550161438,0.7181541699409886
1131,104.21920754235285,-0.547407522766873,37.197378694554,-5.793965332123023
1132,116.13711269058646,1.8686032191630024,37.18127154554648,-5.262615274986892
1133,104.5353430151398,0.0348075404998322,37.581324029343094,-10.434242646579687
1134,97.55843364709351,-0.8021994080351792,37.090169345331944,-5.418329167140468
1135,109.64087168288357,-1.1471595110117114,36.32839530470805,0.3441182885232453
1136,111.89470488924641,1.0899049590908303,36.520322519675936,-2.7982709041258107
1137,87.72392184863007,-0.5711839740841865,36.40900223905109,-0.9006780220492566
1138,105.97400069849859,0.04382879946042826,36.73102801683343,2.463577097307005
1139,107.01172742310898,0.9558027451124809,36.90854921628804,-1.5203262903287902
1140,97.02436496640009,-0.4842583519308302,36.41727923688947,-5.609144002062921
1141,113.75706813311619,-0.04592882874016064,37.735330995326144,-0.26616833781716065
1142,98.49944412967473,-0.016568409822520076,36.33735931402378,-4.492452433864225
1143,101.25576453471542,0.6833245115160919,37.67305171193124,-1.3539324848953154
1144,98.26928175716131,0.5907443355103258,37.59258151571967,6.713884822115017
1145,100.15579047581467,-0.22011373125482853,37.44915127484452,-1.3525265204808734
1146,89.03724913104799,0.06364906149651771,36.65311669625162,8.854787766738726
1147,85.59949117405705,-0.3717790115234884,37.171225439588454,7.158179934689849
1148,115.94505063224972,-1.4776124069194447,36.36131443322469,-2.8965265428952156
1149,91.53038651681672,0.2576008573981294,37.45545351751687,-5.555618832078878
1150,90.08607650543692,1.8921917608330678,36.963007609231866,-0.26277080960096705
1151,78.46609886396286,-0.8837191406910628,36.79533989270666,5.766638816984445
1152,93.61038252310497,-0.773029709602703,36.38812757667186,-2.450954531143441
1153,86.76910206592501,-0.8707277716437414,35.76124694068549,4.540451491310695
1154,116.4201516013637,0.7245917787231225,36.48072957148212,6.042199945680441
1155,110.09817089342634,0.4484854541964401,37.556399097806455,-3.8701282518130293
1156,93.11849654822277,-0.1585376924164567,36.7985832857626,-3.3802554414429355
1157,122.52435805344308,-0.918019061638965,36.915335571442476,3.563310160635034
1158,109.81765486991594,0.0923767916399243,37.32777717914423,0.759237748207853
1159,96.75168616491378,-1.5646221273358043,37.90283443905813,-3.430307632718394
1160,75.00594285126427,0.14342656685749322,37.66250232747282,-1.7609022405979367
1161,122.90942572590743,0.8715243860879341,36.51383249809191,-0.3525977636370957
1162,86.10427533236404,-1.2511991366336779,36.0287147142813,-7.824272124777303
1163,83.54601253043108,-1.5325182768296637,38.17980712955005,3.828215532413476
1164,110.2257043200964,1.5794378916948595,38.13449580582973,-2.393460944695956
1165,124.39752406339272,-0.6117596395045849,37.09422679821464,-13.918581118990494
1166,113.84272818510519,1.135947845943822,36.36475587720909,-0.11935484154726358
1167,105.6390912005236,-0.1539976651978317,37.48161326694697,-3.707856294467538
1168,105.94754341665286,-0.16195481694132746,36.94600815699369,8.444110961513383
1169,108.53415558780307,0.43841269949664524,36.943509438446696,-2.9272251045998408
1170,107.58928589786765,-0.8839988567464406,37.447229421552564,-5.488216817893054
1171,102.81191423969376,0.13249714349564554,37.16718737343665,2.5396633498100796
1172,101.04201103951875,-0.38148941482409277,36.40709254449253,-3.302236840037916
1173,99.37406872100478,-1.3204934434050315,36.83762903245901,-3.8972810062611614
1174,92.46035411133323,0.3374820747263991,37.330576464330676,2.54750691412203
1175,97.19324923133226,-0.26330780687791616,37.25512611120251,-5.20233653944783
1176,83.07043185804615,-0.1570248284447078,37.131008287179235,-7.286368290997265
1177,99.0166037320525,-1.2101609434141578,37.46671147723793,8.629990010471685
1178,90.11408892849083,1.5914003677628041,36.81914150609137,2.897493688003224
1179,88.96410682784229,0.8767141863861161,37.08933488760954,-1.3210464249718257
1180,101.79894151153478,0.9641558841719786,35.3122104499112,-0.017386048509680112
1181,113.920022863446,-0.305444702441682,36.77517490307859,2.5293217905807803
1182,109.18316606002313,-1.7291828895034203,37.38195145428782,4.8666872480671035
1183,84.29499396376823,1.9529173824895107,36.804802766441426,-3.7798764565750593
1184,90.10371863429663,-0.061097508005868134,36.766886304141444,1.830732629828412
1185,109.40771187988216,-0.7487997960200538,36.47927352411259,-2.5335208810511927
1186,90.1751260646169,0.4168015744831139,37.501682946364575,-0.9449062225631215
1187,97.75366850002976,1.1671207880032974,37.27423163677029,0.803464337324523
1188,105.50052099024552,-0.023050556085466193,37.41270729891154,-0.033392865263361056
1189,90.31655545136366,1.2785751679393744,36.13689301902105,3.677834491512859
1190,101.0537550614596,1.0829999385168685,36.91977497836718,2.4354327955779698
1191,86.65974505081796,-1.0763811874020583,36.859944496124996,-7.540846046860889
1192,93.98632356048786,-0.6737901056594764,36.859714146700725,-6.78911603532721
1193,103.19781934142537,0.9575371632797675,36.69198622814102,-1.8485834237964642
1194,84.0700626646833,-2.712612563810438,36.82694786410999,9.143126312209125
1195,104.40474737960399,-0.14945569316498877,37.424822391353324,-4.257959162508012
1196,99.80362201073319,-1.4308312016246718,36.043574323326084,-1.0411135480637643
1197,105.52489954417148,-0.47655380143352466,37.88864738401523,-2.6817301347826095
1198,102.23914134064661,-0.29882008902920415,37.24192056251323,-2.7702219204403997
1199,113.64140429973844,-0.35824437790750796,36.978834052169894,0.8911987195252778
1200,101.25224502647907,-0.5522612521126086,37.453417073186465,7.0038863809782566
1201,95.70594458874747,-1.097143649628814,36.27408262741578,2.2798419994029455
1202,101.22297503032284,2.291911266818686,36.667649547424496,-4.017654807135461
1203,105.43298029036387,1.8674620041613508,36.93946228380472,13.766147554016035
1204,100.48860070325705,-1.162065820256283,37.68278018521609,0.3928661048056292
1205,100.40591691203882,1.5821167513035672,36.97675170943672,-2.886104781910567
1206,92.98008312193245,-0.3994654904728529,37.22502733559257,7.060481873387947
1207,93.37099082449052,0.12918747333171046,36.70521050203194,-2.3453530897190924
1208,85.97394728200307,-0.06327395989691587,37.243421034483745,8.314568274937214
1209,117.4957674318694,-0.6597486412539658,37.83861979648723,-4.3532139548333335
1210,87.56136764608715,0.9838523436061467,37.49776334583706,7.150151944606846
1211,93.07094802204092,0.1258865305766578,36.95927200611106,1.0052383214084721
1212,92.81592734430802,-0.4765514232192414,37.33774542363273,6.455261163512168
1213,108.94924376944441,-1.3045894438004726,37.2887584773036,9.508828543507722
1214,97.05050321707972,-0.8935950137191204,37.25329383584864,-5.663036452606269
1215,112.47742072673734,-1.6413801156020968,37.555976680430206,6.378859103791612
1216,93.26509375756132,0.012223548415169466,37.55223885191873,-7.044519522127024
1217,102.78994162223802,-1.1966655922843958,36.93642070156256,-5.235921776241142
1218,91.64652946740243,-0.26556051251854124,37.32093953073888,-4.0170472989621855
1219,121.45149127773388,1.3701018536103708,36.8084525394201,2.518183180889306
1220,88.12401580970487,1.1992995729215856,36.53846380184221,0.16507938467429817
1221,103.09820710227028,-0.03227689410261781,36.865253122148005,-0.8356804208141799
1222,106.33776880932099,-0.08708472614314992,36.96186092413021,0.7311763951118049
1223,104.13799097451498,1.879874549421008,36.169209505411004,2.9564479464673643
1224,98.14712341122292,0.5207561203587112,37.43016627970836,3.341240619706764
1225,98.70179300266574,-0.3278064598765229,35.6163372886988,5.4708341780756555
1226,100.4381147197911,-1.426018117120452,38.35740846974316,9.100174063837198
1227,98.52997998371511,0.39387321816474324,37.75093956689816,-0.10681186220738487
1228,109.6387911679491,0.8293237725828624,36.86949563791384,-2.605444810654581
1229,122.10523001591352,-0.6316515245136439,37.00471318028189,3.0676806459259414
1230,94.42508214992166,0.2912027551380325,37.15148593679364,-5.721274081323101
1231,86.30197020420923,-0.3635732949150291,36.70541980600553,-3.393520660558057
1232,99.11717951648745,-0.18403239919900272,37.09630957379347,4.99690473196395
1233,125.79709337654319,-2.4878220575623313,36.928000011149166,-0.6206418740885209
1234,91.9632543203027,-0.2217814037161355,36.95286364138452,-6.040962291790195
1235,116.39116805444067,0.9693693024080543,37.09073053174032,-7.4490153268258705
1236,116.77700814076441,-0.6314025555665582,36.343236100823006,0.24358339696903647
1237,94.46411758292005,0.05252636821531626,37.01978486206682,5.709482684840049
1238,105.68983079185276,-0.7559507066919204,37.08172387330874,5.642728887655933
1239,116.28396623128538,0.3604416762927729,37.064424810677956,0.5544025144641868
1240,96.20872259012513,-0.2165231975361736,36.89208462228192,10.04454709548064
1241,97.96419639897638,-0.9392415406820068,37.56892888798468,-0.5241018297023134
1242,94.18319086051356,1.3325514676651278,36.823173722559225,-0.6928381169870539
1243,89.85243269307134,0.9289320135322151,37.1136629534116,-12.837179548695
1244,93.50722454933992,-0.6049067639281748,37.64864876696277,-2.236814745806078
1245,87.76059733237743,0.4977883094177774,36.96031192998984,4.2600751745424725
1246,100.34083468259226,0.5374120028203807,37.107231633733775,7.81980668429852
1247,92.30026768941359,0.642301235011176,36.95180768184255,-4.151173168336423
1248,102.33785911790747,-1.6942558959950778,37.6186848967818,2.3112616464652422
1249,84.44104353796372,1.006606541032628,36.87113771920685,5.234395161616439
1250,103.30880232214457,-0.5696989629257314,37.641677288644104,0.05604076597949543
1251,108.33528961608924,-0.3578279334412669,36.94820605267647,-11.416402287636151
1252,80.06264357428545,2.6378817522602,36.570270138275994,1.2364499978712615
1253,103.74056569847572,0.3018733807210118,37.33968658528706,3.8071531203044655
1254,112.27668992473292,-0.3863224754471755,36.84766608312217,-4.737114475092294
1255,87.90358981308795,-2.205294372755906,37.31025044954958,-1.2707726543719349
1256,116.72572386837703,1.3897641339463556,35.63529780753813,-5.77748021064382
1257,104.19019009366045,-1.3452096708086025,37.00260263094747,-12.850737742901764
1258,92.94988144241591,-1.0034389034995035,36.77019735062126,5.135022058938282
1259,99.44230922342294,-0.3313522990878492,36.46837065673436,-0.01874266900925811
1260,165.06532907345073,1.4164117917002925,36.7233794990801,7.988374983524914
1261,100.76005391412411,0.7732399866657592,36.713148427853675,4.286610959530886
1262,105.38755992446369,-0.15783750984025996,36.97600710257471,-1.7710488083272447
1263,90.79326406920634,0.308292063638821,36.31633676935752,-0.4159033005220434
1264,101.69360824036077,-0.6003856928711058,37.15813689012986,2.8308869538508623
1265,85.8628550309502,0.13965368956535082,37.68310739260289,4.8344170837787175
1266,98.88773938651299,0.07333674477813668,37.14046424847391,1.6133531537100572
1267,90.9609235853521,0.9687698956813533,37.4044943046145,5.527965726447421
1268,92.64470057410233,0.9671781224389495,37.5472812273069,-1.4833436833723577
1269,112.36093175210438,0.4939773822056448,37.61824475609209,-4.985717733928431
1270,110.9131012059427,-0.36234755754610226,37.93506934641065,-0.3240462678056511
1271,106.09138120907177,0.7418222943901266,36.75039900086203,1.025924453680918
1272,89.07687235327421,-0.0919684662030466,36.64075800741944,-6.007676973696434
1273,96.83591550305198,-1.081914368713133,37.39173282416237,-6.68361042073311
1274,112.13097699979184,-0.40328779191093866,37.3541331098287,2.2369314823671376
1275,101.41716913639905,0.08452698378432454,37.38783764980784,-2.031784256852118
1276,123.19329539981695,0.9102157836647453,37.944641227125125,-0.8292045283100105
1277,103.93317839394372,-0.18352817215715306,37.00568495439925,-1.7984633285041174
1278,101.92049116490031,-1.209198711239606,37.213078279823094,7.603004508816059
1279,96.908835357975,0.05674168329681941,36.50980587425826,6.308805801975001
1280,101.33540904782282,0.11345604005655238,38.06766056198798,-6.18676845019584
1281,98.47530163619456,0.18583762890275304,36.831727539395445,-2.663966065402235
1282,107.0810867668859,0.9198715159544302,36.84589203591958,4.250021339847965
1283,109.56702316794585,1.0189232400898984,36.82662505449588,3.009681185516211
1284,92.14010539492051,-0.5942108723816666,36.677552070677834,-0.20728981164892815
1285,86.68767046442221,-0.6161434580489434,36.63528147557618,-5.688001024821176
1286,81.63794626896703,-1.0401987109554731,36.73814785855524,-3.4127002307677285
1287,105.07991326912544,0.6988156702804763,36.31710203597453,-2.5838378377314486
1288,88.96633393826127,1.4488201083377155,36.60734103986838,1.384971655595503
1289,78.47109407047517,-0.3150819279089234,37.97448155572381,8.518635773486189
1290,103.88578604530964,-0.2414305647249931,37.36782757182068,-3.43440117394064
1291,124.9299951743279,1.466782556898976,37.462952088363856,-5.130176237776201
1292,99.93929088460106,0.5055578532150077,37.58860439370846,-0.5429323841397165
1293,108.38490774451643,0.43623570480105506,37.91706728218119,5.158694902570295
1294,100.81829358547564,-1.1909165059737268,36.114288724278076,-7.234414833803516
1295,99.01110346808858,0.678728069279419,36.38505844235673,7.268170754374738
1296,109.19076482987768,-0.9291363405097582,36.598138169552655,-0.8601568105783475
1297,97.09725455811349,-1.1340201859349581,36.7651351017552,-3.6716000115668685
1298,102.67392314071903,-0.34677157676671216,36.849715304707374,-8.000946433810798
1299,103.21697806196013,-0.5857927234486902,36.77651122359698,3.532603867103137
1300,93.31909546356951,-0.22159969438503932,37.10965445656603,-0.8558559762076741
1301,109.92042349536523,-1.4409816345249187,37.01764769537261,0.853527413772534
1302,160.42170164460703,0.9588163064676725,36.63858260241088,-4.504058705056819
1303,92.44254840507155,1.127686294516429,35.912225611506216,-1.5954801712551188
1304,105.36509843570404,-1.9473424741408143,36.50356564731065,-2.432906231773689
1305,91.01532018208962,0.9784578056665502,36.725380673343714,-0.5029655268910378
1306,100.28181157369129,-0.8105286298216263,36.87646028159614,-3.3477616318790524
1307,99.90881003355797,0.8569755369827861,36.43516627034473,-7.670904803436107
1308,110.85895565831578,-0.06844649266641564,36.75459676675179,13.642498726483034
1309,104.74698232879953,0.028775564080998586,36.4345063057572,-6.81702123668757
1310,99.74973041254856,-0.1850976494212187,36.937090324225835,0.9072950347126949
1311,108.17766299200287,1.2121292042334861,36.46345433581869,-8.860139142120211
1312,113.90207549017313,-1.2395880125250283,36.57554767181477,-9.985237183089875
1313,105.57810306351863,0.6078403387350085,36.34565793450543,0.4891324592613377
1314,100.10352619843381,1.1013301648895504,36.923249652215105,0.8718379388415164
1315,86.8816376764984,0.7163400805404107,36.5667761150238,6.3074949540119185
1316,89.34886336924627,2.3246989143234176,37.453392133337715,1.9977342050785292
1317,96.94775295645333,-0.5289467627246989,37.20292513334645,-0.7490535937289549
1318,93.90487797840717,0.9573048225935312,36.965074065908176,-4.748001220325021
1319,98.13028697014553,-0.10609063534142033,36.60125725132811,7.4950603411677434
1320,100.56649924897107,1.2334060763526695,37.190260152658155,4.64425623025112
1321,105.2969275435673,-0.007688995721369474,37.34535044467432,-6.2316473887421235
1322,99.29501221940909,-0.38787578186246957,37.07134420610082,0.18981864105317645
1323,104.86501643826202,1.306072203871629,37.80185092773347,0.7202611576324838
1324,100.6447441481012,-0.49156193901893,37.229818659037406,-1.7282682830283456
1325,80.24533433646128,-1.4127257589005562,37.456803608784014,3.8592524290339743
1326,90.60664606181246,-0.5168468831738285,37.06678270776799,4.158665691740885
1327,98.55912444278384,0.6190329465885325,37.337832226628485,-0.9524284890255292
1328,87.90305257158893,1.3920387515870913,36.60160938366541,-1.4043462289882922
1329,105.99928729996205,0.11112937529651211,36.7708008183936,7.494792313337658
1330,115.30750832343698,1.3181970672340253,37.17468177674119,4.664194461811186
1331,112.18761851697317,-1.3581749214775936,37.17104974077869,0.36180194954192235
1332,97.86557129069791,-0.4432634648179029,37.25380591147162,-8.146045195400268
1333,114.90726136849952,-0.28857511715410117,37.55019644613937,1.7200005315251796
1334,101.48667457202112,-0.11455942747251965,36.28751441409229,3.490417324588341
1335,96.62914028881961,0.08409438825019651,36.51277372619485,-13.772608141991864
1336,93.8659733645906,0.6909109573921928,37.11478632053713,1.2593472415901275
1337,96.97530313511872,-0.44480683817049027,36.63781818409827,-2.083459933978677
1338,96.11823181458772,0.1390286869531256,38.68888412064468,-1.1042714006477579
1339,101.70416222375488,-0.04512289032405165,37.25785980958507,-4.536904763816604
1340,101.60573981049865,-0.9258899038911499,36.960834575534925,-0.7409464520182097
1341,100.03046020153414,-0.11366668908143539,36.74226536345807,6.959957880906656
1342,104.3693816974635,-0.14365952989711814,36.75991885840348,-2.231992494077578
1343,111.90646274786342,-0.1650805650030461,37.015070330657586,4.827867793965918
1344,109.49554135441323,0.03175945658145075,37.05599096631063,-4.031656094398051
1345,85.15102031550097,0.07567354061338613,36.77165042765324,3.793780963280194
1346,74.46078865098045,-0.43229517910733023,36.86342387674005,0.008279278109756162
1347,109.34319911239274,1.2727147339712648,37.6721422876173,1.760124143946403
1348,86.33121301584579,-1.1694806292030167,37.69225248132552,0.0357662804874376
1349,97.75234598107316,-0.7209701084698963,37.12601698996744,3.2081261622060424
1350,88.2988697394064,2.779963624223556,36.329370136381634,-12.83792558966879
1351,81.98019562419981,-1.03799135498923,37.26925157831952,-7.099126567287848
1352,105.41462728204787,-1.3537546747097586,37.77714122080551,2.085402490043223
1353,107.59155160302647,0.7344767450012178,37.68489055098119,-10.217691769481178
1354,94.2348959927328,-2.077119853773874,37.36721292640483,-2.6529017782360462
1355,74.0895770785509,-0.2352739099724389,37.71121147764291,-0.2717042051832487
1356,94.53755551747517,2.1458249250764885,37.02669213623951,-4.140700688064483
1357,103.91804005402547,-1.5449359221534005,37.31405148491685,-3.457807013468868
1358,85.21088431225871,-1.9819644857387133,36.65961221683741,1.3579110007679618
1359,101.83359919779156,-1.4991812019576982,37.14613272807786,5.0464747788990465
1360,99.84690150827005,0.8983595683469856,37.664767121985264,-4.7922469062740385
1361,105.79291499601088,1.1247767199858125,36.705288294256555,-2.875290980936851
1362,101.19580368414154,-0.5125887969785088,36.569278285267856,-3.6563048666352245
1363,90.26931059118445,0.6832124040010689,37.048744469511846,-12.106898759386393
1364,111.96571501664491,1.3902553275119895,36.886668898138,0.7085589515875436
1365,149.7820308284454,1.7873464144298254,37.32457386053521,4.673588729142461
1366,99.72695460490068,-0.24633528117984818,36.77337023702648,5.083216036579411
1367,90.66732040926804,-2.301471717669987,37.85921980780136,-4.3538318822036945
1368,95.5671774880849,-0.8208789224096867,36.355161951019475,-6.258490242600713
1369,91.15197285973099,-0.4268041949352576,37.62686739310987,0.10802773795842327
1370,98.27053940076577,-0.2589387965783906,36.617575385845946,4.146368432832336
1371,117.11708480142343,-0.1878594010087195,36.102008632707985,0.7742522415519197
1372,86.28098857068643,1.1188945979306693,37.11893757817443,1.4465231793688063
1373,83.86438602123259,1.2744284266875814,36.87269600699306,5.709154638681167
1374,114.71170327493608,-0.17167365392478334,36.44519531604848,-3.695682796153517
1375,97.90676322848134,1.0984848760518187,36.15931155414237,-1.0998504333651495
1376,93.30927261340084,0.3576613666310894,36.99581960636427,8.173027558806007
1377,110.39904687396077,0.06450597286257172,37.48791844581191,-0.9840556154881348
1378,93.94384460263136,0.9065441571099638,37.29247674654322,-6.336684829832856
1379,118.26009713546937,0.07225204823791581,37.02835332441963,-3.346780481251474
1380,106.7792587133927,2.0578111770977623,37.23942378660887,-4.690899256106212
1381,95.12088591854297,-1.4384111667945592,36.98639293381107,1.785812928506353
1382,121.57308213265503,-0.5151708990920177,36.28513787848482,-4.479735017943894
1383,152.87352903983435,-0.1265188969539503,36.28955300738828,1.355171264306223
1384,107.42095372009307,0.43945269045799057,36.89841573550766,-3.6803260927032486
1385,161.75266418319072,1.267960487103089,36.919673356816965,-10.61689269199114
1386,113.01741289398798,-0.02439856723615665,37.425491339253384,1.5330989349096105
1387,115.61511196726853,-1.4222296495062072,37.37865211188738,0.7423184077344446
1388,100.32004149065767,0.8425138964550043,37.302566507879476,2.5887890785442034
1389,92.46582129653817,0.7549587661419644,36.85985864346141,-3.364936095826283
1390,104.59972142939117,-1.941858659379406,36.30967391494493,-3.8977223767968825
1391,93.22284630247894,-0.0038041336707993834,37.20603556853301,2.007334292407728
1392,120.13387247526623,-1.590141830680298,37.262584656631084,7.595097862654905
1393,101.36535331082737,-0.6646510975020625,35.80573426876116,0.05584004753163841
1394,96.34678448687892,-0.9028089269627998,36.58283090670867,2.122925480235725
1395,101.84680305864909,0.8092646982419858,36.65447281130305,-1.6079384221285362
1396,86.52873710470304,0.11683017417218379,37.05917510056172,-7.718152609368424
1397,90.28385961489349,-1.2855910007560276,36.59831978361715,4.837147095770289
1398,112.00413907944426,0.8800659629573423,36.98093271558768,4.542071195430809
1399,93.43105721028604,-1.4338058239284144,36.89473252982351,3.5538701258759704
1400,89.53089017318061,0.33011379047094364,36.920425264231135,-0.9097271917120932
1401,105.36652752527286,-0.8140106692915557,36.64180285314963,2.9852804986927035
1402,111.85704154662997,-0.3656770825305199,36.68050747296666,4.468808986939154
1403,107.18953310665067,0.504270748038384,36.45986647010965,8.100793424783536
1404,109.96047685805816,0.521449399059529,37.19003372028692,4.942630523237209
1405,92.43204911430539,1.3369690735559603,37.28555131429568,0.3191061251681945
1406,85.78189333258156,-0.08225369967145317,36.61469102493733,-6.541266277121858
1407,115.01333651955487,0.3064508629633407,37.76032004800852,0.7782914883587054
1408,96.77320161157864,-0.4377373224043246,36.84269927627898,1.2828869792465385
1409,97.49166983544953,0.18198988262279764,37.76509281189828,3.54514887659152
1410,113.28194141849058,0.4394860480085117,36.6789364130842,6.769459296617128
1411,105.5623000940066,-0.09830984745437601,35.98671111170028,-0.4757525602838964
1412,104.55887772081607,-1.8037504840924963,37.201098912456175,10.504935949065556
1413,121.65002344901083,0.3314708963308953,37.124272552559496,-8.796435100202887
1414,93.56481769619857,0.364561477355457,37.01719689765379,2.0967093623081263
1415,109.27840128081237,-0.6801734763479509,36.67888376077801,-3.992601960920141
1416,100.57013124897084,-1.2843870360725143,36.98271388725709,-9.536109998444015
1417,102.68592278863257,1.4758791505039655,36.744370271065236,-1.0088718814957929
1418,115.28468426412532,0.491445510894402,36.84882521683412,-7.285863492104783
1419,105.07835756289624,-0.2290810309217097,37.42081612788254,-0.807139490164084
1420,105.38296079049633,-1.1370328831474874,37.092108614765046,0.17384624047228375
1421,110.72507337309803,-0.8218148284213459,37.30497569366599,5.592707046679747
1422,96.35047270457115,1.3025903967862316,36.88406574668711,-7.537925673819688
1423,91.60790332660994,0.1376619408680461,36.82899132709761,4.542225828228863
1424,89.55190805978967,-0.5505870670007066,36.42325873455568,0.4904022513989701
1425,80.33643410623998,0.5096892312246561,36.8149816937159,5.1442457680479725
1426,120.56207129940321,-0.8143981874463238,35.33944272220543,-2.158755875155639
1427,88.96791634278317,1.5008430302803784,36.70488901684718,-6.661222933817227
1428,97.78746376414227,1.3528005348967251,36.95906291140458,-6.087496631079331
1429,97.2318670011108,-0.4665740712027766,37.28183682713508,-6.45903726833558
1430,103.07406697809101,-0.6286702470308604,36.865661061237525,2.3890707646032756
1431,108.15737212539297,-2.61813319869228,37.1738367711225,7.384610111073497
1432,108.60473488359746,-1.481580771551368,35.910105669304876,-2.824757633276102
1433,94.16922561431062,-1.3394697749577562,36.97158157389652,3.1456764912889175
1434,98.32878286213588,0.1351903409873859,36.1602486035433,-7.617210290678099
1435,102.825799504883,-0.3262337044413596,36.39584824217033,0.901606245886495
1436,97.51308873816453,-1.3453354874152414,36.90641722606807,3.3428130816856334
1437,116.07345576019992,-0.2811640424645573,37.638131993936774,-7.240623876384342
1438,104.90974951638252,0.5053371476473485,37.18560338173503,-1.0194173448992727
1439,107.34877786049817,0.5278393499155871,37.00911549856856,3.579585702427826
1440,106.62881268667412,-1.8996702808588812,36.99023480526645,-14.668853236147385
1441,111.73473857485325,-0.12826348048383082,36.643185553397764,6.677265308508713
1442,101.81021558703706,-1.3833407769716104,36.72800829331366,1.7683968794552407
1443,87.03168052044154,0.9017286971402739,37.2136880227354,3.5836382385867136
1444,103.99687951752642,0.7841464163534985,36.30731974077775,-2.0635963959738217
1445,93.4864310620817,-0.8980272263244584,37.29652702514151,-8.613612407826777
1446,94.71383318250243,-0.7660452024003999,36.805746466440574,2.670314781584758
1447,105.86364018755093,-0.46126705049830724,37.41277853743478,-0.41295162708256034
1448,112.38283071433636,-2.252793394731339,37.48054672861604,0.16057727716160305
1449,100.21271576736062,0.3359681734405766,36.16345799374713,5.438034925994768
1450,103.08833012598964,-0.2728445463401307,36.70920961838639,3.8103193693129898
1451,117.02214944635239,0.9701750825678591,36.57223615602969,9.606187085448063
1452,102.40753179488568,-1.0984092179625526,36.09363601746343,0.7692711443674949
1453,126.01683114180395,-0.6191229482499316,36.4837333618953,-3.456062188955586
1454,105.65509645631545,-1.5065252580391153,38.22062792263267,-0.9420842345436313
1455,82.39237240844182,-1.0042905634942532,37.30475494810622,2.0783168626930313
1456,107.53341621104532,-1.181981996068219,37.958643984302874,5.079282594964887
1457,103.81158384882778,0.9959736788464457,37.41454922000917,-7.335169757193594
1458,112.89752754082745,-0.6982618487513923,36.62907841949576,0.042688075895844724
1459,106.73181351269959,0.12417568474461345,36.80911440166298,8.047708285191845
1460,98.61544016016227,-0.3807634038618044,37.294218090120154,-1.201044355012601
1461,87.75701763710634,-1.269465266012813,37.21875310173652,4.655059274345522
1462,97.90976742713974,-0.1683004231716427,36.71132899214583,2.4655876360800253
1463,91.494795457907,0.5991033318635947,36.245003414710396,4.7793030326249
1464,94.19476550195277,-1.2077593925433523,38.64388059369437,-4.048802707999662
1465,105.88578404420609,0.8091127907313788,36.9294251638286,-4.027008350327904
1466,116.69904504351406,-0.8497209214776963,36.83713055340869,0.10135946061144033
1467,103.9467152982298,-0.48298392607284074,37.05666723195265,-7.661108936201558
1468,88.04116937964815,0.5306831230100478,36.878635705344486,-1.3487030330582885
1469,104.4460266822014,-0.663436157219488,37.06136445385274,1.2643832875783354
1470,111.96631486645651,0.03757485933586561,37.64347364305821,8.923178034748862
1471,93.90217095680617,-0.31469082878809246,36.93772576015679,2.013590946349108
1472,98.65982833327082,0.1293680067038185,36.418644780336116,3.1261423543655114
1473,100.14688194729197,-2.380739105523497,36.919178102760696,5.822379235250029
1474,92.1510168691776,-1.829681815208083,36.76779910929505,-4.8232879444752825
1475,106.4828043384386,0.6159670060468382,37.71194946862342,-0.8254133118549287
1476,98.79051851392218,1.0371814056490503,37.585559532368784,12.127062959019463
1477,104.19532443907028,-0.9104867035315213,37.0537625002154,-0.39561111192254356
1478,91.125078221979,-0.24402835217113436,36.36063207259037,5.582153743911036
1479,95.62541699676589,0.29471925290230155,36.38705386828003,4.818689385865536
1480,107.22381357827771,0.6932176016587042,37.007561630792274,-7.390568571938446
1481,96.27166847908234,-2.0276772716708487,37.168161484660644,1.5523963850296665
1482,117.26963851233405,-0.8860402469783771,36.812688590336975,0.7337373610261283
1483,96.00363814385398,-0.33257937984987496,36.759915207896384,1.6497939392021734
1484,102.24684725751887,0.7031401972360493,36.703600383410674,-3.7705623989553
1485,109.3259083187309,2.498430483721495,36.988303019878025,-5.5845975595607955
1486,85.81634267066968,-0.22800572680971787,35.80861882396347,-2.3800500001042564
1487,82.39191188019224,-1.4069774621039888,36.449336685615144,-0.4889749854210145
1488,84.74343685429905,0.40226807720129804,36.68647457727632,5.92492223800158
1489,112.62584103427182,1.32099578954071,37.60375159747596,9.086554098628035
1490,94.48141854107553,0.10801412097950092,36.593093179035534,6.982989231115889
1491,125.58199285668252,-0.9066485451542928,37.090234070915606,4.300926053909221
1492,94.35752401342612,0.957993941480019,37.1132713754655,-5.021701311497949
1493,101.84551303197037,0.663545618498435,37.64895825283038,-2.044480874947477
1494,115.42109952567876,-1.0260808441956244,37.63128870348208,1.049630262064989
1495,120.06092888159122,0.38142561753434195,36.97124851560254,-3.1621951903808747
1496,120.61503576636397,0.9972655676588726,36.762257629405276,2.8860282626397544
1497,112.08366230593143,1.1818900425588936,36.668083448587154,3.6024305412714384
1498,110.24062525811462,-0.06644897530945597,36.87946838876711,2.6814503128273426
1499,105.92526949201184,-0.35807944617931886,36.7829833228382,5.125673022787907
1500,107.78361076166638,1.2272738220812627,37.276813704679114,-4.52295606856537
1501,94.48814283671467,-1.210160502980885,37.2101549087426,4.664143520460989
1502,91.81801116577692,0.4385792909210054,37.295900595572505,-3.4782272506009813
1503,99.96625542589048,-1.3700266273644293,37.629641855718084,-4.704679763214427
1504,98.29815377475072,1.0653762722596027,37.93143456070009,2.6605806709319086
1505,95.46771950672725,-0.2580455156111615,37.06233169670378,6.079367810994904
1506,106.96387447456715,1.2685832356474693,37.549731885697824,2.440067431880049
1507,109.5530520857051,0.491412756355527,36.824169908082894,0.10402011886272115
1508,100.88406886291847,-1.22322023006193,37.59250349179151,1.5507691305075353
1509,114.77530081055262,1.4246277320772434,37.530754578587924,0.6821345903364006
1510,88.58310885866496,1.5512452664277294,37.504207984971494,-5.62975448067697
1511,98.06340540720282,0.8822864925992157,37.04703492059576,-6.213100724724576
1512,92.83177679397195,-0.7615878650362199,36.665820918004556,-0.3941293973672739
1513,81.33463382926939,-0.30601395435740886,36.30273578106726,0.3992841788465189
1514,99.17319314157301,0.1454272174057594,36.97998139623945,0.05666189183867041
1515,98.78252491616716,-0.7037103993314333,37.76650627112459,3.3805080682495663
1516,115.13449743242131,1.6923465724632047,36.84507754931796,-1.0773835808216994
1517,106.30811684554777,0.14432647172603683,37.392563292730024,2.81489590952428
1518,89.75813175670795,-2.703348047107357,37.421975700259466,-0.7229338366322392
1519,118.54092566334188,0.33935581275622034,36.85815688953642,9.11679481018233
1520,112.21033695525352,-0.34815739681731317,37.65817241875976,0.40356863363223333
1521,105.82097703468615,-0.07492655611844788,35.54566962775975,11.703613057628386
1522,97.73515901150168,-0.3686193657856996,36.38862486063091,1.7600579554543216
1523,90.4056076327652,0.8070464166066873,36.542183851820774,-1.0683858529410784
1524,96.27793223928947,1.1196877785533812,36.59014248856631,-4.4972398812983725
1525,110.88748619704185,0.28305316225865373,37.16813147559295,-7.214442870288468
1526,118.84586305934609,-0.33931118713815905,37.14501890152695,-4.957211421980784
1527,115.43243528272188,-0.041337204809170254,37.19699528608751,-4.398031545819949
1528,95.11150578213726,0.019599616577628293,37.298040747066246,1.9741001020608833
1529,88.80382566710989,-0.8024300398648369,36.524947715427174,-2.6308268553009375
1530,101.40886246911204,0.5789286485712348,36.39091196659634,0.9346352627724881
1531,82.31560634437149,0.4600423238604662,37.19815984100393,6.40989181188343
1532,103.23167714184781,1.5404412397766734,36.68488396317678,-0.43904175817426794
1533,98.52397413701331,1.255349780288475,36.214762477316015,10.39578349233402
1534,95.33963498131757,-0.6856749175901302,37.485672142270744,-5.879054901695989
1535,84.05296932733205,0.8202983745089647,37.69755095325115,-0.7529177418746391
1536,105.13600106569717,-0.9509533830944716,37.77858044484933,-2.6965646180548934
1537,94.6729916033809,0.6959321009408497,37.09350386073736,4.68253303028504
1538,88.30083164289712,-0.5166141987601078,37.31296604798645,-11.198958151830604
1539,71.2773778671835,-1.0232532233755844,37.68493411168095,-7.215576445889056
1540,99.72485094949364,0.28004534269740444,36.679292104988285,-0.5367341122548139
1541,117.72251596669744,-2.6745671281541408,37.55533884202705,7.756888605047466
1542,116.6125921454787,-1.750975574405228,37.13769811707161,1.1292091701865363
1543,95.42903743413729,-0.17749188377428318,37.45685582617129,-6.757737271321169
1544,93.97787939638219,0.08244176663484246,37.093046510437965,-5.985832963451151
1545,104.68774256075024,-0.36931877015818887,37.648128354874004,8.364948514224764
1546,90.01614560811709,-1.5794362987175987,37.111761881270766,-3.105673993981204
1547,103.01791899819466,-0.8178918421385055,36.25801047026629,-4.71481686224882
1548,107.6608027838469,0.3912093272373939,37.72596331615736,7.386862803154303
1549,112.26933223884308,0.5817817706283626,36.526234629513944,5.055485027934954
1550,98.99845923520047,-0.01622311759594124,37.62652910512196,6.370298216333979
1551,97.96326249823034,1.1568337810369889,36.95487855927984,-4.750209401329083
1552,91.2201741324344,0.3973970234592343,37.58800549259885,-7.625528205071803
1553,91.73119645960139,-0.7474556539582122,37.567384307433386,0.6658324468135279
1554,97.73521108098473,-0.2805020534116174,37.21507148715769,1.6756306653683197
1555,103.67365506816178,-1.4028661572078547,37.25426765881357,1.823009018524159
1556,109.13584626233249,-0.10813899039141675,37.211314308596286,7.39091967819501
1557,91.96821049319655,1.1121006192213385,35.99308762185946,-8.668835450041241
1558,114.92688568959522,0.6852900847109679,37.059165109449104,4.298475256488829
1559,97.2887639895743,1.402009325919122,36.44196791196405,-5.483125220736589
1560,99.78632705651565,-0.3028852437989931,37.085593571872835,4.278676604304206
1561,92.52788320852177,1.3460997945142577,36.428528726808395,-2.3747835226068874
1562,75.75759739727059,-0.19330422644796988,36.40752402938696,-4.069858979452558
1563,150.70446142002265,1.471585082569894,37.80246725087695,-3.049513534746011
1564,107.36843897092433,-0.02185674744212368,37.534723694062095,-7.228051003882813
1565,97.18672442881787,0.7072313738042767,36.997928707527926,0.20214469916733593
1566,100.66990717224871,1.4751123643098556,37.09238432512451,-3.8633669533022856
1567,105.159392177041,-0.1934276285812056,36.876041987128495,3.9314911545013915
1568,84.37454143113457,0.21838898754417418,37.28493818798976,3.2002804051645866
1569,94.70947322653706,1.2888634252063023,36.661972816725594,8.440785264513954
1570,107.94264679621827,-0.1330031639300636,37.49687013143398,1.831637417705386
1571,87.45710576830751,-1.320892282506161,36.873456579492945,2.6033888354003687
1572,102.9355793216663,2.14300705458491,36.79007650208438,7.000499059139069
1573,86.43418195376594,-0.4697644643371368,37.01085650924242,-3.1383134801334815
1574,104.66429982433526,0.15875605093754283,36.7044265850372,-7.441291064115163
1575,99.64358517702516,1.156006669451127,37.164341174748245,1.000470295641968
1576,83.8486818409449,-0.6084939037312018,36.7313187053433,-7.11316734607202
1577,111.64739354457171,-1.0078679132221302,37.23426180140942,12.26969336462695
1578,92.65408423201951,0.25373729677483314,37.608003269455736,7.277491460394716
1579,91.89747562985619,-1.7930763979123896,36.640339156595914,10.819881666507902
1580,102.00569197230944,-0.28790607686792025,36.93471227135242,0.31223488331564647
1581,111.48637349428715,0.2450386643154059,37.23066535651771,2.7528679685079895
1582,89.84178181021603,-0.26995189682516413,36.782071322509296,-2.2973771597632204
1583,100.61679849847971,-1.543450943185747,37.23216028041333,4.41462402793376
1584,104.28816500330574,1.5941779562040121,37.27769943032587,-6.077716060255285
1585,106.93105607263143,0.10353815394917538,37.541630888147154,-12.715465947373893
1586,101.76441555277225,1.431152117761741,36.697004976957544,-3.9535530974428337
1587,96.32972160916678,-0.26003625018044474,36.52861237988476,-7.277367378086579
1588,91.7240977935128,-0.8800119816907639,36.84621130521813,7.389633680797678
1589,100.86143883046375,0.2691809202551599,36.51612383022645,9.07838727540158
1590,89.27860988014393,-0.21578712632821961,37.28224910202375,-7.014645362065554
1591,70.78649516505394,-1.177761457991358,36.4191243499118,6.458578037606197
1592,104.36559804157667,1.4697842587874956,38.16650820912634,4.756924917503852
1593,144.94255546426547,-0.622270222893996,37.64796393078687,-7.848883423594382
1594,76.37067564458161,-1.8402663847955685,37.00628788480016,-1.9513376546580907
1595,145.50683927498767,1.3281660539573328,37.43369724649899,-2.900818610622599
1596,106.19154261005198,-0.5042980158126232,36.1815990678446,3.739976993136
1597,120.574954697117,-0.6078238926156243,38.26168666569978,-6.143896754525069
1598,100.20793707675408,-1.765387587029974,36.70489269389976,-0.4943631282974123
1599,92.71997058770866,1.7409414865969908,36.93975129305032,-3.42967251974809
1600,98.1710355889516,-1.2894805872096875,36.07203335640578,2.3667059169257167
1601,113.74876419148185,0.05844948070564989,37.24314365237045,-1.0839601584396463
1602,93.54035820875464,0.9126203225404405,36.44682792146145,-2.6762285197019757
1603,92.00807993349747,0.421716933003097,37.05082788078302,-1.06648287816039
1604,95.17256477817968,-0.0596543119921916,36.72786278353773,10.18021416420056
1605,90.46671391741287,-1.7016658582874162,36.46112803253483,-2.084498180596946
1606,101.22670315994796,-0.8097248357672839,36.59781924911869,-5.205026091418935
1607,116.2467845846956,0.18780033804252202,37.11289401704276,2.9171678457798262
1608,103.23079273116029,-0.7871740699869963,36.35925451356559,-0.717623347114783
1609,97.47646497873713,0.20335945999876773,36.62559416448821,-7.076169654332363
1610,97.08188731084456,0.6817434088151417,37.33163669063224,11.157481676012331
1611,84.36809191303342,0.9625028858001017,38.30123993743716,-1.7623947279332395
1612,108.83109777147159,-1.2261793578126834,37.2387944097765,-1.889347269806756
1613,99.22162802987198,2.196646054978954,36.54136917891135,0.7991767595404873
1614,98.19520086409375,0.7674793445541306,36.816442914963844,8.650583846044196
1615,131.93107567844862,-0.0017141536690639572,37.015794503076286,-8.398726632594979
1616,102.98752908365687,1.0895365830766406,36.825287524682146,1.3799292471026985
1617,92.48208949904816,2.3654077719999735,37.45152908336846,10.436360808968137
1618,95.73642403794457,-1.4387201010568695,37.108736741507116,0.6436434036982417
1619,111.48445709196756,-0.2252626424913536,37.45392619245494,-6.1766698965173985
1620,101.13270410537764,-2.3784316598733284,36.842778104851185,-3.091984264803263
1621,85.61722021682633,0.19265153264802468,37.66275010986063,1.0344126487839524
1622,109.19228934575203,0.36539424192514075,36.91675720785923,6.65401957819931
1623,93.31855914461006,-0.03916211544275943,36.514405065431006,-1.6966792220803035
1624,118.73297776217545,-0.6545335709983099,38.08866019052111,4.133258987162158
1625,110.80048065714648,-2.0495145161883253,36.087511126519445,-7.176844135234446
1626,95.52678104341248,0.3735336834117687,36.63063063734754,-7.218591847975273
1627,112.81016361735112,1.455434483915325,36.686486074084804,-2.414003443424748
1628,100.67855510527403,-0.591018455733432,38.25415313652828,7.190143609366311
1629,108.52773675122219,0.440059929023145,37.903429442073254,0.344373197568846
1630,104.84732817294474,-1.5681443134200506,37.7469640718211,1.4490559778330963
1631,91.53643345009127,0.45721306369251385,36.83467066881183,1.3903979778676359
1632,93.56450167682539,-0.39338229774465705,38.213089001920885,5.5460399129336535
1633,110.29960817581161,-0.7624179506029144,37.184176001920484,-3.0511034626892695
1634,96.65224667893459,-0.7603636412161305,37.48863168515156,3.4414255424411615
1635,95.96351536758003,-0.39361158203300994,37.08984769055311,-4.15441331927565
1636,90.44877420650647,0.3824333156925354,36.975266714338375,9.916363279603802
1637,104.23599065593461,-1.3121632011955178,36.87411066303681,-4.001955521483449
1638,120.62524919243145,-0.39711533156785284,36.89518000329042,-4.411946515393105
1639,89.32467085745728,-0.04147177799914767,37.30424582433904,2.7483490674402478
1640,100.24219456672758,-1.0990392245318592,37.183599899387694,0.3989421571616191
1641,114.12220555415429,1.796665201675017,36.984264314898155,1.6342620313046716
1642,99.20358608754285,-0.8534954800613416,37.75476199634943,1.1365689774615904
1643,104.52371796249734,-0.6694369136334904,35.516623465629635,-5.451960994037194
1644,89.37606471853121,-0.9783079498224979,37.2549436239606,8.06679464539742
1645,104.28307097207649,1.7984800871381175,37.35886935332949,4.467711029445547
1646,98.12855734995452,0.5529052285994815,37.57348143412759,6.794749756335579
1647,109.85729995679863,-0.9365920062436421,36.96756427947332,-2.6416544455521214
1648,111.87386051564751,1.1062315588599687,37.103960033691976,2.082617723575857
1649,125.89563642018614,0.2006986942888783,37.49297419165736,0.9868423111734554
1650,105.79633173213576,0.2572534211115017,37.74558320214009,5.640013131007539
1651,103.25796316582166,-0.3444772087524527,36.849732007410616,5.801240659148094
1652,101.94384301577335,-0.7494159869569733,37.13348789156378,0.9652540147905742
1653,96.46833707189312,0.33776609905460137,37.83928698217438,-7.589755659216259
1654,103.38483843461691,-0.5450872299955903,35.93798646206057,8.898309435438446
1655,97.0459858986097,1.8167556295751046,36.65499370009271,2.7799371684506946
1656,101.68460976269614,-1.2692911052431042,37.732917989301484,-3.0421852069557103
1657,113.17597535607959,1.5361567728549452,37.54626891680415,2.0327106913334747
1658,89.9345743472036,-0.11131884879780068,37.261222605463345,-7.555467742262617
1659,111.39878561129045,0.2990857340211059,36.77570156344544,5.27676533735522
1660,113.17115067339866,0.8331577666294346,36.55909075050729,-7.356058721395765
1661,98.81931473008922,-0.6302492950044363,36.70439219037881,-1.1041724601854128
1662,78.78145100991405,0.8642483846986365,37.774004110409344,1.222272248027749
1663,93.92178012905568,-2.7075438553811773,36.685778655422325,5.194198559910468
1664,112.96994546561109,-0.7199895332219391,37.05071148211983,0.5327233821718701
1665,99.77131937701118,-0.9240628073410654,36.623146177569126,3.174814368062751
1666,90.0069776770509,-1.2535060123717616,37.42138701504951,-0.14083454224776465
1667,94.95225078771783,-0.21495483807895113,36.73063685982678,-0.16092975472141333
1668,108.40620026504553,0.3857499681816948,36.95120305492279,0.42738625174148664
1669,105.4673356820138,0.7026599984993058,36.15830893347859,-0.945289604261873
1670,97.61067900830305,0.2408767572004076,36.19331588189753,-8.432851215407178
1671,96.33175588185313,-0.6656934648935469,37.003836596660754,-3.841617468483141
1672,96.08241850956178,0.36901643782516713,36.33742142240112,1.2238742055584921
1673,90.77589815501497,0.12428569485085071,38.05254331966725,-1.2456050174435944
1674,116.15375689469442,0.9360561679360162,35.96923844394387,-0.7790454109095329
1675,96.7767953078866,0.7769367029315166,36.59991235066795,-1.616768347193577
1676,112.17158520825497,0.03047641392062887,37.00835043363377,-4.3179919636590895
1677,115.21316051922452,-0.8972530061612568,36.81743353110211,-2.4654973048814695
1678,109.9831089814796,-0.6529501558320808,36.44792727166804,-1.5341587219429735
1679,95.68379687281951,-0.5497893596380333,36.521036080252365,0.025715702709246988
1680,104.03730090336609,-0.31526633391625575,36.50467296125038,1.9668917223485616
1681,99.75804393609084,0.2680504275897533,36.85663915258997,-0.9027514544286954
1682,90.96298139269872,0.7151743901280584,37.97596454475871,-5.148276278462097
1683,103.24359281721603,-0.05111869301537766,37.0389686482791,-6.990410199593916
1684,88.20960208840198,0.016124787900472438,37.59145024469376,12.987186036876121
1685,111.87679388461564,0.14330630500000371,37.25348817291407,-5.6490751513228155
1686,95.35382702701607,-0.51590531313234,37.55693119899111,-2.5931250063219147
1687,102.0115965587284,-0.9253922576429561,35.60001784870321,2.5850015125696757
1688,102.83287871546142,-1.7554378973107099,36.84777098942588,1.8043030478284043
1689,97.41095026295923,-0.6951493580768724,37.653567711575356,2.604328462807863
1690,105.86693801475275,0.47314545326778695,36.714132088625334,-2.213585347660877
1691,95.25096343377476,-0.7029114380395675,37.88123658243481,1.1927903531977364
1692,108.71297297457244,-0.2378070374259397,37.74194507688388,0.30671832120431824
1693,86.54020319753252,0.46643128741231693,36.76543464193627,-1.560656837706436
1694,101.26379579546412,0.5206894964226687,36.74841824047682,1.2270487088566995
1695,119.38928999058285,-1.079532852166039,36.49319707882277,5.276827733753533
1696,89.99668675394426,0.9970593564536414,36.685202884068104,-0.11100111717662385
1697,93.22255029475149,1.1273500893554853,36.38370546791554,-0.07773576821787298
1698,105.13907849658915,-1.1298498572185598,37.2144055902165,5.340805174379922
1699,101.79581781939598,-0.8238368696411541,36.27197675332678,4.806801799094066
1700,103.50630099273559,1.1910906831461916,37.30186650809511,7.919682204817416
1701,104.89187130147664,-0.14685352125530088,37.31403934845012,-8.781151172397884
1702,106.3472146856177,-2.219777947451851,36.16939779740804,4.525595915846948
1703,111.09699841956223,-1.3996815047326863,37.77490930316417,3.007900227010896
1704,104.09818656928513,-0.24936962517248124,37.25680464720761,-4.428261988766327
1705,97.58742345381458,-1.1630426502846019,37.374849010722436,1.257939589994224
1706,106.72573701202731,-0.41342377063644137,36.620667399228616,5.2556087387899915
1707,118.99881934895215,0.03239621368357873,37.31118955923656,-4.145794612427
1708,98.67366253617426,1.4622546040347288,37.56319672486103,2.2128121451140355
1709,90.25470695329358,-0.29045391622778904,36.95069580049766,4.356768378655087
1710,111.07080669286972,1.0725417995727589,38.00096122962418,-5.35509781265744
1711,98.79618836046401,1.4287601620367705,37.02203231745647,-0.71142846222574
1712,78.27330453985964,1.434309669352076,37.57039290022624,1.5048418832120558
1713,108.47421677150422,0.28475459338556824,37.14650440362933,-3.980657527714774
1714,94.64671814046078,-1.9632891478389742,37.29276076642844,-4.39576599546773
1715,99.0946671769584,0.4608248654038653,36.164333866182616,-0.675223009313871
1716,103.31980330569014,1.048399887813541,37.18552686910768,4.00819858451846
1717,101.90499679779066,-0.08106710543541713,36.63251244937137,3.218670005960549
1718,107.09451817139039,1.7445838700752485,36.57680084711116,-4.307063645931711
1719,95.64513629430157,0.8598335614674577,37.87205159223299,3.2608394255784305
1720,105.13105798176083,0.5682733771527843,36.89311487596883,-4.179698880832542
1721,97.40453322416083,1.086380711205838,36.49834908451225,-8.050848989967172
1722,107.38810480887503,0.3333698512608781,36.820434185945565,-1.8357178552361566
1723,106.15367484013053,-2.4928104993953535,36.34977488553904,5.614846857928678
1724,90.64561297955404,-0.49913895147036563,37.716942234098134,3.2798027607068674
1725,110.85982116175032,1.1971680272478535,36.652159627916745,-0.007859036865971312
1726,94.64036554885952,-0.807591340098296,37.26464996697184,-2.0835274179552874
1727,108.08057798281145,-0.22347250523693915,37.67805335710516,-1.948810680582156
1728,103.6728731340134,-1.0448363139030712,36.749923659392635,0.5439245293039808
1729,118.38183676795123,1.783922595201769,37.26601121613639,-5.342187429229144
1730,97.76534017628148,1.6814924574180155,36.484956972547785,-1.7405367260064861
1731,96.50683203881802,-0.8838688951407293,38.22288478455684,-1.077847306798844
1732,99.80580394112268,0.147298000389084,37.46819006730831,-6.755372292257488
1733,96.96820217165724,-0.6804940477640476,36.9036967806196,-4.192241254487874
1734,107.9994190194205,0.6149446390313781,36.61358313455552,2.0525339574319075
1735,83.83689391563412,0.509683077242329,36.94300172358019,0.04755919970497112
1736,89.46317580853646,0.8117055716132655,36.83000813882424,-1.5438089559669148
1737,89.32197078420808,0.3319184477078873,37.97647227699975,-4.557137187689819
1738,109.50307591973575,2.935406206388468,36.38723263889255,7.8842491279460845
1739,117.10613372581925,-1.027923765010739,37.0674007116451,-4.189896073396592
1740,98.95550781462528,-1.7106033544365142,36.99083096668315,1.2579640363086873
1741,98.31178276809989,-0.3930902007014615,36.941294849827564,-2.4393454403689767
1742,100.70052163113182,-1.5679882655602675,36.94569167253083,0.18139646319167577
1743,111.6187830260819,-1.4924622700059929,36.941964594939755,2.2880487097018616
1744,90.72646865809426,-1.001314654197967,37.43653303316605,-6.851282946039429
1745,102.38368982734785,-0.9221889054316275,37.304492223246214,-0.03308122076744002
1746,109.7519762978243,-0.9546181019500601,37.209455805686396,5.953643244899228
1747,105.01094169939846,0.5182189504454116,35.48300531892737,8.807509467460015
1748,101.89581616598744,-0.5061890610853361,37.149897437081584,-0.6500698662756552
1749,110.01046092567141,-0.17951457487248015,36.17218031991496,0.2084060360845439
1750,72.96767707000762,0.8942327745009349,37.32316008156791,11.056665143007665
1751,106.77875319530908,-0.7663225247814263,37.73724868378526,5.674621407995991
1752,93.45924316872576,-0.26454589870472217,36.536880443705726,-3.0864228462760943
1753,81.69367103143543,0.36575998609291555,36.86910963882865,-3.094917254430615
1754,105.11202599524981,-1.9415678006202213,36.7003221474735,4.782747308936343
1755,113.73658545162958,-2.3849055089505824,37.6177158878784,-5.055185650228653
1756,98.62551485372308,0.3461173287977227,37.04751394263604,5.438633756694266
1757,109.52874547202939,0.49201428056689855,37.86416469028317,1.6714998187550418
1758,116.12278257988646,2.0642201348524107,37.206877101473694,2.5886038201353623
1759,113.14914453584048,0.15809487586680993,37.12122509031791,-1.2836690174002665
1760,116.39964529371393,0.8197397172580948,37.03410339130142,-3.1491240212320495
1761,107.42127491071892,-0.19547264358597383,37.40899604962867,7.309964154341602
1762,100.75433638901593,0.29722722158508635,36.13115690087733,-1.2336864027673746
1763,83.98034188102832,1.667256841749534,37.04267197776026,-2.0546753828693087
1764,97.53937511870052,-2.1239928181256356,36.96497677813602,-0.4006853393990459
1765,91.56753404683808,0.4136162575716805,37.362709413578884,0.9651106635897144
1766,121.70942717497815,2.135586730077366,36.90614919706298,-5.154125633597243
1767,98.24114187567663,0.2820342192093425,36.48063278291866,-2.824357471034558
1768,101.23204806784486,1.6505729632328479,37.003675337459846,-3.090160369530289
1769,105.51485376040468,-0.6292121495294424,36.45857973556583,4.226401523034242
1770,100.43602446372454,-0.03204749416371351,36.03736889370626,-4.429812839999446
1771,116.95051040430752,0.03352470238858753,37.36356124074275,-8.77883928879027
1772,93.77350638265548,-2.2175910793587708,37.289530786347335,-9.835472814530771
1773,101.94607455237242,-1.1681778278502002,37.233545471996784,-7.351900673378586
1774,92.57529414301952,-1.096875079383986,37.651464210972904,6.8076910142405564
1775,86.79977488779295,0.8220660780325274,36.66748405484804,0.0810329974202583
1776,93.88230909094715,0.872153105684055,36.284442928614375,2.5062454340360136
1777,99.62963202951588,0.3240364427065333,36.96498511159598,2.682438635606646
1778,95.7069777548274,0.8241028968557058,36.82624985014704,0.28091959196160166
1779,93.07579020126144,-0.16414941272177394,36.578852141614966,-0.3739064832565411
1780,85.93682536328166,1.2019316695395432,36.9600754232561,5.222632149090703
1781,99.16894427371305,0.00878844263207182,36.69419742689771,0.7299795715631997
1782,84.95279625968998,0.05786404742675647,36.08199735832159,6.995487396317071
1783,107.60055963689602,-0.2655926332624114,36.77941165460312,3.1041497264493314
1784,100.82439752934503,0.6844504776364279,36.43181241664807,-3.0889813674051396
1785,85.42448500535069,-0.4211988166129132,37.11582403580546,-2.485670119349681
1786,96.90790922950137,0.9764313771980682,36.671982620879675,-3.6373240322713976
1787,92.47843594409417,-1.1321491407160067,37.555815737070525,6.087740109753578
1788,103.19174510419181,-1.0989162547281939,37.80193303363393,-2.0252547647277637
1789,113.40450446023145,0.6874267551265042,37.33969068650595,-3.992363983998162
1790,81.24827530354256,-0.0885442145830127,36.22448690900834,1.5988902056341003
1791,101.15026079147417,-0.45389141615312834,37.75259799943952,-0.4858355318625158
1792,98.3986720443336,0.8900577324754597,37.78786022518688,1.4728425628758193
1793,106.71340076450466,-0.6072614140860845,37.00939525565397,9.449069519469216
1794,102.1319662823769,-0.20020125430036984,37.66146308016776,4.565354029644299
1795,92.48030668261181,1.3992279500711593,36.72416243097666,0.1350527715095318
1796,96.80946064333382,1.5391423458106503,36.066877032575206,-7.0421169210300425
1797,92.03974143196511,1.5723982102703271,36.6198577806892,-2.499812486043178
1798,110.76007138598598,-0.2821257769339113,37.864650433022376,3.5552305127265154
1799,100.21311648671943,1.2307029049844702,36.25446003819426,-5.855205198309081
1800,119.01190685753008,-0.9489528277686782,36.99976064096575,10.704851481651769
1801,99.39339186185379,-0.906902874722061,37.01707194667011,0.07208281317774322
1802,92.91593233089537,-2.350455852624361,36.74351287801609,0.24424196604742437
1803,84.86285607387173,1.67286820189853,36.778239200081444,-3.3332259647898894
1804,81.96860323744055,-0.8639798490760783,37.0361245671181,2.483688783878592
1805,84.1586405699451,-0.12653257974705998,36.71891882903264,-5.7900090326111595
1806,102.67126651011483,-0.9103243419282839,36.28897075141604,10.824462945507287
1807,105.08725023229934,0.6951652483301405,37.10751597147173,6.586756523260057
1808,84.18809297967867,-0.37563366071734017,37.53668329122249,4.921482225985229
1809,108.95038314076115,-1.3048168904329494,37.434786259326714,-6.952145028949047
1810,95.1693894831656,0.44166256418606065,36.59513226630509,1.0270663522887542
1811,101.4679301198555,-1.4337300248102285,36.374386042311166,6.045431990070023
1812,116.12220628255425,-0.8374057253154913,36.85790605892261,2.965526996788696
1813,108.96839315865532,-2.106889114626081,37.783895754897834,-5.010545523168874
1814,97.31469352094167,-1.4239581121976068,37.322799039479776,-3.2504687765432765
1815,91.08807774584713,0.17852916972047786,37.351982338397114,-2.259680690029953
1816,78.48184598670696,-1.9645360381029247,37.444928475892745,-3.0171891724430377
1817,92.8084668075758,-1.4811457246217157,37.21038328125929,7.643894178551537
1818,97.88869761172306,-0.0023689161328080566,37.06030427380679,-9.60506569411628
1819,90.12820472848816,-0.5436068960930526,37.33115344832398,3.2795956982941825
1820,98.68743032907695,1.992036635959309,36.72691694789099,-6.461516874642256
1821,100.76851882958768,1.8338965460243755,36.29276849431684,-4.806257437255339
1822,97.75144018191921,-0.8679224627511536,37.36149846731216,-10.048666834343587
1823,130.38035873810418,0.5571376184034819,37.618869052874615,-2.7452721557943294
1824,101.68654671966728,0.7492825568794513,36.44088403032198,7.553658257696068
1825,104.41940649569409,-0.5974788580244034,37.41096074120795,1.32412121232389
1826,89.09600922557154,-1.4955415364982039,37.84038285669409,-5.991807734995485
1827,114.10932379746271,-0.012298449308057612,36.99887689912144,5.0857383718965625
1828,99.01411867715738,-0.17284567481411092,36.59099890762913,6.156521317843429
1829,100.18849622944848,-0.4357644969706192,37.06150933676338,0.5202324051954279
1830,107.08214423256557,0.44231686816448523,36.72473301589965,10.17374579076295
1831,102.33216131263502,-0.7507296070055988,36.6916349450218,4.107820623123072
1832,109.53136633913245,-1.151997547579143,37.21659203363577,3.4132625364629403
1833,102.87124165201824,0.10908297034983186,36.19813526248505,-4.016893535831451
1834,93.87562625359563,0.3859700925688759,36.27803553875388,3.136992428106704
1835,103.61503525206102,-1.176644943900053,37.00964544018697,1.0839563880224665
1836,88.56273792679337,0.9280906109910811,36.98884573054379,2.5991450133551335
1837,101.08559705776523,-1.770481137776078,37.17177728851997,-3.422928095706653
1838,99.6677000935554,-0.5781134587156433,37.93761269424169,0.6404944217949333
1839,97.9188314272746,-0.258008536197609,37.05225701803791,-4.0843075010747905
1840,98.71462488561069,-0.6362237126519298,37.299086075167395,-10.73566049983016
1841,81.1815095450236,-0.5650604735511925,36.51223353219268,4.991522842891917
1842,94.51275092259039,1.871074482308114,37.38396883175827,-7.511944908447586
1843,100.92844901141115,-0.8508840890388987,36.73680456744466,0.5359323239120805
1844,101.598563919974,2.441221722471914,37.03571041629055,1.6650106472451989
1845,89.72324859074041,0.43712677973105185,36.94557568746542,1.6328150793152743
1846,112.65707840864701,0.09205513731199198,37.51648711745702,-1.415395367991251
1847,91.33825151785499,0.4762403533876659,36.3450117228125,1.3560573763998671
1848,109.69457200526736,2.5299277492519523,35.85838068269248,2.3548353489258105
1849,104.27194361871685,-0.993593003931448,36.89328365145604,3.674824078759924
1850,93.53772690156197,-1.1204179189363892,37.23426562845256,8.667206696921316
1851,117.75310892609512,-0.754866196571921,37.07613468790375,1.1709707574910269
1852,88.0636316824352,0.032143146964560894,37.616102118706955,0.32024422508850936
1853,109.19154173610002,-1.7257711248125733,37.218686337089835,-4.5336448267504705
1854,110.00582318042979,0.02233923931860801,36.71807583407007,2.179731619496685
1855,93.29379790923355,1.693547133413672,35.83728992293016,3.336915515702843
1856,113.92465300064329,0.15140739062477757,36.88134388290239,-0.961515921408136
1857,97.49953485401048,-0.2926854589752769,37.5139795011289,2.7230625209201853
1858,102.88693629279857,-0.6181604486836274,36.80397610866644,-1.462580967746709
1859,102.6032183877122,0.8985117045515645,37.014160131838885,3.3549632604446193
1860,98.65691258529452,-0.8258327732380476,37.21068012715335,4.563011570148718
1861,108.10808273159782,1.846395920599248,36.492353812875095,4.493139333652428
1862,107.93488720552213,1.9333597477143571,37.31161794831941,0.5892216307065032
1863,82.51468026761819,0.25675079866178757,37.81856089500085,-5.199840758085257
1864,113.04340242878152,-0.0115150880766451,36.913593324053295,-3.0595652632091035
1865,83.37508011964326,1.0306598082415594,36.43546778908385,2.975786619423642
1866,110.32546204341658,1.0947985022273252,36.96669948648901,12.244061528701135
1867,111.26705136827583,-0.8059917310594155,35.88780794569556,-1.7036038576604093
1868,89.09033569784802,-0.526555133136702,37.168451631988304,2.2791883919407
1869,95.89185712045415,-1.3223474346832955,37.22613718882429,-2.780262787397017
1870,88.94295331514064,0.4090649383340571,37.83781814692278,-4.869835221245504
1871,97.85078969711265,0.6666278834568907,36.903002603716686,-3.3815793178868123
1872,96.91965715814258,-1.349925637861273,37.20424266907324,-10.412359883513357
1873,107.7966053226934,-0.4551989048161591,36.56935594880705,6.767175314538754
1874,113.10308746119608,-1.3472539175813492,36.82178643973746,-11.150651264573067
1875,113.95683810789956,-0.8987998102438376,36.2374072816689,-1.319141152003164
1876,94.37831973421697,0.5510170602262995,36.90260518935838,-5.890639476750272
1877,97.90778126255472,-0.7334820666782794,36.84734542324072,-4.4219010768110225
1878,83.1656180777905,-0.30082595603229867,37.149599883044445,6.8826132986933395
1879,91.94129933503811,-1.6273117279473155,36.68820155983368,1.00533495015696
1880,109.64851633097457,0.1869902097246643,37.04167267548755,-4.8269807959085025
1881,116.15582823548232,-0.04427331984464883,36.83330997219617,-2.9475856624825543
1882,87.65651128120078,-0.7289592500331622,36.83425030585024,-3.8274061022104284
1883,94.07535740847106,-0.18901429768247416,37.04018116298152,-0.21772836039440302
1884,99.73594243041073,0.1802948805034444,37.020261471158506,0.8644584239384624
1885,102.80161158819607,-0.8148681489093441,37.38058701952582,9.477873866142799
1886,91.90396480078354,-1.4762625440017794,36.93967848293508,-9.581503829988534
1887,104.2406104446409,1.8055744326868153,36.8250573254385,-0.17406157378976228
1888,95.26160652929084,-0.6332727047102726,36.90959627745639,-1.5778384626726107
1889,99.85547729121721,-0.09676010318688932,36.642667941579504,4.732742638583912
1890,105.462842480037,1.0108397350203135,36.82004445321667,1.774090590891967
1891,151.54074110348387,3.529055187570484,38.01557935653661,2.9518110405747278
1892,95.63614109473431,-1.2444864498888657,36.543660619652066,1.725430930075413
1893,98.90390196074169,0.4498272137265099,36.860671833060344,-4.659955626417698
1894,99.11637040794665,-0.7075522852941063,36.806255668365154,6.056327482465065
1895,96.29988970117873,-0.5387903045767108,36.8764141938778,3.9925245230783446
1896,97.41203937332898,-0.7202120210067899,36.8343803455608,4.5776489586237155
1897,115.98647170504717,-1.125654967800585,37.1396200506105,6.320250852535824
1898,105.6091944794124,-0.04129136178466144,36.1449124493041,2.088375503259799
1899,97.0451968197084,-1.4745026870482356,37.518585736266004,7.404962020587464
1900,106.96954404510736,0.9468075665118705,37.3162913998211,1.8881978589332054
1901,96.6618051024399,0.055002936033374625,36.378564206968434,-1.0952929401230431
1902,111.73124637586642,0.42243497290143983,35.8654613635238,-0.033019552416823625
1903,103.69642192198094,-0.4661886119462229,36.5114639269293,-0.11921884068058232
1904,98.92697855995772,-0.3672039342117483,36.87866676928644,-2.5969566104527146
1905,104.47716925810278,0.2875639051673281,38.29014594934539,8.159444241851103
1906,84.29123847931501,-1.1640506324058255,37.27162848248714,1.481476827518338
1907,88.73232531090194,-0.35799043441333583,36.096205175409274,0.47369237916453305
1908,88.06074993600944,-0.8596135138784541,36.65517224754953,1.9413712746321683
1909,101.42943094763707,-0.8905688105910143,36.97339378186351,14.899272583685734
1910,117.32514999485092,-2.1098382406256415,37.126841777149046,-5.658620942998297
1911,122.31300146192632,1.3393265894799997,36.34262556984479,-4.225192558581378
1912,106.38051101440757,-0.6865387531537689,36.93250488601147,-6.902855087234982
1913,105.00844474944456,1.1633760551635501,36.64118043119473,-1.1629961921774303
1914,81.9894226584726,1.0687923213942923,36.44812071869884,1.2275922166368016
1915,94.57326200265979,-1.2859997065164936,37.12979782334948,-2.326612591705387
1916,92.12216248091761,-1.0884112356728457,37.38693858672141,-2.69863399075885
1917,93.79152401748884,2.560502959355684,37.42052063848081,0.7120243331406616
1918,98.3185618141521,1.7509259419271435,37.28719317556694,-2.5105391241484876
1919,95.27909422302872,-0.03151851332810415,36.75131523342987,1.5508791359141907
1920,80.20700189624212,0.2573731064173494,37.35727488073175,5.5711717337130215
1921,107.47910256117534,-0.6308464029471887,37.15452721905214,3.385152349004032
1922,89.27256974260193,0.43235271420033994,37.06697094147601,4.405066735826011
1923,102.39246864111149,-0.7171819007224715,36.6941534391491,5.429592057533598
1924,120.74082669749973,-2.0323537642983847,36.75156193632924,1.4141408005935143
1925,90.80615408413577,-1.321555786511051,37.036943468062276,-0.7932051302155056
1926,74.69712477253671,0.021092747850587245,38.21993723349275,-3.861265354415978
1927,97.13995778119889,-1.1310672355025877,37.150621240045695,-1.955890818178605
1928,111.00959634998571,-0.06727746491353453,36.69440574887486,-2.6184276633844723
1929,152.28051974324842,-1.074661039432863,36.58380527751528,3.6583616331045583
1930,87.70450405547584,-0.7823539225019935,36.7541166936719,1.7339127729709807
1931,104.96699223236521,0.8531653064131918,38.08864672377453,3.4837893135715072
1932,95.34689543219946,0.24748054764010466,36.800371677027016,-5.801684280500758
1933,98.94051645695865,-0.009664421313347188,37.453435267305146,7.158747421205395
1934,126.44343347017035,0.8789639730706512,36.81203587726432,-2.134901857533812
1935,84.97029671604847,0.48060859334734735,37.130592270639816,-5.5000832103733135
1936,102.53739661494573,1.4465632912513675,37.39587263700436,-2.1960888241090637
1937,104.67693171765433,-0.4598592623151402,36.714048575095035,12.41882996293754
1938,110.85786324939347,-0.4296349785275087,36.67944417292362,-1.9385843324578378
1939,100.97983153470895,-1.3011092663913453,37.82943484722767,-1.6254823573546273
1940,103.08050539504103,-0.4289807173724197,37.4922964474479,-0.9605234031483805
1941,96.08351432578209,0.9647698943024456,37.39533615934536,-0.7431019171572766
1942,102.69126941245108,1.299987372262134,37.39363814656146,-3.9073803290062714
1943,96.56807724502589,0.960305168086668,37.22978774415553,0.7160654160306521
1944,106.21571889856051,-1.7941918665494363,38.00888790658753,5.3779745409916515
1945,96.30389663956366,1.0831452126607344,37.021954150938576,1.5714465773935355
1946,103.77100393902187,-1.8385186232720707,37.28863118360046,-5.555826494499928
1947,99.70737186315021,0.8981173241223475,36.274543535702996,-1.7217295246685422
1948,111.26050250772168,-0.3677845265710552,36.58751965670438,-2.7576370005081485
1949,99.48606276411513,0.7025333139338557,36.39959050008248,0.2646973411740055
1950,82.26967531793119,-1.332448347894566,37.637031791758076,6.652258357811585
1951,112.61921500713991,1.1711676327061467,35.72372992398962,-0.744413980104415
1952,90.94267699137382,-1.464974746104889,36.798844988623635,-0.44077434435195395
1953,93.46233661351181,-0.6684549108531777,35.50314669866969,8.888224094097147
1954,94.04338705956508,-0.9980946277690352,36.584356052259054,4.381029958358301
1955,113.74438093170818,-1.754284852822499,36.75452552513406,2.8704064105326754
1956,78.64325786021304,0.09452756758846836,37.69243554689702,9.790658076508878
1957,131.37748533659993,1.8060891178369614,37.19831396961073,2.4490562739700654
1958,110.56056809066052,2.666905222320009,36.58342923833552,-9.932635709887611
1959,102.23238914129159,0.09715578708624777,37.53298185986591,4.163328789401803
1960,99.45105999383713,1.1166812750675223,37.008916127264875,-7.960042285593251
1961,102.85554074857657,0.2320946379285372,37.018783429353626,2.2600268429122385
1962,105.21122428379338,0.49888319476821275,36.398664246114,-8.5687178706462
1963,106.45215585950056,-0.34214865112723886,36.50499314304843,-2.3342770519995972
1964,105.55604466003449,0.19507692542260213,36.58745135002724,-1.8189226480493559
1965,100.8958068125525,0.5374787046064285,37.0232306365771,-3.8505955361587665
1966,98.02661579692673,-0.5784597288763313,37.038942863490334,-1.7442599859560002
1967,98.48726716346488,-0.07749429989298792,37.77204633176202,5.162808601802762
1968,98.0509171964732,-0.05843011899748824,37.19252758396892,-3.5697645607977666
1969,111.33770096867065,0.8264033173305246,35.646217153163946,2.7257043975527044
1970,105.93556722280861,-1.0660321716276806,37.131320993935844,-4.828248198036501
1971,70.5961136533572,-0.05154220860765155,36.27499182191623,-0.9474978819606457
1972,106.55900776529761,1.9120054690526975,36.51701453769423,1.6191963316372515
1973,101.94736194718774,1.1640601525859375,36.59391526413683,-4.982642083092799
1974,99.81291243554102,1.3491790488887052,36.66833083824385,-6.55860216455345
1975,96.11481546911114,0.02443184017803416,36.31242530397985,2.459390752894441
1976,111.24112719986013,0.32099756368602317,37.10174100172615,5.615401996703194
1977,109.47526462122858,1.0022361667029254,36.29459885745452,-0.395325097436861
1978,92.27122332176391,1.5602555295309308,37.17833380362492,-2.286564532783521
1979,104.07052287124534,-1.9516029128828867,38.11848553853081,0.7783769384419341
1980,90.28343265458714,-1.3154413070498456,36.33532047053297,0.27739959382690244
1981,86.20381835211069,1.3094441014026479,36.85774484783039,1.2145127035562573
1982,93.73282775410036,-0.2768893557688036,35.73827131874376,-12.641225501568572
1983,108.62393472382759,-0.6717207892580773,36.84953235351493,-5.345521455829816
1984,109.53125045376086,-1.2541609869956039,37.321358576315745,-4.226150527184269
1985,105.13085420097293,-0.5550167015441094,37.360319615678634,0.7543381425578126
1986,107.25095786847997,-1.4023692834238248,37.038681865142046,0.9293894181113317
1987,105.16178287114958,2.091094272732477,37.44463171237949,3.18090244342018
1988,93.58518404777048,-0.02243605198057349,38.27302726797139,1.287908746052184
1989,104.31922544673941,-0.05795054176271757,37.8561523437188,-6.503675351936678
1990,108.00409525227683,0.5880766751678318,36.73873953529518,7.235023087925301
1991,107.54291329813574,0.9623451692665695,36.27444800676663,6.359591517111831
1992,111.88913371474644,0.9458881565546393,36.7969242917131,-6.290986450134629
1993,107.08303847201064,1.0736219439075716,36.526508617191325,1.6635264718709144
1994,103.51448207541583,-0.6308455507908564,37.225673773932314,-2.9771219262150788
1995,110.70150238316427,-0.29786680495686124,36.40940323028525,0.6943199460027412
1996,99.7347874075094,0.7690316554422755,36.96358878370483,5.266551398209352
1997,91.18125348772283,-0.52738906163962,37.41900702726816,10.650521331604795
1998,98.36933036056236,-0.005106632027225022,36.94965206359141,3.7563885257130507
1999,92.55097355193551,0.39876376442481426,36.5268430886261,1.4746736755506797
2000,93.24821725025619,0.7851850823103762,37.587407028792846,-1.699105841541486
2001,98.55481329284483,-1.7776809623702012,36.06050952762309,0.9106743550558822
2002,92.07580079000039,0.7147456498889451,36.83610247206127,6.798859466641568
2003,96.9203847036096,-0.23372405785172545,36.97916998830933,-0.22354378379792675
2004,81.06385333046214,0.707457710864381,37.00795432919981,-4.430563256738251
2005,102.13293707372938,0.7769316923548287,37.09024802803904,-8.098449327583133
2006,100.01205475362224,1.6079150611191575,37.30521990990475,2.5652393370512536
2007,91.82911368931809,1.3534536476212031,36.98229628047732,1.2364406281386966
2008,106.59245668432405,1.3465716626102961,36.81597085892816,-3.229540866311483
2009,109.37570137626558,1.4436703191662383,36.79620532767015,5.1300706285364885
2010,83.92440135631026,0.29137898481594593,36.69424209898082,-2.1088843219381523
2011,92.37275221433785,0.0321850870368397,37.39377166216343,-0.673220459123976
2012,92.30857650212701,0.8728170831783344,36.67673576026174,-0.08332066648971759
2013,90.60096898891135,0.7320809514330224,37.42338555450412,-1.7547637106904403
2014,108.29474841931749,-0.30906623673826017,37.009499541129934,1.1793253287478542
2015,98.06173861227197,0.40482340880826806,36.73937259657193,5.757575729665005
2016,97.35485158689389,-0.03509646678459442,37.309203607872064,-5.712409490592114
2017,79.96137635593246,-0.853932908460056,36.63627303763844,2.4426006923700436
2018,106.35418030209226,1.2904607413763498,37.31909202036411,0.8607933480322052
2019,87.60741605146528,0.05519924253008922,37.10636306059589,0.7688191477235312
2020,100.59932630266329,2.0487082576988507,36.70183765545404,4.359222849370454
2021,102.77376937958192,-1.6254922701998327,37.26431740766728,0.24648712608579348
2022,113.60658595838652,-0.5567787728433663,37.27329486284432,2.4011463095285146
2023,86.91179600880888,0.03263883669087142,37.578759802904976,3.5793231478557357
2024,69.80487844179174,1.137381097628914,37.48307350620465,-2.521826001903033
2025,101.83849544753694,0.39946937260218507,37.24563701036314,1.4959173040689917
2026,118.00511181510853,0.31047275418075143,36.43620452439562,-1.2539380360531596
2027,112.38946352939438,-1.127263792554147,38.22429349408703,-0.6634088985994775
2028,102.09659415274626,-1.1569413972294713,36.2981918944641,-1.6103069823916596
2029,95.08363814367952,0.3225046602899047,37.474631587141154,2.355402020484432
2030,108.0712259663731,-1.3641059938183584,37.215641908443146,0.40822354509126857
2031,90.26453800295532,-0.5318777502893286,36.41292881375944,1.9727201715833718
2032,104.7635776935622,0.5009173290858575,36.93784953056075,-0.08758681447874223
2033,105.05470159166627,-0.9823242722767759,36.96062355687768,-8.020605062351624
2034,110.6020990749888,1.6053559623618066,37.652791357905265,0.15684208049854237
2035,127.59660038911078,1.22393634423789,36.6433445498599,0.31768977578408497
2036,103.92415967178766,-1.5714199983383004,36.86902749678782,1.212979685767301
2037,94.91036374292501,-0.9323712431819872,35.83196519748937,-2.9686459684287096
2038,99.74425687808005,-2.28577724449495,37.86738139656179,-5.97734858332756
2039,82.30924095110882,-0.7825913625481332,36.46476587848996,3.12303322447139
2040,93.05286868910942,0.7663884765723994,37.16345543211959,-1.3680327826708445
2041,95.90717561886896,-0.4138949422748569,36.94929608513907,0.8562202384249789
2042,94.75911602065408,0.46079724361596747,36.95099951660833,-1.4073003994414781
2043,101.52354872033722,-1.5223343182817441,37.40493099243544,-0.030309128867974017
2044,91.775800676178,0.7979752545819053,37.83563123015182,-2.246426739679041
2045,111.21030667324472,-0.5551092279283498,37.125746834971,-4.840417945769141
2046,100.00207064918197,0.012169682282905197,37.327539008815265,2.3686583038432856
2047,99.90699678861385,-0.09287450139305273,37.16444576836352,-3.0156004411306006
2048,96.72105283487082,-1.2715485208922839,37.50876571196531,0.8197574044740531
2049,101.55190683858979,-1.1530843317397823,36.768541810256835,2.052301109510389
2050,108.25098264667635,0.967794469003426,37.53769527720821,-2.9340635780154085
2051,91.32869784289099,0.3989921575016956,37.55524993282369,-6.0194281718649245
2052,93.41883510924744,1.0500490415534267,37.54126850434145,12.130428069265264
2053,96.96273971223336,0.3246582355025183,36.66992606633176,-2.6388593797271302
2054,86.54129076526785,0.14299063480921648,36.915831182881405,3.117085793005792
2055,91.80742140278502,-1.7260106186667665,37.11973349439022,9.69731774785062
2056,95.23779126455341,-0.27036669676116976,36.3145789775855,3.949538734269466
2057,108.74389180712727,-0.027384320403744018,37.797460104043004,-1.5022140441377576
2058,102.62561329001925,1.953107198272574,36.99386173324891,-0.33558193767555655
2059,101.93589911367545,0.6869566320986773,37.14196394380236,-4.163036098694242
2060,108.50897962167971,1.5360611817095284,36.7114977801364,4.408482134788711
2061,98.62628211600604,0.5975377058947282,36.33656122031649,2.8313535402934416
2062,103.9046484992889,-0.7113032269494793,36.69798505726261,-2.5721290913087156
2063,98.96778247067503,0.11712421614985134,37.1096020938168,-5.210874035492222
2064,102.65362349399628,0.23622364626423303,37.33671440637685,-6.606168688318458
2065,94.17241342388418,-0.9391555697706817,37.08089577030136,4.9325700190210044
2066,75.61182841723571,-0.38438737659292116,37.173362008120975,0.6018656447778038
2067,98.65720837813696,-0.205766993677172,36.831486812659314,1.0749226816637578
2068,114.2274813609994,1.605619832565118,37.24812428312271,-4.114743129311787
2069,109.26215402241593,-2.0807405253909783,37.74141643319295,-7.317515516522031
2070,109.6539748459117,1.2058184207160432,37.3523947212195,4.813067873558162
2071,112.36130721806218,-0.9367952349593828,37.40477094412647,0.2101951849861537
2072,100.88657590961438,-1.372079187269614,37.147008199653314,4.536173300288102
2073,101.97315707405596,1.179942130038464,36.2484224652002,-1.9296656325778205
2074,93.8234810456565,0.731898069234381,36.47766673468438,-1.1840892151842919
2075,96.8392714397295,1.25451870238119,37.22743790033192,3.5664908831031603
2076,106.15771149771142,0.8007019475455768,36.99453047401996,3.661740398252623
2077,112.03884437168816,2.059845001737402,37.219921443236416,3.9878281134297704
2078,98.60553724319,0.5587238369444854,37.83821170892204,-1.476006265513481
2079,95.49810735148588,-0.15647737612315848,37.36301799961467,3.072736188254339
2080,100.00527958856597,0.34292637732134257,37.62944310287141,5.545497327383594
2081,106.01206748929116,1.2434691283459636,37.04734069473537,-0.5238600584076716
2082,85.56145183866458,-0.779375325260117,36.59639216125778,-2.567441818870268
2083,77.03819046862762,-0.6518885825313808,36.97106692039283,6.713738016583829
2084,94.49463150508416,-0.3089600145979074,36.59762409314043,-3.2722286677565355
2085,87.79287574085842,-2.1045827987653323,37.77914747838622,3.147382485572385
2086,94.9185980235269,0.13807840841754684,37.395195538267735,-0.29211155259930677
2087,98.52219681182528,-1.8861287039510262,37.26025624831414,-9.207828082422802
2088,95.46751590976987,0.053059312932619035,37.61797160111405,5.642970337392901
2089,114.52467534470745,0.8652897561352498,35.98997179273839,-13.78926814773684
2090,103.2674476460232,-0.47687646064383565,37.29406897567133,-9.920640333788045
2091,103.00474359610828,1.677115870186871,36.344677107847815,2.6366503974033586
2092,106.22207144043402,-1.4605008994184878,36.99637215076717,2.6353559933905766
2093,88.61166882219231,1.1912606816318325,36.84414620376639,-3.1878992893876785
2094,110.39111787420269,0.6751370564069208,37.33086830604847,0.7391104515162246
2095,99.2423571346454,-1.716033248310689,37.11409364448048,-12.657150228890025
2096,106.70480617241212,2.7107942990405327,37.67255858680589,3.534877322352996
2097,89.28142766959844,-0.06374528550396617,36.699051419533696,1.248627435267985
2098,84.46241233983936,-0.8774840221556317,37.35455719481664,-0.22821426666897704
2099,108.17889658025028,-1.407087194784017,37.08111160844942,0.10420741068886011
2100,103.76409526097517,-0.22001802765967404,36.182354864964225,2.4662708809651592
2101,90.9794844564249,-0.12740687238995974,36.54069177073848,-0.14450761748930474
2102,91.30336918725305,0.10264552853966442,36.925060983238915,-9.3702775136561
2103,111.2543478441477,-0.29779615622396016,37.55614622494586,10.981661172612613
2104,88.10588107132672,0.6332253101150935,37.23186152877856,6.004004097142256
2105,116.42672953255963,-0.38762983266324635,36.41624958805964,-6.424723309774141
2106,90.99379265352131,-1.934964117240471,36.92984188597642,-1.7256861523829523
2107,106.38391925608383,-0.1493614956496412,38.00890322439651,-1.1801709507802043
2108,96.71381524251015,-2.367477653373278,37.05561166742043,5.394247832544817
2109,106.03187431082343,0.3537706308913895,36.8363372124638,-10.796344676598839
2110,94.55885997885807,-0.9793002302826354,37.24586982037811,-2.495041322148946
2111,98.37207093927705,0.16336035491580048,37.38169653979099,-8.803182216687519
2112,100.40919175395722,1.3140749815246042,36.77191582625997,-1.4254775791416918
2113,89.97812544218527,-0.9487486952680001,37.25128738718572,-2.362504465424522
2114,107.40824345420125,1.061256258512118,36.835555251664594,0.39847033691356115
2115,94.86786433528415,-0.4333895666861532,37.35966380091472,-3.024371995045917
2116,97.71400084659982,1.7531948020655854,37.08484657898564,-3.7551169569526213
2117,90.05650625391488,-0.36515261319821335,37.24098391352645,3.0982834588157395
2118,74.3766634120469,-0.8404929855066914,36.62040822691625,2.273363704712902
2119,98.08972237399831,0.6872384503952884,36.58935680796357,2.756991713891211
2120,124.12615421612915,-0.43578972962363594,37.4727486523297,-0.8845004524542133
2121,107.84604287898024,-0.8414495141290085,36.96030180930725,-2.8586929111259467
2122,99.80739620265605,-0.47783985070379115,37.14251737104968,-0.5942624101038539
2123,97.37109170791733,-0.04460653218300141,36.84680228645674,2.505810350342261
2124,100.22465892812046,1.342180131244854,37.44936338700682,-10.883898504859243
2125,105.4711911517521,-1.934087745459577,36.69609500998517,1.97055965185429
2126,133.93938838961648,0.023080658950420673,36.93219938004956,1.5456909366739895
2127,111.14321694668872,0.624903594654043,37.392996406351564,0.31075453042863493
2128,107.15381315441245,0.1934485749917961,37.58648384958213,-0.7465671093583758
2129,107.18185725707934,1.3098651694335341,36.73812035448666,-12.830596929662068
2130,104.38475738809727,-0.07434532975852426,37.97984199097794,-2.1992663155020296
2131,100.1961665769399,-0.18455144218594516,37.156620846846806,8.947193555386866
2132,106.7286123596682,0.5923295470133433,36.47853586909563,0.06450647784152841
2133,105.91814133741379,0.09931381495134962,37.18452602429498,-1.5364491933735904
2134,96.45959289058976,-0.390408738280471,36.80850039275827,0.08453097795056294
2135,94.26398227103098,0.5161440395863797,37.21703424359159,1.7738643431400427
2136,101.01856295261987,-0.6525282932166452,36.97857187616983,3.2941012234473215
2137,115.49020151495188,-0.6111771520193271,37.03713684509507,-1.1444008157897092
2138,87.60892924346099,-0.5279940217656136,36.54420331170693,2.1245980119684185
2139,85.3247473424756,1.3530691601664073,37.49503061535818,8.383254013806798
2140,101.64760841236517,-3.2210163559857135,36.421936316424485,5.031253997163576
2141,100.50887701856018,0.39559883476294233,36.445617552297506,11.701501079284897
2142,101.73341664370409,0.034271814200222225,37.183680174573745,-3.2838517917585817
2143,102.439531979085,-1.6808704592381203,37.801422123588985,8.380947537510076
2144,97.76797745365195,0.3097267791360022,36.82370345146779,-3.9533681996129735
2145,114.89863438602082,0.475751991831532,37.35048616135198,1.7678307337023167
2146,83.99096021523485,0.5896392313574,37.53667008843177,3.6623826461904967
2147,91.71502975219754,-2.651828063044949,37.40734221864703,-2.553885959522362
2148,98.96745239850952,1.3663894118544384,36.84439585541316,0.4398213873713785
2149,83.56811188845833,-0.7377367046848409,36.45447664140296,4.552305512259205
2150,98.24145595567929,0.6865677467531761,35.896226217164326,-3.5513544915595396
2151,116.61470165728018,0.741073780682286,36.8685797502688,8.346917297738235
2152,100.20886488295962,-0.8766970856192929,37.58904368428109,-6.922983123636745
2153,102.30700905718683,0.6604599523515503,36.437917007619035,9.698457213641921
2154,87.3983523482742,-0.3854932409123582,37.35010492375938,5.006630673997961
2155,93.83638591960522,-2.0713771793381572,36.52492373497407,-0.448627881638893
2156,96.24803619676064,1.167741925527779,37.05303628819342,-2.0133410561836573
2157,96.82284903243766,-0.7750449630162398,37.35389580707751,-2.535141313955118
2158,112.81643795003768,-0.8544934627380543,36.67025228158079,-0.6789782012850742
2159,105.57691060725125,-0.4030658680367221,37.08524234034846,-0.2424793077441313
2160,88.88542043062968,0.2722367253273881,36.79245433163734,6.276131233172908
2161,102.46504778432005,-0.05727041082210227,37.352574329469086,9.84327050192292
2162,104.98221748496785,0.5480669247071704,37.11765858424232,0.9968996032700386
2163,111.40149038521267,-1.339489366528659,37.028253837214635,-4.228142439947021
2164,115.80540686568374,-0.7423863704307346,37.77917498007099,-2.72863020318097
2165,89.84905808172131,-0.11599707232153356,37.331153071184154,-0.9154539230564224
2166,91.89142488789662,1.8978872926587056,36.654824066936854,-5.150610526483877
2167,87.42422141085383,-0.11381253841375806,36.95706804960112,-5.8947070105368935
2168,97.65980140893019,1.0852222636616315,36.96205060746017,10.485636061865137
2169,104.66358374446335,0.03855516878431771,37.04015978631261,1.5130676297312704
2170,109.87334516589102,-0.4836586374375685,38.262254638303745,-4.165665668401734
2171,99.24048976357477,-0.24672442411444054,37.1854259463555,4.083017851788563
2172,96.80152476745155,-0.16841971202888115,35.98204871494761,-5.891730624034228
2173,101.5175799224874,0.6036457389607386,36.72860051414152,-5.480060239355268
2174,91.64857098369977,1.3746112675765545,36.0338139562521,-4.015212005321225
2175,120.89538721694774,0.3596808476863211,36.83510087147708,8.272566404325167
2176,83.92338972881942,1.1870776787417554,36.006344885136784,-1.2644003288918695
2177,101.84740578895725,-0.9647897376296856,36.564204764465785,-12.208534934512434
2178,120.2360621922964,-0.4146305088140306,36.23963923518294,6.050329665877966
2179,100.06799844559998,-0.7243025342076668,37.19208008898374,-1.5319068208117872
2180,98.09960964998506,0.31444459087485255,37.00026968131444,-9.247040029392029
2181,96.42554577189573,-0.35895838517941375,37.151481153749366,-1.5834174398170489
2182,98.19608318237592,0.7297729370341954,36.94772430571574,2.6050194830245155
2183,113.7284847467653,-0.9310017116324415,36.30285112489779,2.0202458326648465
2184,77.88138088670493,0.04303097332128144,37.256760684627366,8.992074895824096
2185,115.33433701296326,0.6868579110122561,37.96111228013473,-4.263839312849653
2186,85.76042847549854,-2.0653027750406103,37.20460628930327,0.2336006013248615
2187,97.33347670765585,2.1216313073302033,36.787037700341216,-3.4978463928921095
2188,95.70755579701338,-0.2831518848798757,36.28596641194728,-7.710964470936115
2189,105.88553269770719,-2.025039913676173,36.54596651462002,4.427636861529774
2190,84.01875648116253,0.15809389857678602,37.22651982828603,2.3163478457376008
2191,104.62172666081943,0.03344346797315094,37.53655901339969,1.4183922484942635
2192,120.24309623286852,-0.081894379572493,37.13043308736099,2.133950966293223
2193,86.3682599540719,0.9911911129266663,37.39994364485299,-3.4273642634421004
2194,101.89706167610396,0.7474449714270559,37.353839122013625,-5.028475436590966
2195,93.3801782220339,0.29787619102384516,37.253267195692956,0.18823686084680136
2196,104.25887206193036,0.45015563394664765,36.67076320236937,5.80605701205807
2197,100.19147777415752,-0.10435844943808653,37.08696175598757,8.040385677267736
2198,93.58513090955691,1.7754908492400483,36.57581109805893,3.9771635340371647
2199,104.87872284871074,-1.4791960183577666,37.00871447647905,0.14587213384047973
2200,118.04348109786743,0.13965167421589658,37.165431765533455,1.3489196469996803
2201,98.09096208272702,0.06502463118878012,37.839391903693425,0.057969296626857195
2202,107.19757942148182,0.813280406064593,36.34513401281618,-5.129716698497141
2203,87.06727042128836,-0.8438538774248993,37.24075381549565,0.12323689105271474
2204,153.70754845983777,-1.743672602396536,37.7406182958118,-6.674134087942466
2205,104.72406277880377,0.15682301609819319,37.3794238829194,-0.620386130515198
2206,114.84116028535965,0.28123049221860413,37.41647272141252,8.180525552981596
2207,103.5561334878566,1.489599409447649,37.2938474509339,4.114296113916759
2208,96.86941969476845,-1.2703620463250862,37.64916724488771,-4.615595921182648
2209,99.99291405423354,1.15469376671672,36.456260915943815,-0.362145348211416
2210,87.49592266030282,2.3674143640271215,36.30703666701488,-4.1718815587736895
2211,106.04515326355367,-0.3777648875224771,36.99683292976737,-0.3125688408860501
2212,108.82333062323409,-1.290942219493224,35.919418948214144,5.205539082622815
2213,95.4790966716692,-0.40697436637337114,37.615322902089005,3.265039691549519
2214,95.29957852240499,0.014004967371380734,37.61035759774772,12.42072040372668
2215,102.65878229652049,0.5637878750069146,36.783324722457735,5.9623870125378575
2216,95.63280263959405,-0.5913947298380474,36.81461470166975,1.0200019053884573
2217,99.33867385374178,1.555198534147342,36.96382626242467,3.3857498706664657
2218,120.99721789166516,-1.1145323150080617,37.02601032521981,-1.0122158709166786
2219,97.52974299254004,-1.7392051521728,37.063586959597146,-5.637521235432481
2220,96.41659847978778,1.1067104242873174,37.279116053439154,6.528882891437603
2221,93.52458194364841,-2.2746210312061996,36.91368682349576,5.04495738465824
2222,107.44191971499937,-0.20412976887271617,37.4715966517389,-1.2052710729698213
2223,98.18775826781896,3.1176811292080475,37.22297388856265,1.369678684656691
2224,93.50626961678574,-0.0120435529599315,36.69651827706368,6.204695936924032
2225,113.21304032273012,-1.1207676506962496,37.66755633390205,4.2317571310301005
2226,114.19603004513637,-0.057397463786793744,36.32087150693876,-7.315506256248494
2227,93.99576434261294,-0.05080078861953355,36.953917094589265,1.2181001074491213
2228,81.33460048639384,0.16064994035311653,37.48345870053773,-0.8381576274418201
2229,110.07513689836922,0.6622629821596197,36.63846344754393,5.565003495693404
2230,93.15370174239996,-1.0391111683677392,37.154777823383576,5.155213693913306
2231,107.90625599162769,1.6875480552367936,37.27166979849952,6.593039140890225
2232,80.29896182288164,0.24511428437261784,36.56973806600938,-5.589471693601038
2233,108.92597338299309,0.7267940464018038,36.96376114020298,-3.9205576702811937
2234,87.8882807071922,-0.6281493997556425,36.9217480848954,5.570412180677193
2235,107.30764119066525,1.2863821369955335,36.72413107408386,-2.9582290767122283
2236,100.14273067836434,-0.2570524088130647,38.15083742602539,-7.607164904571537
2237,90.46060580603356,0.2775525134935317,36.61844682327726,2.6629824380703266
2238,95.9296368707322,-0.9331060771871093,37.502465147033945,-2.736092201329864
2239,106.86318456956701,-0.9969316264021268,36.80359949155943,8.948953851542003
2240,101.05894453115235,0.6882053064528827,36.45668190555736,1.4809227699423178
2241,105.84412980472484,-0.44360683020738595,37.05140712157753,0.8012964332083277
2242,119.76440584515485,-0.8538230875043771,37.32454669219375,-1.8462194580787852
2243,84.35758388288949,-0.6431833420270304,37.46025478753284,7.954176669634857
2244,116.17212574968624,0.6989530717174212,37.78113255532754,1.7927722994491047
2245,101.04355937523214,-0.6290378612036109,38.47262314496755,-2.042497590781032
2246,91.01215951676872,-0.11765493160216407,37.1252571018778,-3.9704185330272344
2247,86.6968637426101,0.015027750287097009,36.668453913087305,-0.3673652728210894
2248,98.10879609222967,-1.917348886010299,37.22643716339745,-4.888234185774028
2249,109.2165011192446,-1.471126405373518,36.86689352479675,5.14438720839472
2250,98.72450879622465,0.3362778892475625,37.462983064926114,-9.04171027012117
2251,115.11154930247348,-0.7370293611526971,36.35141785181714,-0.697570141665354
2252,85.48824309948441,1.0567249112804185,38.18416727120022,3.0506677254396717
2253,99.87911052153946,0.9668071042505444,37.42802404738776,1.7105971005482856
2254,87.47606555586881,0.7191686663554372,36.157997991101915,-3.5864148650783445
2255,103.63631882624968,1.8197717873125976,36.645485548842515,3.301293533532746
2256,108.868873900973,-0.08308932774318312,37.40804052205697,-4.4301969419295375
2257,95.79238206318946,0.6488819259038391,37.58817202808573,-0.11192328248405035
2258,73.95786143372865,-0.5844009765960311,36.36388118638402,3.259207859901778
2259,101.98948146796495,2.4523699128687237,37.35651292521647,2.314563897465566
2260,104.3673855173351,1.9836336524360194,36.026330063669036,-3.37519505709734
2261,104.04294754961698,0.01188043451779194,36.95533206726448,5.987472582821817
2262,112.35782191822155,0.3865862299051922,37.556023421051606,0.4334728574276703
2263,89.28946320350951,1.3592975993648058,36.72424213494851,3.7149770546957575
2264,106.8021610545045,-0.14713950481410695,36.246538850430994,7.645505033366237
2265,111.92507512477975,-0.6566240707997048,37.07310739818878,5.587602743873035
2266,82.21412415993484,0.8739897510068825,36.69764056668226,5.600647031655219
2267,141.42330784649207,0.07843924608367009,37.31477918303292,0.9633996492473612
2268,94.95820168992329,0.1829944496452604,36.55733678389097,3.969675604552548
2269,99.18477326898355,-0.8342713430679655,36.61368155517345,1.0679828728215803
2270,103.47676483538336,-1.7176721483633963,35.989498839561875,-6.0466223388920675
2271,95.12771435886448,0.23614240987910107,37.08497235552574,1.5137189625252119
2272,93.24291920838388,0.9049620414941998,36.9195475308617,1.2818049186923275
2273,100.34152417488025,-0.22580674907604184,36.40580766462996,2.918646807609096
2274,89.12754061137197,1.4364295195588668,37.09689935688355,-0.6399848760669758
2275,89.14174871114815,-0.7039163254155445,37.51353515032207,-3.8072777838192535
2276,106.79373282956503,-1.05470445496592,36.89221602829053,3.2825304158761353
2277,88.51205964841344,-0.06723030719613125,37.13408347491099,-6.56636143626124
2278,106.66312500909211,-0.08259257535129046,37.13665562479258,7.294095679282346
2279,104.6259129285395,0.7699687313352226,36.39783508641052,-1.157090306024962
2280,82.74193271209404,-0.7749628240639848,38.0282929103538,1.227640860280841
2281,93.22435347664344,1.368094236814898,36.764575084938855,2.79279076640786
2282,111.94109403047372,1.9669169625082537,37.328058100930136,2.9534402242209543
2283,90.18834468860318,-0.03914402696834188,37.384607638614526,-7.044921499758674
2284,95.35595737690612,1.2497104201843185,36.93020243644212,4.120432902721318
2285,104.62060893251896,-1.05649707062526,37.30339751252982,1.5157691418813668
2286,107.83390509282596,1.075221541181916,37.122909610908195,-3.1763069227930445
2287,97.48461113955504,1.0472764085594626,36.2911801213863,-3.7483347547295693
2288,94.02489805308359,0.8634372801898786,36.833863649374955,-1.6702654102842274
2289,114.22369861698508,-0.015563088870293978,36.69372454882297,-6.4937084330524595
2290,117.3889966379758,-2.954248941242031,36.76912747932693,8.611336954935128
2291,109.78858050781795,-0.6417271436521294,36.34799841108168,7.430756625716722
2292,100.85318142565023,-0.625916017684602,37.56321685837302,2.2585010048796965
2293,91.91734278359074,-0.9782549380604774,37.800996327306706,-1.1169920817104544
2294,91.69555593443435,0.12224300454706621,37.489001487999204,-0.9855399396869766
2295,105.22514105265758,-0.41896344552123466,37.63526461207357,3.7903285308698402
2296,104.18398220888683,-0.8246120097650219,36.82768258149592,8.789134497509753
2297,114.01598592946429,-1.0588001482478198,36.68187158250698,-2.851983697983716
2298,106.50450092536138,-0.7155129854852287,36.610706476594146,-5.587930213116621
2299,84.96919698240183,1.1214992118499283,37.322032461478614,7.738203867976355
2300,110.51947617722918,-0.6610250546274942,37.113531526572075,-8.935692937922257
2301,90.01939372685587,-0.5149387064332724,36.96138914420079,-5.042654041263232
2302,96.16028728047648,-0.45669761502324635,37.64757427209767,-1.234289462554264
2303,102.50200206251695,0.33899351380941967,37.20247067690767,-7.802167339025155
2304,119.95667489783965,0.4562494885285328,36.58067118123971,5.5607453140329905
2305,131.0991855600536,-3.044656539243162,36.659545585432156,4.2845263525255
2306,106.06723059136183,1.0216352138276081,37.34099664962707,-2.873966136076586
2307,98.16803381279612,1.436368034243754,37.520866426327295,6.398070595888738
2308,105.3450564848055,-1.0501865373616694,37.27584011612799,7.246462142019131
2309,108.87655425873837,-0.9722982447348347,37.94844437393604,-0.5658532414503177
2310,96.79332374442808,-0.45025338777827145,37.81750358286571,-2.2533408878400376
2311,117.95211355912322,-0.7560040194566048,37.22051791742538,11.29801013871239
2312,102.30070759191402,0.22392687394660638,36.580709670259246,3.605809110420775
2313,104.97743089091394,-1.9465252863588642,36.34500624413412,1.2816232648442667
2314,106.65924252054461,-1.1179276080367397,36.80630912749264,6.817729733198062
2315,104.21586610614456,1.5391972001749075,37.37660672320808,1.5096531750151068
2316,108.38940500469613,-0.9282199673480178,37.91332353965597,-2.528102929595942
2317,93.82746813453076,1.2434282781029249,37.2087235172054,0.4007988024377674
2318,94.4169824605397,0.35533819559013685,37.58436139711562,5.193271436598676
2319,88.99845767028305,-1.809267714588258,36.8773462569061,-9.960927831746067
2320,104.39501230620226,0.6353291952162062,37.311384562613775,-1.440153697196105
2321,107.78936503512114,-0.11766730219285336,37.41167841473859,6.915286992908025
2322,104.57772866151886,-0.4554670562497405,36.01020286207373,-2.559342005467588
2323,116.74492433347538,0.24495709317200393,36.79328059881175,7.730542802157049
2324,99.94403981170953,0.47463348556679213,37.47485019213894,7.0737190967990635
2325,106.68741655592513,0.7075918219746196,37.137234167818285,-0.32764557744475664
2326,89.08299123860685,1.1782528475480023,36.401742475924536,-2.8426965244450035
2327,96.12900297525599,0.40813591277835637,35.784938812136325,-1.4367943707481725
2328,106.95537757565778,-1.3756340887863618,36.817109627349,13.323072460007172
2329,108.49102110743144,-0.47364545765119104,36.96420715355306,9.37212223466622
2330,97.06033052335818,2.9430483352686214,36.55803852508583,0.6269548590336915
2331,99.28400748141934,0.7244910603817276,37.071542468514,-3.040767758102047
2332,84.82126253319191,2.369287300811497,37.25319337361645,0.5852051779063158
2333,96.42970799193391,1.3954340821991853,37.33534358536312,1.2191346330838235
2334,108.90383163519786,0.24180207155574857,35.82204053753384,-6.21679368804677
2335,105.75205016106567,0.3014070697811174,36.34285745109594,0.4002063460763009
2336,105.00665721381209,-0.03658003987684579,36.84768867582263,6.6120216240586505
2337,100.49773687180961,-1.7378046158464995,37.28608656551873,-8.996783406082367
2338,100.07063158628176,0.01804725246822428,37.244617006775016,4.1329198256862405
2339,93.39678860526553,1.2106745525421971,37.235934973938335,6.873989850273898
2340,106.98828420202534,-0.5996399948212037,36.808291029015535,-2.802786725471841
2341,104.20972944389389,0.41195299906180954,36.83618328134502,8.470878790955283
2342,104.92018847992799,0.8515910458931973,36.63583536578913,-3.451685312241727
2343,94.7396515733242,-0.9096804393124754,37.38409706405292,2.2054133093020187
2344,78.46657080128756,-0.4513028643436646,36.539755606130214,-1.5338634233181518
2345,110.97152711753695,-1.0179114904771591,37.42501819759479,-1.5349817858130177
2346,95.21162543991596,-0.8221656066894069,37.10392661906882,-3.0864953487902276
2347,91.37224235956879,-1.2876052836530612,36.97747776077242,3.492877404310099
2348,106.93478911913994,-0.9004484613780268,36.671644800111764,4.244027288657246
2349,96.07987360080871,1.4194556807978391,36.322229069417936,-0.32211099788594344
2350,110.59936384046622,-0.9154770290902925,36.676173621810975,-6.799841068361371
2351,106.17005949576698,0.12645921906069005,36.834996565687554,2.0158508331719487
2352,106.83569323200477,-0.5028687536709558,35.81548784420937,2.1100717970534695
2353,128.1596530149349,1.178865937036939,36.90132242233267,-1.083575056932137
2354,112.11943985386401,1.3111622966036165,37.462178684013004,9.336156435904043
2355,102.61250531233856,0.8640699821389469,37.28360895271694,-7.81964632450327
2356,96.30722860753797,0.30613455310275534,36.751897062129245,-11.08641855126784
2357,101.43388467342251,-0.23105953684089858,37.023468149207616,-3.6541744984883544
2358,82.2376476710168,-1.1918747041912499,36.721917715289,3.5521226704572473
2359,104.08652811480671,1.9435288811221971,37.074380366667846,-5.279223187169205
2360,89.70628491817928,-0.7596730177525534,37.77005391187202,-4.904854592630377
2361,86.47329714156466,0.6636463470328414,37.48424940131244,4.755106680890774
2362,84.7764081378211,1.0595655726233972,37.26039715284637,2.3127396139887484
2363,111.12688374989925,-0.5552804969053294,36.75355754380814,1.8853045481419992
2364,93.70736606307212,1.0380125273159622,37.37496919647242,3.907144597327641
2365,115.337277099165,0.7642132033388553,36.156561524313474,-2.1259647663644214
2366,94.64198536947703,1.7279638353817652,36.87382325900455,-1.8949203702909565
2367,82.92642042407053,-0.4693464664267112,37.29185570991198,4.048896362807125
2368,88.8347556005134,-1.2858640172797149,37.37021060702388,-6.7244339039059975
2369,112.35811620006939,-0.5054897554445111,37.33494224510787,-10.713599231992731
2370,98.44101822063332,0.20885354253433172,37.147415344604845,-2.166420868139272
2371,94.51712703509399,0.05821272708505647,36.90213751045806,4.654366445328458
2372,101.60018225852788,-0.39343789627455045,37.268987984913245,1.2777984949340162
2373,105.01782736167544,-1.909197458977243,36.52356947970685,4.286457520615077
2374,111.1739881590246,0.4704829961291065,36.577661368353375,-10.081471552115826
2375,114.48499229892926,1.9723444790822,37.030867338230145,1.5774840416174587
2376,96.40231354210914,0.46425123812300356,37.08659882135437,3.2693225232118897
2377,86.73952313917962,0.6091355190535136,36.08719241071768,-6.753987113053423
2378,95.86534838876725,0.5724453061551018,37.22757319047476,4.3102879527327245
2379,102.60280506582886,0.3970466698823999,37.386364188959696,-0.5575944825289644
2380,90.3624107378939,0.9316659668680948,36.96135738126685,15.35668350803001
2381,90.42849085104957,0.39537368118566585,38.187233141642,-10.886180344483678
2382,103.43787881549885,-0.31267716965327597,36.65853244684241,6.845571838373754
2383,99.5134764842955,-0.795988910008754,36.819456418306565,-1.9707904826303688
2384,100.32796995411587,-0.24897365528067522,36.802466546936394,-8.085758572200218
2385,92.41504665299931,0.31412949645066596,36.96190619435449,-2.63477571782496
2386,97.69599285794233,-0.31608296112297335,36.83563759351686,1.3873962066873298
2387,90.75766855731696,0.3143386831314305,36.29659472769757,5.187333347825216
2388,108.90198411124787,0.43915013370041756,36.72672585188176,8.609821440660877
2389,110.35249334723753,0.8331794312701818,36.95118965211296,7.109465443521713
2390,81.53812137761906,1.2827949688389804,37.614286041031,-4.826910103522472
2391,90.7048913980759,0.0780074184788575,38.10112163668646,5.650823461330584
2392,85.03470744909922,-1.3077765651476607,37.667736948925324,1.9564247856043684
2393,93.49976065593101,-0.3451040968191901,36.6123104851637,-3.27301510464494
2394,99.16562030209639,0.044062567406599355,36.652095194686915,-1.0595529673874051
2395,85.5035478030147,-1.8357687561770901,36.92033571124532,-3.5492132972236194
2396,90.78140186874687,1.388664520102482,37.89227944442679,0.18546170968227918
2397,89.96042627918501,0.14237791251046628,36.917287973909055,-3.648289411470601
2398,102.07267329398944,0.3813528345802849,36.336246254731286,-5.139970366087195
2399,100.6934433703625,1.3655264625262657,36.749411431523484,2.39559563891386
2400,92.78262446662747,-0.6301428301423468,37.37852800090971,3.143652741298186
2401,101.76820872139398,0.5740419308840301,37.34497013844804,-0.9379850004580597
2402,94.53319915412735,-0.10986412310193568,36.89989166675417,6.838256519679861
2403,97.28344889673947,-0.1840868670159194,37.34170733678002,-1.3021529324755656
2404,116.73452090298537,-0.7721923878043793,35.863413898726584,-1.5138727256276916
2405,113.40461051790348,1.6656032136865273,37.051914617516346,3.3024449117284864
2406,87.00418763072402,-0.3755000400755709,37.430342710684315,-0.6621279247166838
2407,108.29732417879174,0.6994642468957021,36.58356836242273,0.4239886451307172
2408,108.11396554491591,-1.8750073874719364,36.58183073175186,-12.602192353095326
2409,88.51736711247382,1.1799885296897865,36.06677592361826,0.08353692368987446
2410,108.1877764375486,1.0522111559570586,37.79494779740535,-9.1359796873563
2411,115.37931918412554,0.09743411029730303,36.639923011489216,-6.104752854994353
2412,88.77455193755586,-0.22694246613792435,37.12052163893106,-6.676612693777525
2413,90.82497178985736,0.4000000056135664,37.301958520741685,-5.212915767669131
2414,110.17661466843502,2.2887906608802893,37.75603397457073,-2.7442692981612646
2415,102.71495310825648,-1.7632366989034851,36.92305111300718,-2.4324630777274265
2416,105.51476275239523,0.7820273875741276,36.73028510311079,3.3213760212856274
2417,103.40589216400497,-0.9116173021539026,37.086533824285276,1.111939070673485
2418,103.90695920928144,-0.019918396299731203,37.64204013827114,-9.505372144089929
2419,86.73527871688917,-0.24788011907866303,36.91491373429961,0.4164731877340388
2420,110.47317706621448,-0.4283182577977557,36.52256545920796,1.5912762329171364
2421,111.69589992427774,-0.010465129052729338,36.22962109584232,-1.6428325812647904
2422,97.70609255931973,-1.1341711452777905,36.38935130769739,-0.3044298845335127
2423,99.56523050186138,1.029180436127967,37.432195748703336,0.9515506269852835
2424,84.68892497444278,-1.7941435111986004,36.83968776184659,3.822997988177901
2425,105.14254756017834,0.539764512828342,36.696239545039646,-7.874399937313673
2426,105.72057441714144,-0.3265358525345711,36.64201638840803,-1.2215851931982449
2427,99.37808983000689,-1.1709248938074537,37.04252293010009,7.541680490288645
2428,111.24353359870503,0.2023833705986952,36.88027245311721,7.083306541489781
2429,96.6592276902006,-1.556951086706478,36.863433928140374,4.2546846388789
2430,105.646059258936,0.03971382171963468,37.67466196390537,2.6841234197783796
2431,89.80335661307885,-1.4228769078115544,37.769008140930815,8.273173742010442
2432,99.76447849125762,0.4612720843178312,36.1949891635455,9.589240008033329
2433,98.25645742097164,-0.9243573336303755,37.16379636557148,-0.6453999402342621
2434,102.25307922040942,-0.4509940170293094,36.6115689506893,-4.847162216441601
2435,96.30473071166641,0.2939493879431622,36.875874443069456,-1.3514615881224759
2436,98.68527404328333,-0.7725421118422359,37.154639192563344,15.483477568860266
2437,108.26047171441506,-0.05796399966830253,36.89364004153454,-7.846781713625971
2438,95.63235762761782,-1.5138305012448536,37.11522994031382,-2.3526956976470865
2439,83.93422899261321,0.6308756035961556,37.33648510301596,-7.063455762463157
2440,117.4958390420542,1.7649138055507714,37.14728840027016,0.6238193143869266
2441,113.81454078690487,2.7922088679099613,36.67658184791619,-6.013455144474338
2442,87.07737304894381,0.09116814666643917,36.68540019651484,-0.5437551141680894
2443,106.89707805245195,0.7882041407971867,36.280147351690985,-9.750475800093795
2444,94.97025229448657,-1.7806256729074892,36.57303985123964,3.088103325423252
2445,102.6348721533106,1.5027343263055881,37.981034180949266,6.111726282339874
2446,102.94224129013493,0.7762285047241061,36.603998212952376,-1.919718110317295
2447,97.65592199683678,-0.483933444951233,36.40331059377809,-0.6756500353785104
2448,92.16234334413603,1.2371808002890092,37.15996393092239,-0.8170361536565612
2449,93.0945894768374,-0.2544760766453415,36.94481762035407,0.9045533761251262
2450,90.83808084518758,-0.4580251830145565,36.90220338157539,-0.19084793483214124
2451,91.68177791769556,0.4753349254274913,37.70452298320605,3.84058476215347
2452,99.32821709950645,-1.0633544998303186,37.274563337779185,6.165195667254729
2453,92.84240010889248,1.021624764399948,36.73500353414826,-4.070356112460915
2454,106.8205206571262,-1.0559898119268434,36.78776204120411,-1.546642463871484
2455,114.87246155335927,-1.0500547898231862,36.74870674304716,4.508097244623724
2456,94.19946758629958,-0.9096897884083344,37.43736981079013,-7.1083452402951615
2457,102.39404500535377,0.7595000375161222,36.845926185273434,-9.853606409227849
2458,104.99685110302934,-0.6167753615197077,36.10342324877293,1.1315797644923928
2459,104.72002270919275,-1.3479957843671688,36.97584016063283,2.481732055352461
2460,100.75955267916088,-0.605679999935798,36.23148699943604,-3.6115009397679616
2461,107.42682418359722,-0.03204237068048687,38.09211530087745,-2.8932552706022756
2462,104.82248952680658,-1.1809724836643856,36.51716604307639,-3.800961608704494
2463,87.62337577672702,-1.1516811090343435,36.91906761732113,-4.334626196722172
2464,108.69156064389273,2.1112963340995843,37.12910136735057,3.467479103023
2465,108.87290837266742,-0.8605654038138869,36.85567091966038,-5.9024924349881935
2466,92.36713895821418,-0.3230423687730068,36.8549847992669,-1.3276143071667437
2467,100.37937835447602,-0.36723700079928584,37.21091364308044,-4.526680837574262
2468,106.83328992811069,-0.4213568077704419,37.76310797939814,-7.276444879506077
2469,97.90686180420639,0.6213467399691023,37.38375454090865,4.350890873733854
2470,110.72978047766011,0.9481429504720496,37.73925693928677,-2.5991261108676946
2471,123.6387249461936,-0.3059544315315921,36.47669044595325,0.9422004021037843
2472,92.14013967365018,-1.236478286592349,37.15868131662768,-7.540379399005051
2473,86.18955396846225,1.2744402278489033,37.07762302602914,-3.7096972687823793
2474,103.03818595604876,-0.09534109119668262,37.17554564583837,3.780439403475028
2475,107.21562505126144,1.7303218148571686,37.688115985317786,12.936357279226549
2476,97.69133626155231,-2.245585897565163,36.88960542510397,-9.881080321951558
2477,114.53260663321035,0.19540322128332027,36.79724831672296,-1.0055389764471316
2478,86.61394200276752,1.9186063338762078,37.26699039870933,2.0614029907174998
2479,106.9291862303161,-0.3532641354381582,36.11089863621708,-3.0805007661964185
2480,93.94139179241107,-0.22549342333463607,36.88157397543891,4.24760993497062
2481,117.19377906207296,0.29551169159033874,36.93290115535727,-4.333663353301565
2482,119.92515353168119,-0.5587958188849573,36.539820691846536,0.7692383010832066
2483,92.33343412216652,-0.31207193205273287,37.528529505678286,-2.610359522491799
2484,94.5044286409142,-0.33781509419140304,36.46887984132836,6.097155414773862
2485,108.59587886979801,-0.6274207344263732,36.932063475818104,-3.381822515178028
2486,96.12869350210485,1.2288565502005595,37.146578612661486,-1.7593689814325795
2487,99.54588782067762,0.4610780322964351,37.67672578073806,4.728445187485776
2488,100.2538842054241,0.25062823210330204,36.99472178255957,-5.140193295464318
2489,80.80326843802344,0.8085710068901167,37.46807679706411,0.3437502838178613
2490,99.86162253905762,-0.2643558332034669,37.35029769863856,-9.112671718433008
2491,93.10272225935826,-0.7742038183529005,37.06172877808457,-5.439667293145374
2492,95.06877177600228,-0.6026243046145574,36.45524329586327,1.9106563794540177
2493,114.43632003468814,0.001783041104608902,36.282709569547826,-4.953487547681162
2494,87.43493105720744,-1.059211708372902,37.05325270070959,-2.722864659118958
2495,108.13205186747977,-0.5002610165866755,36.72865156304869,2.4654320102396885
2496,97.21037069668192,-0.5161166418714347,37.459630545840646,-2.895930705734651
2497,97.20239831504166,2.1245562298290137,37.37292825904929,4.11421036608179
2498,107.90371896051711,-2.7738149399339167,36.907694502781474,1.0783139374303217
2499,103.4005129456889,-0.17961972140563326,36.42114353802936,2.178415559622515
2500,105.70612997219531,1.7256937928147706,37.25536777480364,6.2048279936926605
2501,109.68184660532862,0.12184446413245396,36.491025276932426,1.5991153130703286
2502,96.68691616816677,0.7534174734210928,36.620768038534564,7.69423645234672
2503,93.8776326549225,0.09982631509976791,36.510292130892424,4.556311415189118
2504,89.14849473442202,-0.6673333812164803,36.93074948903002,-2.6172621491722836
2505,91.74589470021044,-2.241915934508913,37.58509616703528,6.465740375106357
2506,129.49094425308726,0.20545568703630285,36.99747956488824,1.3193301045147263
2507,112.44679580736786,-0.7756066046023912,36.778390653786154,-1.973398543302517
2508,86.48925633791978,-0.8003354061653037,36.237192534977375,1.3919284766044133
2509,86.7754204325643,-0.49898725597911187,37.27606229236492,5.561634121951315
2510,104.81866061718492,1.7448614066234935,36.60979769703569,2.275225471211109
2511,105.47264797377967,2.404837542253973,37.05875880957905,9.111964162756989
2512,105.48883835317365,0.2172079375284009,36.82289069204168,5.432652789494109
2513,97.45044206446302,-0.4647672239117277,37.41908860979972,2.6158001670108124
2514,98.745457399971,-1.1772264174512104,36.921381803985724,-5.130340413705788
2515,103.27879524159357,0.4685401615460691,36.970536822738474,-0.8986625700506043
2516,100.85893006293331,1.782905600065144,37.24287357372773,0.35832069875425665
2517,77.80699627252466,-0.24734038702515676,38.053470091131594,3.4831575060887348
2518,97.70200369424806,-2.3789960407532242,37.44422346517928,3.1866652063609635
2519,91.48593565739687,0.6700496718155238,36.9556969468257,0.8477020510914308
2520,101.75211418908512,0.9853997114500495,37.001598995307646,0.6017495768858556
2521,129.8525900260341,-1.5858456403858474,36.73757026983778,3.6022844753803485
2522,103.67481665474304,0.17648418366295282,36.525002148240155,-4.292931128149929
2523,96.86470313827603,0.4512260161360988,36.72362460646684,8.477579096249283
2524,109.21801501977252,-0.07310730200893852,36.61392551814403,-10.235834425817355
2525,104.82687887209212,-0.7907709190853537,37.32668419189794,7.2770474108601455
2526,104.20094490451841,1.0159372235635562,36.464402571065506,-0.2259276421258103
2527,106.06850593215671,-0.4033797459686826,37.66660528069002,5.01289907135797
2528,120.56543564829542,-1.485186162699932,37.376023191809416,1.8192021714630637
2529,88.69111564674084,-2.049474485669681,37.01025086468383,1.7301720545540094
2530,104.73632076811454,1.2608495199993097,37.00015930573253,2.771272380132605
2531,90.73618870018461,0.6166639764711183,36.721359345192724,4.0452714454388925
2532,105.55512646342248,0.08797354712916895,37.135042205673884,-1.6441541329362
2533,90.81313488513905,-0.44027463685080354,37.54404623160429,5.173995652631182
2534,95.82633186394915,-0.528998414203127,36.64842176887209,-5.422353117893918
2535,97.04910085762094,-1.0757366484416113,36.233303955540634,-0.026652866630623502
2536,109.7581671934471,-0.43145564455988483,37.351609127428375,4.1798496213613845
2537,109.18454443942414,-2.1200872151201744,37.1621829871219,4.975087898079447
2538,87.54282623553615,-0.7360636534685142,36.43990059927941,2.303944241307005
2539,100.5493411099985,-0.31093751635109385,36.63330431454294,-1.966962189778678
2540,92.90420145250827,0.6098800471904189,36.57044786297493,4.4835388918435175
2541,87.41495089324665,-0.03992646337336377,36.63773386548288,-3.346831195593767
2542,97.8298294957563,0.794923113875559,36.83815862297941,8.757045368744555
2543,96.9151721154418,1.3491351051134295,36.866726347859625,-0.42335448749832094
2544,124.26716486345522,1.0581700938241017,36.67460317246577,-7.698128471029802
2545,104.32959825360696,0.4705098473785568,36.620918090250036,-5.97341734008276
2546,86.22382499245762,0.011862679180784205,36.88560782804031,0.21821818439793764
2547,94.35225995829057,-0.9807880084135592,37.08384576742978,0.6991263566302659
2548,110.21383295429399,0.7399440513793163,36.84185173181758,9.848283424755477
2549,120.88442772869925,1.6797473822215292,37.579333511670654,-5.192496688071132
2550,84.14016687762042,0.3421060396504182,37.25404385721039,0.1973109965196536
2551,81.20075614860954,1.917259148426123,36.204577071570654,-5.297107035410283
2552,118.70965175371782,-1.5255717080610838,37.261863882706926,-2.463274266067017
2553,103.89614177370903,-1.1541633847795414,37.30277199129279,8.41986015034669
2554,91.31707268123634,0.8552015077482625,36.782632515937905,-5.681681115779954
2555,105.34629086122435,0.26429021015325105,36.252401206348424,2.935212120339169
2556,73.64252260983122,1.3137821765718076,37.00403337970557,1.964536795071958
2557,100.0337550659716,-0.015471640726739578,36.99614567425888,-0.12085713179104314
2558,103.27821172843085,-0.8679754225283319,36.4391768817334,2.597183115958688
2559,109.2427013953783,-0.21359324220504247,36.274390391870035,-5.800101909716443
2560,89.86104047707462,-1.532683970923734,36.95622322677328,8.281612539017788
2561,100.8568716140336,-1.1285906730970345,36.883461403974586,9.624227475617605
2562,90.74575373940412,0.9724439979180102,36.7913673173388,0.2355234887965668
2563,102.55383755674318,0.87278741446961,36.95829463262672,12.11553065306777
2564,140.32840534785942,0.3630042848060769,36.44861181308984,-1.9951396577496023
2565,95.91899160839779,-1.7210775209604694,36.78258969356694,2.002159969281401
2566,90.04184605209771,-0.35840357551288854,37.266662515307175,7.159445318872567
2567,106.51136241823657,-1.2249998886600506,36.82501495982436,-2.295022301114548
2568,108.58451116656666,1.1765332537877653,36.16401376410372,-6.907745294397191
2569,97.65379430042586,-0.5837221335626013,36.763653861138216,-8.05858532809427
2570,100.38237994960028,-1.0857477107815494,36.46492076824657,10.304132819513294
2571,85.51408585366455,0.029796165121424436,37.133568148230864,-2.6451232531938884
2572,97.00323351993212,-0.6401544568346118,37.159418701690214,-0.9286838170924931
2573,99.49795382958256,1.4837439102037069,36.17061268745699,-5.563820391605272
2574,126.20793091029975,-0.7348108975341908,37.379506485291095,4.741696396645942
2575,88.88032974225837,-1.3992282592246312,36.44390684936072,-3.9077992961229246
2576,114.64177238752437,-2.1529135157575157,37.77959114524118,-2.4563151383066097
2577,109.96858773465809,-0.030786502413415195,36.97561186774969,1.4976020970808024
2578,102.80636404490136,-0.5619301138579263,36.37680325073042,-5.320229636227863
2579,117.58620484195134,-1.4289046065117268,36.42900696465366,-0.8929113475711269
2580,103.72105472606863,1.1892264612557852,37.17404764589367,7.011047947516349
2581,103.89159195667929,0.6672451474292419,36.80435005505081,2.1412719875843162
2582,99.46879346982455,-0.028217878937229775,36.95167304519093,0.6527114621417922
2583,112.23568882418627,1.3643262441708666,37.80639011634852,1.0743235473193251
2584,110.96469233810883,0.662536033398613,36.65037796788546,-1.9456754798828189
2585,93.74322712503788,-0.8228559015184324,37.029981428847854,9.980761598774627
2586,86.80752805401232,-1.039220163990766,37.70992224368653,-4.0607856526703365
2587,97.97019362604343,0.8179815444538614,37.1352567377332,1.0546308098196504
2588,91.99961435602353,0.396366956467351,36.196698632320995,0.5751278317140357
2589,99.36475425384644,0.1697477679706617,37.25269450586607,5.043812535665676
2590,112.37438134684139,-0.8464978028689073,36.41849857110828,5.515869693968199
2591,95.4269834491321,0.6079475670057539,37.703403764366485,-0.16009402243535403
2592,99.57176618688425,-0.7554988831339492,36.58856619750101,1.453332465565248
2593,100.58022734808395,-0.10198665459367798,38.484754753872835,1.6426737695697413
2594,108.48430882205284,1.4469441463869799,37.73368799416384,-11.360708277853035
2595,77.53110666015395,-0.6608342358101458,36.60169371518601,-7.944948012388878
2596,93.93299705234703,-1.572989257072861,37.010006902500805,-3.025318453609853
2597,102.11283692279473,-1.0525471918701104,37.376822140816735,-2.8079933818843443
2598,112.00078956426862,0.9942988266876233,37.39183023711335,-5.996412109820661
2599,95.08097552493795,0.25473113738020947,37.2211681299881,3.7479128568681497
2600,81.23447293958125,-0.12887737868875357,37.62607951848305,0.010592105087362358
2601,106.19711445966136,-0.5090938053115694,36.938515526682814,-1.073472736934186
2602,93.6463761117437,0.4853599075531901,36.816641165711985,-6.280776372536934
2603,88.1033334090964,-0.8491048509902235,36.8265680060377,-0.2227243212239427
2604,93.75654610286776,0.3056655686425959,37.42918661598606,-13.133423779993059
2605,98.15474642344151,-0.7312545688129569,37.18259052015132,-0.8147815540292052
2606,93.95255335461788,-0.897659385275054,37.14564183284513,0.3159183440387802
2607,77.9443394290093,-0.6374874348250117,37.39761712462859,1.209574921607493
2608,108.97066196887133,-0.3754074464839619,35.97447379607307,-7.8205088173964
2609,112.74875041278722,-0.048829835933703165,37.15503441193758,1.1240836834573738
2610,106.51521991339506,0.23545579511111434,37.10928444443686,-5.207156349322712
2611,88.62314329575183,-3.688365291428444,37.834404040650355,-4.06234916146167
2612,97.98508466052482,-0.8076505577467649,36.23570600886816,3.589656929113324
2613,99.93478684770542,-0.39156997735603927,37.77859331618838,10.07056861679872
2614,105.9879438956191,1.50506203860833,37.03770456446233,0.2567937940134001
2615,106.68340488718081,-1.0800026083821321,37.244494765330025,-4.085477293201161
2616,92.65826201221505,0.16279661809991253,37.83795939380469,0.9433522375499926
2617,100.8199555641356,1.4950303097358375,37.28038063400279,4.695145787495727
2618,104.57280404615241,-1.3129685299472729,37.20018414473128,3.104987829363677
2619,114.55822322146767,0.39397522586440237,37.12114559290116,13.715564362318728
2620,107.04506539824723,-0.8022718339345204,36.758260932502814,-3.5766878454733337
2621,107.89056687375519,-0.5046337422892345,36.98575543774481,1.2611573995964904
2622,100.8382662792936,-0.8031108339533145,36.64224361693863,7.744589767091016
2623,114.10459145203504,-0.7318573084158859,36.97771655028726,7.430796185092659
2624,104.09762795959497,2.721912147906493,35.832034651472455,-9.750389632621904
2625,91.3891208982643,0.8444558720716657,37.21451978378377,-0.016788100199906123
2626,114.0336997012519,1.101737861786209,36.93913137310819,7.422603829243498
2627,106.97903272539028,0.49199348683649613,36.83189813166662,14.453214951995687
2628,95.56955978871518,-1.606256788401958,37.109879041970075,3.5189794187540926
2629,95.20507032600757,0.39495797032330715,36.283218038517276,-1.8393164684824184
2630,102.96575545140762,1.0729296145073466,37.96463499831064,-5.04601576218695
2631,104.63184795267584,-0.8533994740391114,36.9486162692562,11.093716787654246
2632,101.97292265631206,0.9653266671611266,36.92707778351391,3.6437079323287955
2633,103.11308673442885,0.7043362098540789,36.51730189493354,-4.240334634427088
2634,116.9995737457638,1.85204004481367,37.011973191224634,-1.0157818316689058
2635,110.71543152234887,-0.4177830125136188,37.69347994513664,1.5509325841435202
2636,101.90635591265024,-1.0976109822757267,37.517958104716016,2.719033269440589
2637,109.41310580767484,-0.36162810937254564,37.427218875570276,-4.49809328772895
2638,89.67476096472461,1.4355709931636234,37.273199475833636,-3.0709520906274634
2639,103.97927049946809,-1.828405880841963,36.8207287362187,-8.264672811864799
2640,118.0930634973311,-2.0683757154310323,36.27491841648165,5.198811448023909
2641,97.81954104607627,0.08939527893161327,36.89948061406668,-1.7080923338515805
2642,91.52366071380915,-0.44258929277415615,36.88206426773316,2.3316082459164607
2643,93.4791111140694,0.0077278931756846435,37.52439721983562,7.1112925428816345
2644,89.10366962657612,0.9453117712358652,37.15469522122991,1.099350711869728
2645,92.15238091872297,-0.5525693461188524,37.80615576395177,-0.5648523797453401
2646,96.2949190140997,-1.8730058309306206,37.59874427001909,0.9696073844196708
2647,85.94432980821358,2.044481557199944,36.77175219524795,0.31596801925113416
2648,100.15618333949602,-0.9972282874387761,36.102435401690066,6.230824989389724
2649,109.02277173786648,-1.0590371220120975,37.69278761697074,1.554191987693949
2650,90.9224381985308,1.1037200137225964,37.67969261161537,-2.722005097894563
2651,115.19283923641768,-0.38448912104151794,36.31689420454889,5.239245284448751
2652,105.10792088527595,-0.06338985203481078,37.75462000991375,6.152421781791761
2653,110.30580585624057,0.48279012406031796,37.19105858529626,-6.691653134102317
2654,93.42165446147862,1.0835831031099956,37.08034274906283,7.663919423840527
2655,108.54525227066615,-0.33346069318177196,37.807391627123664,1.8235588660424273
2656,89.08066099604687,1.5199520059142992,37.67234258661531,1.4163497507329923
2657,108.90247500836509,-2.1357998487348056,37.3256654759976,5.033123157982574
2658,101.71839339793532,0.7597872369530771,37.23660853290599,-2.8348819550213937
2659,105.53251219984784,-0.8395275580176573,37.30819714526518,4.7708225709546195
2660,88.24405394375148,1.3722713166079914,36.79997128305874,-1.8838773486892766
2661,91.04930157723395,0.14204447883054525,36.97244927513384,-7.374753398551691
2662,105.97228218253385,-0.6729053320094016,36.54884142270273,-4.988781395534671
2663,90.51651995775799,0.6628410930216325,36.83348011213054,2.8351091645161333
2664,104.63206292099123,0.8931883472072516,36.81668306066553,-4.727341699973291
2665,86.32862193539754,0.6418941228586382,36.68234731518917,8.050380615948246
2666,108.48174212666669,-1.0296962396330605,37.06837325132423,5.946417267198214
2667,87.67476685231492,-0.48401712362208477,36.83800957464971,6.667195830164825
2668,105.52299937679523,-0.004072837121435025,37.25111736017599,0.6238928983870596
2669,106.25630933646,-0.0412596526500604,36.18883969335312,1.2893080864747974
2670,93.03228181570425,0.7497454754383477,36.94332260294635,-5.9685592712213875
2671,105.82026567084726,-2.0149012325066082,37.065775820088746,4.978917550787452
2672,102.60442263333556,0.3343270545535034,36.84468538008156,1.899167275185427
2673,94.61158143807262,-0.2899813544366399,36.91380365009538,2.8365281264613014
2674,89.91445315923792,-0.8385006163839522,36.20737699463507,8.44155905726441
2675,80.3737430832742,-0.7424867777695996,37.17823855233475,-3.02981491973755
2676,103.49650047299694,-0.2145376645179636,37.323802991283536,-0.6307077493865909
2677,84.35197228637945,-3.601085104459518,37.24676864710188,1.6333546077108387
2678,100.95344199441308,-0.70128957079155,37.51936352972109,-4.677177027293534
2679,97.36551783917751,-0.8758148246462933,37.10076480289125,-0.9379941063841988
2680,106.79142775438196,0.5327832093226242,37.23934059032547,2.4647490523348465
2681,96.97954500510136,-0.8055266825105205,37.07804536922843,-1.6271063568641553
2682,96.70552213652908,-0.2151138001704899,37.34377535979625,6.544947048645561
2683,107.31870704288295,1.542276627661302,36.21138518193394,-7.55462280908497
2684,103.35058029084118,0.9943515198154235,36.553209516010995,5.613856201166709
2685,103.16155957182778,0.9022713999434526,37.79344982851654,3.3059273740800235
2686,104.69267589808527,-0.4998724304108518,35.7697820889519,-2.844142937782954
2687,84.64427876792894,0.5430322792896524,36.92991103508733,-4.62204284114999
2688,107.56788679986983,-0.23389780045359396,37.58613747980404,-10.401413086212258
2689,106.12468794013603,-0.19609321067693788,36.95336966722912,-3.97587506206917
2690,89.83316871423503,0.4096853437465497,36.79749446427465,5.235883275014984
2691,97.55919526325799,-0.5969935884209324,37.06471083840765,-0.2804286313933714
2692,99.6069271237237,1.4930031044432035,36.823439909998775,5.8149044019592075
2693,98.65503215598267,-0.16013013959793715,37.01542474637847,-3.0993553531227604
2694,103.33859966568535,0.618360566259665,36.658309481739934,3.535530800532814
2695,114.31366781831184,1.455600479257298,37.55433720997786,-3.587493010422108
2696,110.81766727672829,1.031653774575175,37.71163246053283,-4.827875031049195
2697,86.87780806568594,-1.4089191026905246,36.93330483894419,-0.5356360858533813
2698,106.22069990306049,0.44489589500988425,36.306755289654376,-3.324832556599983
2699,113.28933319535409,0.8507193944606469,36.7380784148433,-7.714110745186062
2700,103.86808520689203,0.8918630221607488,36.908005669948516,-0.9115735035849666
2701,110.90980425185967,-1.1132948341146311,37.2527694384516,0.5321770821564442
2702,120.12270445700764,-0.6570352370173239,36.49599338841466,6.341793057480337
2703,110.23709546106981,0.9945582357416216,36.61541884067893,4.6840283856653
2704,102.49308595641729,-0.7617603706826457,37.255338068929404,6.099715996164157
2705,110.45088474084753,-0.29969605666431426,37.46945441601978,3.601787491967542
2706,101.44887833096891,1.5758758095019694,36.68920297741466,1.6630637947498739
2707,100.23903043284956,-0.04779925038478981,36.333391473024506,-6.144724532359462
2708,96.48585764286267,-0.726774137833843,38.64205910064394,0.7493609896763727
2709,115.63413358832108,-0.8776173568629051,37.39165211854436,2.983968886654071
2710,91.81571334057999,0.33271932958518796,36.866498119116486,7.287189746852181
2711,115.32367724678116,-1.333148008477209,37.43451563776542,3.431442708659068
2712,104.99864123740372,-0.24733596389641815,36.93777168514279,6.201917173027108
2713,86.00693825198059,0.33323053499002175,37.43357844455009,-5.159989456826195
2714,103.67649292991422,1.2991498205476675,37.07969659888811,-1.6320881307404753
2715,78.99973492348376,0.6675480803699957,37.04563594908379,2.146753568306354
2716,106.25508016831036,-0.7140651179821788,36.9432090658846,5.804763453712807
2717,108.8523148298899,1.17841931756372,36.27630933326846,-0.7261432291945982
2718,94.07644044347947,-0.29951503754747755,37.96904744969657,-0.41222979574576724
2719,101.23547695955583,-1.235703022049409,36.52923303986613,3.4357015300148936
2720,119.54157433750287,-0.1720413592654725,36.3199882118447,-5.629354135725622
2721,94.94253295738064,1.438169201145702,36.89357005862182,8.037022749117146
2722,89.410924129434,0.1652400500649252,36.51926409324474,-4.395680465538424
2723,114.81663402462598,0.012521864329786338,36.97414360471986,-9.592947117796516
2724,119.62587190530795,1.6372116447028533,37.343881924280886,0.050335042612902996
2725,100.03695671847848,-1.431354847054427,37.49765145026461,8.492293511877826
2726,110.11463035408356,-1.2855991140527723,37.40736536081084,2.9322656516680508
2727,113.41475915530881,-1.615846470966832,36.84718397260716,3.7554527150181647
2728,92.57515767461616,0.3726481864800551,37.02479591383079,0.20692881153557133
2729,95.14694164632132,0.1664931271151245,37.203939525448746,-0.7618874863558851
2730,112.30874513154735,1.542736367279776,36.12110628802896,-7.724546847965578
2731,116.85014278708509,0.24347507713677022,37.28529235005993,-11.29693128952093
2732,105.62880860174354,-0.40415715947930275,36.27135035620808,0.9813616922043165
2733,91.20185646497946,0.0017948728781070852,38.02017329945325,6.562745971701131
2734,119.87061111699441,0.1177074184609581,36.79774245767915,1.7206685241403272
2735,94.69029102188036,-1.671761273328167,36.90756241140271,3.1179976352600667
2736,96.64862218828549,2.710331644334893,36.615146450381076,7.918587728197699
2737,103.42337834489622,0.5198710181019115,36.685014984072154,1.6438342572052902
2738,115.54160420714774,0.21000830802258905,38.13704678457162,-0.6132755015380976
2739,108.53975976552223,0.6151639842785803,37.470184844311646,-4.0926240282503255
2740,104.1486550036191,0.709410980586605,36.22539877742608,10.11106281486043
2741,104.63288530118106,-0.14055348550243169,37.752106450342616,2.6327388957684015
2742,100.43514668643466,-0.6312411362407006,37.596621137570715,-4.718008579596654
2743,105.58139514518507,0.599450686321704,36.85939376885585,-5.855838339006184
2744,74.70439922305697,0.38571084053145244,37.153348471014915,6.265318634644563
2745,97.03392540930201,-0.8098900990894081,36.992527960289465,-5.187208482041628
2746,102.4132193491678,1.419035611367264,37.986289952223466,9.269170787511104
2747,88.48985916380494,0.29335203632298334,36.601854905503956,-13.782313985453555
2748,103.86323317811559,0.7298193622676307,37.073005304887864,7.112975988949883
2749,97.95528779013878,1.391920887679919,36.7859273345036,2.434474055809822
2750,117.5547569831549,0.021888821164834777,36.28347979769107,0.5929721152843702
2751,176.8179638552209,0.31695200698411535,38.09581912752749,-0.8772921752088145
2752,95.34194430881837,0.8100272385061165,36.409216710448796,9.453649242970148
2753,98.49162288433304,-0.7248610838000522,37.110064593743886,3.535294292006017
2754,99.26052434391607,0.054051662846000936,36.129649696809835,-4.516018044477256
2755,95.48340523840378,0.1255485866511483,36.80046473037845,-8.594549780144407
2756,101.95024984028127,-0.9560585516833945,37.210984410716726,0.886486065736542
2757,92.4171793111241,2.3176367886738785,36.587633010248815,-0.005355667687070927
2758,88.69384665062474,-1.4072934434924025,37.29340092536783,-7.599340186877546
2759,106.22711223900268,-1.2981039036871578,36.86547945405596,-0.2769676274116785
2760,106.29529584221811,1.3142265757035791,37.58004125619931,-2.869673165371001
2761,91.95684240340007,0.7132662507965424,37.68088045667011,0.04645034153347288
2762,108.95355430762599,-1.0259648174807778,36.70662761963499,3.6296180582420097
2763,93.68422270834668,0.6072890151016929,37.03836642969648,7.463049737320178
2764,102.53165238037981,1.4678504449973098,37.09172711323612,4.544445181846436
2765,108.20344012612456,-0.030263057596985755,37.30967464771735,-3.6072037491510276
2766,99.66387435296286,2.598822900074582,37.007190998122134,1.844575644145972
2767,104.54740912141135,-1.7240618108680354,37.095105479671425,0.3155356074601199
2768,94.83570356112428,0.6938234538591022,36.87829676260244,-6.660644773154505
2769,98.03533416571902,1.1665283362210033,37.05761993348601,1.991163923461362
2770,97.9414056911966,0.8913439016052467,37.64897009676756,9.28336168958857
2771,92.53421653459762,-0.20435572664564833,37.32304162060593,0.16213302093502002
2772,98.23225836884218,-0.2904414820111494,37.35062781972169,-7.970913398627003
2773,84.51381701136253,0.4441451710872574,37.36153516206779,0.15134335554309536
2774,95.08846252857896,0.8157544866520694,36.92309561105948,-6.068560994866251
2775,97.15124506630329,0.6024734362823633,37.159413521789766,4.3180275344314385
2776,97.4382024750462,1.0400578907933893,36.457413160832125,2.624324958625644
2777,97.58502554129221,-1.0188699570667352,37.634403828158476,-0.8545502673737164
2778,99.38235800139871,-0.22777097912363464,35.60851978382839,-1.655821329279106
2779,104.79441518086064,-0.9400159321237541,36.95642580383229,-1.0611715080777335
2780,108.74517074132523,-0.38611277608614164,37.57044798857514,0.04137247171160181
2781,93.50234773151733,1.0152208918143053,36.31806603318533,-3.861175106707711
2782,87.96799144610856,0.10798392072522883,37.19988995880843,-6.938765405007184
2783,89.57955587756896,2.6068591631497697,36.659616776710486,5.69349473347324
2784,95.12797078805073,0.19340636718971696,36.81559836740556,-1.927004882484791
2785,96.48078682183491,0.05969188057973627,37.47297048031972,0.8352155208457207
2786,92.30003933802543,0.10618291944021628,37.09902846294258,1.4264097558374713
2787,87.03883335750106,-0.6378086928599359,35.98282206605782,1.6101023982760696
2788,95.43879172525811,-0.057836612377593744,36.5117872301342,-5.869089985492121
2789,101.81426620113972,1.1277880271116458,37.48766786744438,-8.379200822759238
2790,105.95029465835565,0.11397066812777235,37.2244713590965,-2.9434626234599603
2791,94.42576946891678,-0.7934597298834714,37.874067786262145,1.9785576620847665
2792,95.87002177856566,-0.9250846204786352,37.84132379700665,-3.639749337371565
2793,90.73301691152689,-0.4502018916658434,36.8288774349266,-1.774606768496168
2794,99.68560829625224,0.07386343441088038,38.251618902534744,10.636487068747842
2795,91.51571365809185,1.193586535476262,37.01223983492596,-9.227119424022678
2796,105.731278132412,-1.3404886413664368,36.51866573279549,-3.775169979552493
2797,82.14133508065889,-0.3198262778887562,36.68318006704471,9.483020342869642
2798,96.40370327547538,0.14431001943507885,35.87163744735529,-0.22299335997611708
2799,103.01107339191742,-1.8337057676294346,37.80350950412464,-3.529925827494553
2800,101.83834516322504,-0.8335982829664064,37.79738099452193,5.843844585055601
2801,126.93033663980496,-0.6798885397361863,36.49224628059334,0.27615218240555645
2802,103.49800024567908,-0.7959703738504983,36.88605785580905,-1.74154197522003
2803,89.9594540315799,0.1918895450216474,37.04780377205629,0.9618446351875555
2804,99.04535752910927,-0.1605596095017974,36.519823473928945,-3.2905440469138307
2805,82.23753666533548,-0.5552861026010363,36.12244898436442,-5.087455314440392
2806,99.1940025070324,0.427962626552635,36.89482119811154,-0.5679846381737418
2807,91.66943942999241,1.7230747176462498,36.83946028527038,-5.054984800380035
2808,109.15390275560162,1.639256516741752,36.80579437950561,0.053466558982401546
2809,94.50459725404465,-1.9227717720623363,37.11135803130048,1.7720328373716945
2810,98.83234084204753,0.5770721838351396,37.714759829262995,4.265302280258054
2811,93.64442158595597,-0.17802329006383844,36.84845364015414,5.639624927584137
2812,117.38851351853332,0.1551553428653563,37.08522149936068,-2.0286825081612583
2813,96.78757233882088,-0.39828303354254857,37.36343526187247,2.497073039695347
2814,118.32557043479201,0.11758862988720224,37.27707146325638,2.462617231031782
2815,108.14151762118266,0.15140739607201872,36.69278823777608,1.6390935790799195
2816,104.82066727335386,-0.5789517573489231,37.04818856155702,-2.3972970547522925
2817,103.68733147317519,-0.8963675478251808,37.273769910084525,-5.140339062320553
2818,103.93797298216252,-0.4486956826194842,36.43582433124461,2.510009445332799
2819,80.72327420654389,0.23425926445676556,37.63176950539825,-8.53431281096525
2820,97.21116605849244,0.5989963416842641,37.71579445260706,-1.3391971628415558
2821,108.45157971184321,0.8533489773401466,36.638609872277755,-12.768155078242991
2822,99.51102816525895,-0.49419002306691273,37.096835009174086,-6.682012116791317
2823,85.94810153196426,0.28384456730273677,37.32113912833552,-4.385669692237123
2824,99.4759554942253,0.9625025919532985,36.72719292183562,5.483621038146421
2825,117.04105516255491,1.1655948951441282,37.240806922844044,3.4405401220213445
2826,112.4689171553472,-0.05883285413152221,37.081627813146085,-2.7696734192112116
2827,99.37995990633968,-0.2209317249396126,36.266040911180596,3.6468489756487537
2828,109.51449277058086,0.19112423383639218,37.22958065798928,4.438114816901983
2829,96.33492979631949,-1.1497074728974057,36.44992879186448,-0.8033242418736076
2830,82.96128413173281,-0.19360951103550808,37.46960142583102,-6.921890721068451
2831,90.75534011870445,0.7445863984731299,36.66439446243306,-1.0395615503305713
2832,115.62888768508198,0.6419471294437011,36.919357283169425,-0.4894620258606816
2833,97.26006918170695,-0.270267604363889,37.68613945672329,-6.162271954151129
2834,97.56616020624982,0.2177182010871666,37.24819082326442,1.8352339646498395
2835,97.00161803725119,-0.8246503402906875,36.46026304021273,1.3990592715117767
2836,119.04136589573007,0.7034921482250248,36.492541714600456,2.225213499470934
2837,116.25958915362062,-0.07782143613647309,36.700348605688134,1.3946154858372173
2838,122.18780233448135,-0.27595145169613816,37.19732204167833,3.6492151755749154
2839,98.40954789599948,-0.3617238360933866,37.17914990746638,-0.8966401393651577
2840,102.95624488747094,-0.0628938668998582,36.57844884766857,1.0089255368547665
2841,84.83357450579209,-0.44787764493195836,36.41639525719282,-1.98870142122766
2842,114.76934426118274,0.6581430360025633,37.14079170254292,-2.9224960781097513
2843,88.32220448732065,-0.3952835480161807,36.90906996710492,6.6912481538103785
2844,102.16775563762629,1.5929640960273812,38.07860794372387,-10.218843507632482
2845,89.02697472367156,1.465210503481381,37.01830182828154,4.383799945771321
2846,94.11133173261304,-0.8915434898545047,37.907126413850136,-3.102704377228303
2847,91.627375689503,0.06970426942928022,36.41480820094783,-3.750190888215605
2848,93.92124739324183,-0.650656621336195,36.21339353021914,1.3078874203270352
2849,94.60877296851021,-0.3266475631886115,36.439957433737234,-7.4480480617550135
2850,94.51731205074923,2.002427467644797,37.59456489072673,-4.080115359731015
2851,108.33333911780306,-0.3075714171157992,37.878050794846764,-4.24569823256496
2852,88.9513720693748,0.36022603707742873,36.60891027302368,-1.1069912909254744
2853,102.20541427013868,0.5413212940082783,36.76971698512022,-4.0206884408034425
2854,112.17959152305559,-1.0006293724832407,36.41550954489375,8.005593428196345
2855,94.86803635486604,-0.8550954744092049,36.09418007644081,8.98508258248977
2856,92.82081109252398,-1.2060223714081189,37.359205848888315,-10.109967613740316
2857,97.69475374819748,-0.8859707338977769,37.111510151481085,2.7216135238286814
2858,111.7972520836071,-2.8500301093171823,37.00524399133694,4.293317195387873
2859,101.94107630953357,0.5445824007936281,36.29997173141831,2.7149260119555256
2860,94.68785705392402,2.05419384125607,37.81997834091433,-3.290567465458473
2861,104.8387665118804,0.14782073903652695,36.74832163097526,-1.2204778107927075
2862,88.97707850163576,-1.4162688593406074,37.26681321240824,-3.7413732738884775
2863,106.81359510442948,-0.642776382899948,36.27271929737764,-2.101320155794143
2864,104.08607307701767,-0.4588768450249969,36.904737405189984,-6.04982514333588
2865,96.92191528861116,-1.0175847772133757,37.14568722811929,-0.5739441081727515
2866,91.61414201552769,0.8601826383951566,37.163537609026655,-7.514008556525349
2867,91.13319077716542,0.8102600443753338,37.07732427161831,-1.0006727711406882
2868,105.3481733634591,-1.1554517938176596,37.24726124602439,-6.242908445498823
2869,112.28980502489063,0.725081044447508,36.43473977198352,1.0340818089570192
2870,93.62692252971205,1.5268126635772652,37.09868630271983,-3.3970978047144533
2871,104.58386703551484,1.9025582052295598,37.05687884174014,1.452901739372687
2872,79.12972981397931,2.8652120230859626,37.11583634209753,5.407903641823911
2873,94.153822693428,-0.9019926494431975,37.03617260865959,7.9472346805235405
2874,99.68941067129099,2.824220426395203,36.3633936130433,-12.640022945102452
2875,90.90316583018166,-0.3542063885087883,36.341100123945516,-4.170970469368914
2876,90.63493625210404,-0.5924654553805143,35.892865907057725,-1.51543038556007
2877,93.32220443531114,0.3270723748778453,37.40876725492265,2.3016390919074152
2878,153.77497243373827,-0.5820613340930124,37.4138287548676,-8.251772520772647
2879,98.12670981593625,0.3990441406465261,37.42177514561106,-4.910462034001078
2880,77.61768766675027,-1.3200771877373016,37.153394981230726,0.6517860132855497
2881,78.79299847364933,-0.23875260206343432,35.93344039114095,0.4244412076333358
2882,93.93134822142825,1.2855822343616794,36.48664475410737,1.8880920321004648
2883,104.57686586053552,-0.05706129143115594,37.08520770879655,2.218378634440581
2884,72.52495157274765,0.14159578673988282,37.0677590013959,1.6929721655793126
2885,95.00269823848369,0.4752586047173115,36.88862589342399,0.9682765831574635
2886,94.7375214348258,1.1706616293176602,37.184458601454125,0.2786988666318392
2887,113.88337778208448,-1.655224712189433,37.00582585384262,3.323815448621813
2888,96.14978188287137,0.5845240518374347,37.06038523277568,-11.196613332821126
2889,103.82988984740929,-0.26813913924176325,36.68046733358399,7.721667434856173
2890,101.41257140087463,0.16663789531183854,37.4910054930608,-11.02241025440162
2891,78.694335201928,1.0599501697623763,36.784614195659806,-5.39580908452246
2892,107.68207216631737,-1.1941866514118442,36.334675458489684,-1.1338039832507236
2893,102.15396505456287,-1.0126444414430895,36.61450049359063,3.363064455449212
2894,105.0826863967459,-1.9354299597138063,36.82576690431901,-14.976334453998081
2895,139.26237706436325,-0.5491589417637764,37.49700139418442,-0.140621619709172
2896,79.15887060501412,1.3304323443788164,36.9788660007826,3.9619751970786727
2897,117.24696649761108,-0.12058718847346953,36.90692589051717,4.972590580142385
2898,97.12552480599645,-1.3401248956547858,36.37566828761869,-3.4866482924872937
2899,102.87328904403009,-0.485678744575047,37.392741294914785,-1.5041764347751614
2900,99.54487754698758,-1.487861703490623,36.674023922988304,-3.0807406444631393
2901,95.75763666601956,-1.1251861017311617,36.949986070529334,-1.9633732676304219
2902,94.30167071761241,0.3888189102637133,37.740091538440936,-5.159132753642175
2903,103.29508735573009,-1.1738733263060288,37.254381665524654,-4.4462608123545895
2904,84.8282630332832,1.1126343052033019,36.18587297614241,2.1718846101418396
2905,107.50579167521765,-0.071120290830336,36.11524488182376,0.6580768663637089
2906,95.83805595114745,0.08559470394452544,36.967844774940374,2.4579325379523675
2907,88.69930660959642,-0.27837296760789404,36.3936296925626,1.070071948504184
2908,95.49987142004187,0.7728478385437232,37.324273373816496,3.521693005737978
2909,112.57149216862572,0.7831598877770107,37.02113153248249,4.391069990774973
2910,94.64664912983777,0.3350543519121714,37.08269238451193,-8.70858309933052
2911,103.5845361820962,0.5647891059076481,36.646628409178824,-4.271548252071813
2912,92.69043724284526,-0.21208966992042563,37.870691827643356,-1.1568797874501944
2913,107.57921849923619,0.5422030069090485,38.42129686400523,-0.11338762743670532
2914,106.85507738790204,-0.33787777547380676,36.860707638121646,-3.3504528690901676
2915,118.48608833296412,0.0022316221624020006,37.1765196242075,4.560118354941529
2916,98.24436054500785,-0.27464374936629743,37.048708671532154,9.899741841452993
2917,106.68654804757907,-0.4572185393191959,36.87015656827946,0.93080977790867
2918,100.98067539538944,-0.6891117977217902,36.583964766133604,0.42170516099105626
2919,112.95871781863015,0.4676901038588855,36.45751600625976,4.247281275521655
2920,92.81167612391269,1.3106059128134633,36.43220136723724,-9.32919877601718
2921,107.45005312877281,1.1711019716695594,37.202620012774574,0.1423447021920521
2922,98.05302703883318,-1.2565653359454354,36.74016276089818,4.895179127337584
2923,99.35811822891502,1.2892030514068733,35.710853574929736,-3.215769986005559
2924,100.91752484448372,-0.31815850161792886,37.22242911029916,-6.132802899509827
2925,102.52240396426677,0.6007330151455916,36.98086935876792,-0.9290280504988915
2926,98.83770956878041,-0.906215332047211,37.67333650070057,-0.3034271660096032
2927,102.14713183170527,0.14197991387400533,37.186561198545505,-4.543261409577292
2928,115.78118057562185,0.3137231828969071,36.26066320184485,10.480806380254755
2929,109.85449685615218,-1.4846047919196528,35.88516167963501,-2.393481905039728
2930,108.69154592496896,0.6082671663441893,36.64026380783103,-5.768296757132844
2931,95.44460473976129,1.3459350078383152,36.687446289653174,-0.4681065953530573
2932,91.10759171771676,-0.17464794568162792,37.471579600500085,4.539303188522456
2933,109.55300558237752,1.360168130828013,36.995564533855216,0.08707124499115483
2934,108.76046792529795,-0.18969349345240752,37.566844249049254,2.4279696002200115
2935,114.72670675750982,0.8495845310466172,36.33758347214868,-4.357552971665786
2936,93.9601937403077,-2.2185699659510996,37.48263219219022,7.438442232017568
2937,97.70451344639653,2.4187777793134635,37.36049457671546,2.8085551395922166
2938,83.60515837474566,1.495458245242957,35.9908829442844,5.238507844388049
2939,96.07528893939127,-0.2846255042536789,37.66130892063039,1.8258031623758466
2940,109.96570510579447,-1.972089026643818,37.04672924588318,4.124420188643922
2941,95.33504620771802,0.28802836830548917,37.19602225193425,-4.365262798386137
2942,106.40479795200824,-1.4439255470737569,36.56755194378579,-2.4570520834478122
2943,98.09496894002189,0.444853537557488,37.63762350646098,6.73240297778015
2944,103.2405702822156,0.4115657191642819,36.407073835380565,7.798709736419819
2945,88.52308610184332,-0.9414031690020248,37.41604600918697,-5.735327998595384
2946,100.852094496339,1.1209670236143776,37.41030373795434,1.2486803393190609
2947,70.08864029099277,0.8055747028061735,36.51291628591389,-2.154719002426137
2948,98.13103841838016,0.9758233372885634,37.99168679971129,-3.485157346824308
2949,83.6952675628486,0.008857703668895378,37.11576424010876,1.4241984767772498
2950,112.05994516546816,-1.4155240669137066,37.326946305135515,5.70481466182704
2951,107.77407352764511,0.9778722722111376,36.23643960233212,2.258312366420969
2952,104.66670981966081,-0.27037139913579117,38.05886500150428,-1.597562249595175
2953,115.2100622715938,-1.389780143192669,36.38772152988746,2.5743058996758
2954,90.51083479175162,1.352039365974326,37.51244321638296,-1.7998808679045053
2955,117.47363197915558,2.0994075205025093,36.50261414103415,2.0605715036530095
2956,109.32191564260384,-0.041248128979203026,36.69050559857616,6.9823285022786665
2957,97.63444712781055,2.159121154603292,37.394377021942724,-10.385798296504138
2958,111.35620147182944,0.09131472861134962,37.51377635683758,3.986261492700167
2959,88.93706487588366,-0.38045590416635117,36.36435787544295,-7.695274607852342
2960,91.75485838472326,-0.6304584541854775,37.5452360845285,6.141638552722307
2961,93.914102767603,1.6370824079927424,37.522490247566594,-3.1851280493643035
2962,94.71022291935985,-0.7801438813877718,36.531023295577555,-6.08835688803242
2963,89.43442357239748,0.7352693099749874,37.799323796795555,3.476346135443737
2964,112.23083067095325,-0.5591638350592083,36.27157118587598,1.8208503157120537
2965,97.41145599630168,-0.4603067625743631,36.687613708611195,-4.99593451480829
2966,103.5250496835688,1.030249693969567,37.239501312045995,-6.264998785841969
2967,94.2964863358632,-0.38003684628935364,36.573216857648696,-0.9374074374564112
2968,81.79396699451483,-0.4047953794202932,37.13190954283967,-6.0204347508559835
2969,102.70057358391422,1.1328046971748071,37.120538039401644,-5.307364864618139
2970,80.87745024580224,1.5973972932216232,36.90646286503864,0.5781039521071678
2971,99.31365953914532,0.6446898032842333,37.41620026929528,-4.829358171275484
2972,86.3168496116719,-0.6547697756239492,36.88581960367118,2.1326964501327144
2973,119.87275999230808,-0.5106084992975795,37.115770534406906,7.450717979417384
2974,109.11362722174722,0.07991526374003749,37.57323593874395,-0.7427770745029119
2975,101.0575379127148,0.32093006192565754,37.39534310501292,0.6507553099279229
2976,112.63706677654669,-0.9878659101397719,37.39300864540711,10.090483664177434
2977,91.53684022534264,0.7230379395798638,36.42541019889161,-5.938005586886734
2978,105.43479378670094,0.08551332963959903,37.26239628775066,5.956175975903709
2979,101.99810433718713,-1.7157083186381294,36.56075060451525,5.354287989562411
2980,102.6402008133367,-0.9289264824607304,36.35929251011099,4.2715866958689155
2981,112.72353500106767,-0.5041286736516637,36.964146826857515,6.458739253663156
2982,107.32492102779803,-0.07285768884105508,36.5478524066742,1.4028748297930946
2983,102.88723662825024,1.889278795503996,37.39530885941999,-2.914647477996337
2984,83.45112563771704,0.23817130613962828,37.40726772984766,5.472866456102837
2985,90.39953704720537,-0.8407718898986251,36.04868688178428,5.664211058564474
2986,98.77291066404275,0.22063080430716323,36.58584873021155,5.526569507466439
2987,100.93372374276652,-0.35208774745388094,36.270106664041,0.2225104115961824
2988,88.69796275326075,0.32475823953354177,36.768685361703554,-3.580972568066633
2989,124.11676675578421,0.5805676870356148,37.22758783493441,0.9568112705580557
2990,115.16394055253573,1.209230647223938,36.878855950910804,4.7111500878391785
2991,106.02118320392483,-0.024286495670025846,36.70512037966643,5.121758949299827
2992,100.72036861283745,1.6389605275998331,37.65008826340657,-2.1483806353729746
2993,97.87791030098849,0.9080226625361912,35.84757141370186,1.5768644806369503
2994,90.48081539977764,-0.7074395448121878,37.618435946759114,-6.54389152242978
2995,100.77480518518863,2.209855665748464,36.727855853422255,4.924750515029255
2996,102.57752540142751,0.32699451327009765,36.96094549494361,-3.9165437836253174
2997,87.58239424518376,-0.8351245039722351,36.73631833113995,3.926276797857737
2998,103.34176417244898,1.6529130512304218,37.77144405276956,-5.7465228869508085
2999,98.44740951175251,2.0777775851984446,36.38451075159737,5.157079532170039
3000,80.9219244212261,-0.03302526371956056,37.005868184860965,1.6091759501138523
3001,91.39614989220499,-0.5036502603755963,37.26371932593,-3.906788478084731
3002,95.86394466578356,-0.17237495745366196,36.194498616057416,3.4567819054026265
3003,118.8768765734019,0.7147317275176998,36.54005091477692,-2.951808459026654
3004,105.56553124533758,1.277856655030514,36.92591073325089,3.7477751872256415
3005,86.64518430900108,0.5704873308635735,36.556667482657815,-1.3705573769036072
3006,104.86036289417638,0.10172320847176979,36.59220411439043,-8.605235628148314
3007,84.52696011061634,1.4980117703044276,36.82506866846178,-4.912081202404685
3008,110.82691053887073,-0.3128364730515222,37.32479066582309,-2.1520735434364218
3009,95.28875348182122,1.030919338366907,36.82864111156093,6.840945118742889
3010,99.06363811260829,-0.2880627983512786,37.53921309723647,4.505718152646124
3011,113.2579664754219,0.43102295801089313,36.501121108670326,8.11930706161071
3012,87.1283643141575,-0.11356256479045149,36.374038869763275,8.26817608014929
3013,86.02881814887009,-0.05585218265281086,37.96317270286057,-2.673754022954575
3014,94.16400673653995,-0.3773865174622099,36.671020936167245,-0.9424342987941471
3015,110.38378851019317,1.3448540311806945,36.34454399646392,-2.056399621652692
3016,84.80653924523158,-0.7329260381085351,36.128973029114086,-3.3575530265053826
3017,71.67844401889431,-0.7402322525487084,37.53755172690447,-9.207473546682293
3018,95.48841141591001,2.1209935658451093,36.829347742669974,-0.07373859008421205
3019,105.51740799910921,0.9778475646543314,36.8731451324668,-6.427827968555553
3020,112.00261749738829,-2.3851136986930364,36.920399144206684,-0.170859407671637
3021,130.14633332988748,-0.5652587392104036,37.50647144233489,10.578854047814923
3022,95.88573392883998,-1.8119893375620542,36.91023508301204,-2.5467254816535427
3023,111.53900734255747,-0.9506906934152551,38.172026889416315,0.9738700281403362
3024,81.3025830030458,-3.1385146662340397,37.06688028702712,4.533241929046415
3025,96.1147922481699,-0.13698957769394238,37.53089238347916,1.401456459829535
3026,101.90423889925057,-1.1419418191613115,37.402619928952205,1.4624209397114794
3027,104.49218721285034,0.059905256796438384,36.98177633987098,-1.8120121684404
3028,94.90193306809117,-1.6251212588825248,36.70651450698977,-1.159389875306163
3029,100.34441011705842,0.08291185317203993,37.165981964283276,-4.800052610939141
3030,75.1167264658701,-0.4149162781203273,37.25504936560364,4.230225044447038
3031,93.41751587666151,1.5019529651885957,36.71370697593674,-8.70745828307048
3032,104.53508712554468,1.411356861745625,37.083169432975325,4.855441691911011
3033,90.1770596574532,0.785345603010283,37.6181024891298,-7.018491923726212
3034,100.58984221589597,-0.3266137806612126,38.03497386953484,4.813036370383261
3035,104.46872500802698,1.9853803952602933,37.42718466017471,-1.7690876310609056
3036,96.57450799142235,-1.5530352778398206,37.93137984319014,-6.159343440665401
3037,101.70463770996571,-1.4035586295636626,36.68531289439677,2.8964932253981823
3038,90.37267434715388,-0.08378309988906465,37.350941126029646,4.643837675378874
3039,97.93388720303953,2.254038108921119,37.669259754290636,-2.1903932405176842
3040,106.10216169589222,-0.20233890687008754,36.551833333514004,3.6030527433946657
3041,101.56972960968434,-0.18324524320928193,36.7572049439775,-11.425422473346751
3042,94.13468730436064,-1.4419103561118092,37.86895238091763,-6.602981448733002
3043,102.24216404290793,0.9459295852703784,36.51245057210653,6.462044652343645
3044,107.14609790636618,0.9531762543293538,36.329434983672144,-1.1183463709895807
3045,79.50058721422522,0.7890752013999099,37.763990786819754,-9.311066632244238
3046,111.59074064955898,-0.6292206728473624,37.59838161249022,-3.4943309022099682
3047,96.63745261318928,-0.7067067683730057,37.21606012199189,-4.617002362625404
3048,104.2548993324023,-1.2931222504049704,36.97714462267709,-0.8298086573646236
3049,111.97246923645228,0.08387250176093364,36.780737747197506,-1.853754919038237
3050,86.28326302769534,-1.0804073292785017,37.14097443690453,0.894658644690804
3051,92.90558997572454,-1.1774165052492886,37.78990347870077,-0.3473302580628735
3052,97.11451304124296,-0.42369071691067595,37.11928306307104,6.798696275185093
3053,92.16246478875571,-0.48915617518421617,38.08347963362348,2.1227429985983455
3054,117.34936575836808,-0.5379785288219551,36.551029007179885,2.2883580559679304
3055,91.43227906173207,0.4664445968402613,36.99015962283587,5.825785619472609
3056,94.44453220513134,0.07904780215027922,36.813470666168044,-1.9438437521479088
3057,102.04389031602977,-0.28815603051111766,36.45742922841883,-6.309387216792426
3058,87.97850473923911,0.18301292831148205,36.923458133495174,6.034851623161246
3059,96.04319288243737,-0.9915270411046322,37.20866465083022,0.6792087405405624
3060,103.17453261250175,0.10527862390967795,37.262115089976014,0.6967560394946422
3061,96.67139595617489,0.15060249284463378,38.08522608947228,-3.166649607651182
3062,99.06613141100051,-1.5030468593574806,37.23223373486178,-3.084276665517887
3063,94.70667887551629,0.995693754370362,37.57506840183981,4.233611693854218
3064,84.85529690819233,-0.8814337052269955,37.03304712314949,4.923278990688051
3065,103.21593211339238,0.09030979920643496,37.8390278002263,3.919117028733292
3066,117.54933071647241,1.1644117405352703,38.199224642794036,3.964808027227375
3067,100.18401630783438,0.9256767577138694,37.265542565487976,2.8451476862987946
3068,102.25264117247549,0.03433338856883548,36.50367049227421,0.6576136503907828
3069,106.9272275511686,-0.36249900288206854,36.72559748861141,-0.876898421604903
3070,87.306695034533,0.9475119085755672,37.14096715160258,6.051619249707766
3071,117.02514658129606,0.6746949778086199,37.22824901762532,-1.868604352452168
3072,102.02328796422802,-0.61836502004413,37.34921256719218,1.8498960694037347
3073,116.3185689908911,-0.7948936470016904,37.23009884061502,-4.020064989771233
3074,92.66967004476011,-2.072355181695998,37.00349245812797,-3.2964951842522523
3075,118.18061922557825,0.1540318416835874,36.68190077939894,-1.1807728392861325
3076,107.75155494034783,-0.08269774501839869,37.20056913063212,-4.019691883635818
3077,105.53040085852358,1.1361913746425423,37.927493678740326,3.989259127391502
3078,102.34024454353148,0.3590550934803667,37.509964302713875,-6.740171257725147
3079,97.5147138192555,1.3342291941726905,37.2673519748181,0.49614811690536464
3080,112.00531658473872,-0.6973642279161708,37.51478346191138,0.662540484210906
3081,101.40359869848047,1.1381503309676184,36.81446798554958,-9.053997891598405
3082,80.32930296412847,-0.5289163791046552,36.74586742695834,-2.2051191026180437
3083,88.82813538292997,0.7775960617922721,36.626107447817006,1.2784976902407137
3084,98.14154247807252,-1.4587583925306935,36.93735668861528,2.1436399664703405
3085,103.09998983165555,0.23513529936618852,36.78899705164546,-1.0215360430008293
3086,99.43411511100105,-1.98468794144591,37.60413737032607,3.384441022403577
3087,112.18970789793663,-0.2671374859417547,36.762338291158905,-0.5465812861802041
3088,80.48898135961375,0.4403539938779136,36.59863914188754,0.06826456037528364
3089,101.4358793650516,-0.5209685512310958,37.971288589415316,1.2582693449327684
3090,81.82020774612846,-1.0504376287559674,36.77431238445933,4.634998143670844
3091,107.59712295484168,0.8461184692959337,37.07676422862517,-3.3785900120776597
3092,99.05541285557997,-0.10346278984692345,37.22566141237171,-2.4341093625914874
3093,146.72185726033683,-0.4895706470306716,36.43165344053959,-3.3444824586460737
3094,91.36117039410234,0.04189592115427648,37.61774188475153,-1.6609885807096667
3095,112.7946493165775,2.6366691419455885,37.31855952020561,7.131171290398823
3096,110.41724664058852,1.1535028497815438,37.77919200594039,2.863626596649111
3097,105.83544303011888,1.1625736681878402,36.66038903139095,-5.655448725844209
3098,98.7048275313656,0.435546318992364,37.04956289623808,-3.002234827943373
3099,105.79857285295132,0.16648527257714707,37.019677877497095,1.8638361213820107
3100,92.93107432012651,-2.3960822883304163,37.131944247175014,-4.532538904663852
3101,108.55555659020712,-0.6789803464631321,36.27269262571142,-3.6267002040737846
3102,116.4948089432392,-0.4805744132024745,37.05541818934611,6.724798330870744
3103,110.70610559979187,-1.874892064047533,36.28676804428813,-3.0668781423659337
3104,92.70397530192591,-1.1574157902154336,37.17916703559846,4.773334080146934
3105,103.61417317273103,-1.980836470922634,35.93567543774074,6.276615947654692
3106,87.06858456241352,-0.038323835697372494,36.07420658285471,-3.6673104558448215
3107,105.72390311175675,0.8187659708488161,37.409274358219996,-4.449812782785707
3108,104.50603412862539,1.1067745186243287,36.726580772402606,-1.3806604324058256
3109,81.30183660467836,0.41478446207924113,36.50607096318388,-5.443138603368125
3110,88.38216156087637,-0.963396341198569,37.635422810537776,0.605169392513712
3111,97.16861103256232,-1.9320651585199595,37.16381310866421,-1.0282595592669324
3112,96.99140252859173,-1.756868699401502,37.43604509776689,1.8029000794315078
3113,87.90523064581194,-1.2689825772544985,36.916878963839586,6.984717281164105
3114,103.88978729352183,-0.8888596980356747,38.33981434695,4.087424903851596
3115,102.51473608940512,-0.15974849799158664,36.697743069720104,2.4461988770617813
3116,98.0573086802148,-1.0141642181269683,37.87224777467994,-9.83024206483959
3117,92.44208499841638,0.3389758936682615,36.969316979950044,2.2168799105118757
3118,110.48707126416564,-0.23227350279947281,36.172744802543626,8.613138303522746
3119,116.55407113088296,0.0105457117410256,37.24142437287406,-15.052612581567583
3120,95.16438516153463,1.1402505526712048,37.157381280727584,3.4469127148781267
3121,93.8783308284518,-1.18023173420037,36.474339092880385,-0.7967928737823214
3122,104.91207665411996,0.41870457829236835,36.53889036143264,-4.248975015114723
3123,96.41970620253014,-0.013973228476073308,36.987651178457504,4.005642919559768
3124,98.60602799336766,-0.33348628096969524,37.17487390762399,8.548529503036653
3125,107.39653151724671,0.8852563208659603,35.7646683585603,3.8761536441887685
3126,80.90643912492708,0.8790141545570074,37.5265607262619,-1.855959756307632
3127,113.1830232485267,-0.9464907959884281,36.752751013092514,-4.7173491220407815
3128,100.72680524329341,-0.1821605838579241,36.33412625780091,0.7231381689477189
3129,95.8850685543782,0.28121168258406537,37.47053327572596,4.365846461907941
3130,99.1076584577855,-0.2730067480225845,36.98819101029077,-1.935265131168638
3131,99.62429355020518,0.5850213322877983,37.608082888391124,-1.4519149582539834
3132,82.68798696555075,0.2811920179102754,37.218976131489875,14.110001249191992
3133,114.94938227453235,1.8325612403560125,36.99924274852598,5.393259729798629
3134,100.41325632270619,-1.5302791359297876,36.923635027509924,5.750643391968161
3135,104.43002130447375,-0.12243598974739747,37.24135638027807,-7.30142953029406
3136,109.51549770574043,-0.9085025115121911,36.793234370595336,-3.535943396467302
3137,89.788375424397,0.6041074554390441,36.57371370562675,0.3734081972711951
3138,104.73471899035229,-1.6171718900455445,37.30495456132732,-5.005687789425748
3139,97.32358909101207,0.3463127102248866,36.927756079277785,8.001986494446472
3140,108.46770775216494,-0.6300484313483411,37.016783824034505,7.051561532953227
3141,78.72772579648505,-0.7341618661210141,37.5446899180773,-2.6677266869202687
3142,99.00905699758731,-1.4464982035406873,36.943061696132126,8.919593033037424
3143,93.97179344216039,-0.46507594620100606,37.00751696277089,-0.02126048359971067
3144,104.32262950634156,1.0845005302909256,36.70017524427453,12.946948586945243
3145,104.70044187368202,-0.02518868352947947,37.21536996699093,0.7234306526251822
3146,92.92374105177974,0.6276804178744745,37.17491395634004,2.88096375164211
3147,92.87826135823957,1.664641821966275,37.45038756589528,6.999517205847791
3148,98.89334631442671,0.2637555848225758,36.71043558149656,6.388166749039046
3149,91.03357772684792,-0.5587995720623407,36.77109151520491,2.5536603306794676
3150,108.41983695452127,0.4672522151827898,37.39606869957274,-0.7057015972191791
3151,96.30792799552555,-0.5442961463142919,37.126106501681434,2.5706634999655957
3152,70.93011780678358,-0.5044226832971694,36.54689093690365,-4.0809208593805755
3153,96.25177943378193,-1.5198927996189848,37.65327703386725,0.7606685943205793
3154,89.61456179156028,0.9262574910843923,36.150774715799876,-5.546537662489975
3155,83.68724184539055,-0.3860025756494393,37.392142376631874,-8.904408200401507
3156,87.62573361777427,0.18209824581586204,36.3673939820009,0.2521338206972153
3157,101.0940847183297,-1.0359619286066395,37.94289425824277,6.311389453358362
3158,113.28640828248231,0.43594762971547235,36.22770013654719,4.629023207980296
3159,103.1318447386498,-0.7619412381350837,37.576125325936374,-0.4095614786280413
3160,93.9349661178426,-0.14170872170182425,36.959182819994375,8.734948490877482
3161,104.55904195170703,0.8778260312391258,36.816698715080626,-2.8453069542328686
3162,95.40909689781009,0.7907593122325293,37.09269832823388,-9.589163308990116
3163,93.05399630836855,-0.022030072516940464,37.315950169578905,-10.91050647100481
3164,88.45637331767016,-1.7681310327067183,36.547799748834564,-5.905954702978585
3165,82.48171193248281,2.9928105700606413,36.59210613741571,4.083123716311144
3166,96.10076293440555,1.745858970273136,37.324802432556446,-3.1740134173369317
3167,101.58053489920133,0.7226748248882985,36.1463285231752,2.3047932092865104
3168,99.0337632998511,-0.7532037815909708,36.70788545340396,8.231416917919885
3169,95.84033072052641,-0.11359216170196468,38.52034347707972,-5.500484812889031
3170,90.54253939303219,-0.5434204297765169,36.51599351770536,2.392498658979449
3171,106.08246191684968,1.2638559390963884,37.57390139587988,2.694815363278611
3172,86.82868080053416,0.2625028908518338,36.70702461564309,-4.303689942365516
3173,107.76027913843475,-0.7841638583598328,37.25452257239857,6.771054626225416
3174,89.97782981073276,-0.470755099124782,37.32717784529811,-1.4385352777473828
3175,92.47564762646965,1.1211881425699046,37.56447836759148,-1.9187649045650466
3176,85.33214809384323,1.6000978468204783,36.899873086593615,10.558066092089863
3177,94.98597853114363,1.5283315634862455,37.99444231937743,2.613833711833591
3178,109.75312458477978,0.7570320650539775,36.70533171770741,4.62645274842749
3179,105.15628088443957,-0.2526248688026368,37.11711020679978,6.774464657609194
3180,109.78422112028035,-3.2415138253291205,37.1226384661088,-3.2523699972960847
3181,105.22142545933936,0.2971600238082216,36.43901594002529,6.249105485268396
3182,88.96330171469631,-0.0018287588441003935,36.85706387251044,-2.50947057498835
3183,96.69210775672443,0.13998209632135372,37.080756749619205,-2.7231169466914866
3184,92.19800870882537,0.05389734703320638,36.78393947843529,-1.3599998615406808
3185,113.3057490403904,-1.326262161949157,38.22046198272827,-3.110324174724774
3186,88.03211353573688,0.5574085568511856,36.580688163200236,4.110782163285815
3187,108.93697689389111,0.6322163140318503,37.58971223407021,1.3360532757252785
3188,108.9295387010877,0.6823387820596591,37.428229906574394,-2.4561220730855644
3189,118.29620201716088,0.9465770035733866,36.99306893274787,3.372525165774109
3190,95.90313407370503,0.6040516449216232,36.56739547307388,-1.3759121869317301
3191,107.12322159580162,-0.4100294115389108,36.61587233980411,-1.640351851823383
3192,122.81651836538842,-0.07083684791609023,36.741016350391746,0.2434194245077182
3193,93.82358323066303,0.09112486725337687,36.10712935902687,2.317301778331086
3194,84.64959752467641,0.10769944910661848,36.498267287100354,1.9492382468870981
3195,81.19989966092237,0.9982176559717297,36.25876174231818,-1.816245911264152
3196,107.12712028861331,0.6436687530224908,37.672937501588855,4.235556037197012
3197,81.16849791941416,2.0773434395699533,37.30923119619411,-1.1119707553982803
3198,96.27680947062078,2.206468979884672,37.39298704943273,-3.2749224430435953
3199,104.37313187038961,0.07964958261392499,37.294415975770974,-7.340108243836757
3200,101.85175536829914,-3.8366555484593694,37.08348381166708,4.915892404995106
3201,104.25444864184172,1.2368324661272665,37.73034016606457,0.061950380970037765
3202,102.22289855800854,-0.5403763389870544,36.69461867213413,1.054361792552574
3203,155.72022466998794,-0.8014839218310068,37.05333482768352,5.229014578497577
3204,90.47683619261203,-0.3984452749893668,37.37352941391206,-2.38703115798908
3205,93.23004861541469,-0.4466430468146064,36.339395384071935,-6.871996242370643
3206,92.27340554729176,0.6122698101053926,38.548294448071275,0.3489035110760925
3207,108.3019181186261,-1.5594357791262254,37.014282881388795,1.539807760401477
3208,109.00398588395063,-1.0777207457916016,37.0709947252878,-1.314245330801864
3209,104.51225319318507,0.3431585541974166,37.62843901583746,7.368687890380845
3210,111.83493666889927,0.6229440304133081,37.45747766650511,-12.430832838606783
3211,88.2195913262362,0.641541644936012,37.01903900969823,5.6002831894989145
3212,116.67224111551137,-0.787036278933299,37.06506471904902,3.9557682518211292
3213,115.23238621712258,-0.97826564926624,36.247925734526014,2.2838538885022968
3214,107.35621997245747,-0.5066348337879193,36.72176711107501,-16.679507747345482
3215,117.8179890877106,0.23987275228472507,37.25860510807948,6.419443916351342
3216,83.43376792322226,1.4854773692725496,37.221946419521444,-5.132170553179426
3217,94.75551863737348,-2.0474371857707503,37.610582875002045,-2.5384598919169337
3218,92.64696539318048,-0.22072875695836655,36.93974947088834,-0.8529633239503441
3219,107.21479323757343,-1.3326784410252037,36.30635674328457,2.0370901732598767
3220,89.49859260397855,-1.6522426773534897,37.528365215387836,3.1971402109627496
3221,107.57495149337485,0.9669566453448166,37.71804467309101,4.464202771596482
3222,113.70536143996713,0.5446245744993387,37.449122286428114,4.079267550392581
3223,106.95202900084,0.4494335159472622,36.91818316457125,1.2646360210656293
3224,102.83751023661502,0.9210258397309934,37.52219302593829,2.079613295287954
3225,90.1212665909925,-0.47971889676613605,38.71445523900411,-5.453768579111232
3226,91.53149033874635,-0.43263751633352826,37.05757615722024,-3.755134034095111
3227,112.49618905296667,2.1857306167225743,36.34413165387744,4.477301118374161
3228,107.79349003905332,-0.24657105425957435,36.70685747522393,4.186047433643406
3229,99.60980480622456,0.7351321130540912,37.312738000152024,3.6189970822221045
3230,95.8209045423411,0.006381540963314977,36.19759784455097,-2.5720838082826374
3231,79.74192126888623,-1.8482585300784151,37.084701537456034,4.552460659718479
3232,89.29147581315561,-2.044629003801268,37.19016832515794,-5.80622226240179
3233,119.11419087139723,-0.5789842199399048,37.767560869906326,5.386799049311365
3234,121.01633783207478,1.056101251669989,37.65509742802715,-1.304354006229451
3235,101.8947982122108,0.7882916566360036,37.43229239587588,8.420852031703163
3236,110.07443973195198,0.9140771642240336,35.91866049474274,-7.607210460327424
3237,87.45077331997707,-0.9870461789363153,37.460526564023965,8.81702022959261
3238,101.84710474781083,1.6158724901223136,37.35275669303012,-1.8073216458173091
3239,109.37915537510655,-0.9648933001863843,37.127972188539175,-1.897396280058721
3240,100.12499321907251,0.21282439866996872,36.134888936927254,0.9741940949279846
3241,128.6840305566677,-0.010352289907736689,36.61161304540647,-3.485394564003484
3242,83.31400741121804,-0.17387382031458634,36.41658861523297,-0.3616450065115345
3243,110.5872852988388,1.3385921382956067,35.99249578024646,-3.6881313263542728
3244,98.27198262603535,-0.7051105201659605,36.9985424242926,-3.5053176548959355
3245,107.71920154836675,-1.349605255711928,36.60108893927861,2.4344297515028592
3246,104.41307151699246,0.01999548620641927,38.31265279013446,-4.50782747651758
3247,92.66843802890003,-0.3998267342865265,36.91561403028105,-3.840971175027411
3248,102.28996392459341,3.377382919082646,37.64687657793298,-6.863956248732045
3249,81.42098548601713,0.676507476439975,36.215450487653385,-2.519653399806697
3250,106.03247500571393,-0.4093405752186243,36.73495520699757,6.558010148619609
3251,102.98158465990525,-1.0561115691870866,37.04844893801716,-4.229668200514842
3252,106.38660168643102,-1.8802884105687847,36.54592302569616,-3.6581663259362065
3253,110.5811832508715,-1.025219085737433,36.788899657597625,0.9696097324076776
3254,103.67619840209711,0.11494177175913174,36.89102454687823,-1.8539821689976324
3255,101.48089419798276,1.4273286515947694,36.88304600727755,11.140772166748249
3256,91.18931663338708,1.121689142387919,37.92755928651767,-0.8126398233812836
3257,92.87779236350949,0.2290948316463794,37.189113142715755,1.6760917310868586
3258,111.86734620177332,-0.3231676657024847,37.23975528147065,4.7188439239966105
3259,114.36335405705978,0.26881235641215423,37.26982738717253,4.622889329314253
3260,97.61889563687946,-0.518637997484576,37.306313188668554,1.1664379077868967
3261,100.46002747253274,1.7183639957638757,36.958556508062564,-0.805637433430006
3262,90.95385625006234,-0.18919018127507997,36.839626814260576,10.120142681896285
3263,111.72756845267445,-0.08633785824672688,37.08340802975914,-0.49880137657133317
3264,106.65416823691778,-2.215822425020668,37.57840197445674,-2.208450522142403
3265,119.4121743646375,-0.19543484652276386,37.563119094218195,-3.2292449414700926
3266,91.21676922820261,0.836484137964941,36.879800762155796,-8.63401601353378
3267,96.21992100981782,-1.0677225770385452,37.38392184733406,4.108078761185816
3268,102.31445922525572,-0.7507203344928128,36.90270766848017,-11.740341985504132
3269,106.4648953772577,0.7927110177336647,37.016935274717625,-0.02861420452460357
3270,97.84332362452368,-1.4766572235180533,36.7632383092229,-1.0243031713569253
3271,91.270389095463,1.0578010075419184,36.90917743054688,11.19982596115724
3272,108.81407528923572,-0.532143890173102,37.67066503477484,-9.158256143568131
3273,107.21135362545581,-0.38856822049120293,37.04621057366962,-4.505516434921785
3274,90.83725899436276,-1.1238784051255941,37.06764125427616,-0.6804822934082467
3275,113.55442801105495,0.3780462604278832,36.27639111037102,-0.9876466873458414
3276,111.70198709196603,2.45987198502938,36.84537804618363,-2.747722954050224
3277,101.34296497247793,0.781497239460632,36.87934254812764,-0.40493954701083695
3278,100.79597862376036,-0.8642852619405358,36.585428257278295,-6.2978136443487065
3279,105.54057771115907,1.135620585491476,37.01083270585178,1.785964394974695
3280,91.38296929743741,-0.31667954593424946,36.78540885488617,-11.607426710387891
3281,100.30031479164082,1.3744849814275593,37.03999792762179,-0.12884677938628536
3282,78.4761645539082,0.8066764021643629,37.06075150490947,-3.0017834713178666
3283,108.76455645502935,-2.9431415654717332,36.52212282108868,5.081439713783178
3284,84.3850677755814,-1.0040796329550274,36.80064910875841,8.776555353166524
3285,115.03419828428999,0.9443852228353897,37.038687141380414,-1.6552608437517886
3286,96.6987990603355,0.15165727214501756,37.592149715578365,6.953629645707155
3287,97.88333018068823,-1.0237559477078506,37.12835958639787,-1.5805814031520538
3288,93.72266093915495,-0.6335895154938127,36.66903241004129,-4.830632615645451
3289,97.11961126077924,-1.9062366200893806,37.199502379621926,8.729518160928098
3290,114.18531345148037,-0.08837328752639602,37.85377444466088,2.6038822236700336
3291,75.1219134346492,2.2106897260157643,37.458353236294506,0.022192613049071788
3292,112.76965386088187,0.8049333907323256,37.27376326521781,3.4358873754932424
3293,103.38023481101708,2.190417001188423,37.36279508774116,1.3710751756508366
3294,87.92978352142785,0.8823970897899802,37.71997702071432,-0.3460970397075901
3295,89.24687606950762,1.0274793433526916,37.53781339700883,-6.632174136539982
3296,116.76393027208204,1.9740786877450238,37.28338019055883,-1.3526836858063334
3297,90.54493120057269,0.3772632593422264,37.534321109795044,3.1162771172923636
3298,88.46649489404041,-0.18722732150688023,36.459174451867966,-0.6138571284340528
3299,111.37314542364729,1.0326575166220122,36.24886737382986,4.511628805651929
3300,103.38552876285914,1.4538402371218848,37.078549325321916,1.918275119333945
3301,90.620744234636,-0.47996464271220896,37.03434035482527,-4.390681590427034
3302,102.16624975404619,-0.7215690823400293,36.72804497324337,-6.5958597891606185
3303,89.74247316359723,0.13885603243088018,37.412926334913855,-0.7858924996508403
3304,111.00821398422605,0.8314988669316621,36.06856820677438,-2.621142240522938
3305,110.61370964873133,0.7980910486615617,36.7326138719711,1.6816090481084305
3306,105.32006198821944,-1.4241676001875991,36.75752222756119,-3.590688293813649
3307,103.61661061247017,1.9116060670633217,36.18184910745027,-3.0769616287743857
3308,117.61188124867374,-0.6411649293968504,37.747365503634654,5.265348587974562
3309,99.99686327388225,-0.2650649968885794,36.32039936566834,0.7410148431394893
3310,88.181258745792,-0.9026543599878197,36.705829971346155,-3.5136353271364644
3311,104.49473912832306,2.6983288359370876,37.45398987890257,0.08820904367509835
3312,120.86047049537115,0.24207067028796736,37.32302267171436,6.8945562150084125
3313,89.85240506814148,-0.8509750806815649,36.445912651757624,1.4689334413736133
3314,96.38537233306015,0.8639235499624459,37.34124460463032,2.964754047125648
3315,104.16446038101452,0.7691357793100331,37.14489223932911,-3.7611726826372127
3316,99.4609515099426,-0.1877270235798839,38.16651778105573,5.132096885673002
3317,90.17696419622686,0.8406067127833832,37.201970208034155,11.590511302319008
3318,111.21857856230471,-0.8252919608308644,36.92937908946573,-3.957338212564268
3319,123.2004072201726,-0.4929182749492523,36.57174902144029,-5.909469871859947
3320,101.96131459023907,-2.010216654566063,36.627878316522214,0.877711219175741
3321,90.95931710264,-1.3239510842195628,36.58711545226592,4.377525249222051
3322,107.78832090475176,1.8076308056706858,37.685549406955964,-0.4569483602513068
3323,102.5797598122118,1.6414286277223145,37.00898495750823,-5.266031980213314
3324,111.03877343316258,0.06578864864896251,37.282623561987364,-0.5429208089019499
3325,104.75167746495381,1.6629314471898375,37.757123799990445,2.990461363887273
3326,99.97596159081147,-0.16007448660830478,35.82076792889627,-2.0351591347302964
3327,94.10728348210694,-0.24341030256790794,37.63943688235019,3.036275088774608
3328,89.07836367281911,0.05651064846555637,37.02769845589167,5.82355392619955
3329,108.34751326324883,-0.12492159532356542,37.217524185820224,1.2011531288522381
3330,109.13771621385585,-0.21519632356018042,36.58579838912588,-0.13973885639146325
3331,84.54270213309266,1.1433981071495527,36.62243780077574,4.146719626131409
3332,115.89838978180684,0.1501356539562031,37.244422944906496,-4.280504137186153
3333,105.74071220894001,0.7124817644338045,38.19229890016573,-4.773549168464613
3334,113.99594645145794,1.031380525277331,37.50165665640745,-1.3328614246449266
3335,86.57872251514885,0.38818579565473343,37.63276146070927,-2.459397274072336
3336,86.34175844584561,-0.9702713259082388,36.90399936486929,-4.016709876452377
3337,98.51030690232703,-1.3528658889640388,36.69989788770719,9.152342374993871
3338,105.02784426895194,0.1487806348073052,36.6095975242105,10.859966047471456
3339,117.96360822926964,-0.17125630482493448,36.75586313765166,-1.7685252112779113
3340,107.06078913815132,0.08739142892012171,35.97360878341474,0.45859474874182726
3341,97.57318723187967,-0.01605403924858619,36.6375403285542,-0.9392141003189548
3342,89.73630792334107,2.583573660166567,36.71982342197008,5.537496200590781
3343,112.3000057271915,-1.330226255641338,36.91232091280258,6.528227809200235
3344,90.35294574249285,-1.9899462698211248,37.06587505487364,-8.886318993448233
3345,116.28468554772321,0.33237683351960967,37.18122543431281,2.380054000328128
3346,97.1561535039349,-0.3764225545881953,36.99253731377852,-6.534106705805742
3347,115.9058207261785,0.3160678697299512,36.70927845682862,8.791360789376391
3348,106.78931290059279,0.5838830222840011,36.01832067836724,2.2012401510519903
3349,98.63004510557542,1.2841046951788975,36.7123456957991,-4.116747691813181
3350,94.80603628173873,-1.5072258203839384,36.5137746811565,-1.2066069396892658
3351,96.59092122653921,-0.556717897857163,37.2330333741393,-1.4448862913307918
3352,104.28316692375238,0.42876125888076383,37.45464369834685,2.6255647144290784
3353,100.77156496217717,0.7704635956872266,37.46928553352997,5.209563020887391
3354,94.06188591931294,2.1934495502883857,37.37847636806391,-5.74103645985855
3355,98.34368589682367,0.9557039711138672,36.93323713227375,9.193772504560568
3356,100.7857702971915,-0.05678859588627712,36.739022217262054,8.028450539104217
3357,78.71265905585187,-0.8904357529426616,36.62644862316647,-4.3766178379552265
3358,104.58168114788698,-0.5642898527190192,36.246250541699126,0.36400897181154657
3359,90.20278775283194,-0.5927028229571065,37.49592685025393,8.55404272057158
3360,88.46667596794255,0.6552336285137607,36.91264448103501,6.164592933387415
3361,83.1265565288929,0.2569974455858305,36.37682985318956,-1.683715150239478
3362,82.0610750213211,-1.323649570842179,36.58675431214488,4.071699072839366
3363,86.44552496887711,-0.435901469090433,36.56651327178373,14.985991458595693
3364,92.9097904236951,0.8775475534514207,37.02151224250756,0.5257999092560605
3365,119.53259137526568,0.351662354974059,37.533733925535344,-3.163241257200096
3366,94.74120324104796,0.5686446160127705,36.82600522520221,0.862099260456996
3367,101.77750106268032,0.38292171005726305,35.873733242608175,1.23276047748659
3368,104.00481386506328,1.6264307346088593,36.90540983242054,-2.6226836950004904
3369,101.3106518621585,0.23604306382437004,36.9219030499514,2.208125339071085
3370,99.22556539274007,-0.386022797870698,36.88753988453224,-6.272005298637506
3371,88.04706236400756,-0.9157550411335605,36.68626941676215,-3.327669335043396
3372,114.50927548279212,0.2496094582097118,37.10871954036292,3.7912238807739884
3373,118.07196643637886,-2.440704014775084,37.033070557574504,-8.774354257711256
3374,83.17341305877315,-0.18428900183271194,36.98758484293668,4.515837959973882
3375,89.7597140911362,-0.20583985992134396,37.20632068072148,-10.059906828528515
3376,97.20189657622994,-1.364470853617281,36.785083588426076,-8.656622894381576
3377,90.35462205089809,-0.9282658386559959,36.75670716514967,-2.494893715279427
3378,105.05965553455866,0.8096575301482413,37.6900616447927,1.434319214096752
3379,92.71727797593387,0.23071174907496259,37.27967770485772,6.626318015636943
3380,121.65056067806603,0.1017883337073275,37.4134730304714,0.2881138157979778
3381,111.90548594343596,0.30634753393202263,37.613052292667035,-1.2327680378799495
3382,102.12574030632214,0.09262758794892355,37.2629720903124,2.897906239924021
3383,110.26986263319732,1.2428625628583145,37.46419433956809,-4.354494102339672
3384,111.05900424357309,0.12342918170364875,36.21032741896487,0.6970757967320316
3385,94.36052511941757,-1.4582131138187504,37.102076935998014,-5.9972312897768
3386,91.83782755458036,1.6301299648744103,36.908640769092834,0.4129525843770656
3387,100.78143062969647,0.37034026732884573,37.8388420454499,-0.6491816292470167
3388,108.61636124497944,-0.5892537307950677,37.46382276590165,-4.021339607247087
3389,101.39060398653417,-1.2534017182950186,36.68477740460341,0.8252031826886957
3390,84.23003517809002,0.3959142209580454,37.1863970792646,0.7927482657982141
3391,91.97175556049157,-0.11717200497437547,37.08384066672462,5.877270061695674
3392,99.26027136405622,1.5741467860324088,37.22716571657612,-8.028167015313938
3393,99.2433439567417,-0.34590728066682785,36.49057876531268,-0.380244538485213
3394,119.72542176789808,-0.8373807896824669,37.180008232619116,-3.8013119985173964
3395,86.14012057601002,0.8957962182359285,36.88592432535588,4.348810290881459
3396,105.05589241835875,0.9252818927168314,37.1412248820278,3.769560325960665
3397,114.8911310832829,0.1686513676101955,36.637807417438914,2.5393992253431055
3398,122.71449745422797,0.6763570476749083,36.7074684143017,-3.5191662903473153
3399,95.95602576816039,-0.0376871207422379,37.58692101018335,4.427352914700477
3400,104.914294527202,0.23386510100924698,36.47422622082992,-7.650654643716659
3401,105.69760357198646,1.164990882563923,36.511122799478976,-8.676553517963857
3402,101.9548173155329,0.625318334021503,36.97420937139221,-6.37935499950962
3403,99.01154798760695,-0.1692744383326247,36.61405481240702,-0.16737405163452945
3404,104.35975389500047,1.3523625459261506,36.5574856838686,3.375822004941469
3405,74.67753914780315,-2.3648553727915123,37.05253798560415,-14.880162370047623
3406,106.82069490062631,2.052073311421935,36.24746707154815,6.613714159398932
3407,101.26177903661967,-1.7059590948907353,36.49601888254318,0.655560980892171
3408,97.77525103221734,-0.627092824772296,38.02704779146182,-7.838861737948876
3409,120.46862195719558,-0.04091753519506904,37.2297375294845,0.5047348514479051
3410,93.25065981209448,-0.14648067072816137,36.62671832386504,5.462627073392098
3411,95.9692401093497,1.0064110400265547,37.2091075391331,2.9972050765312948
3412,119.91553302204734,-1.0578366186102344,37.28366523849331,5.49536531276983
3413,91.67938695150143,0.2607668174830632,37.49720721004512,-6.8312331469855545
3414,94.4988471706346,-0.578212098219754,36.936421985271636,-2.070026175692023
3415,98.5297457656915,0.2951409793374166,37.488248851386444,-4.6234611526176606
3416,108.4073448212955,-0.06477225979787651,35.98077673755891,8.58790102522159
3417,102.07802507353314,0.09293565268297786,36.47184593476212,3.19681421743315
3418,87.07374652847737,-0.5499248324643456,37.08193570086823,14.235047944788203
3419,94.67831436872811,-0.5100639500960824,37.164816766403895,-2.338047667086137
3420,93.92645566787789,0.28727251402742693,36.54410885616568,-3.6233710584115237
3421,99.22778954776955,0.9437155057560443,37.12970999563158,-0.7141331929757527
3422,104.25843658629829,-0.5982793341978477,36.68807987565637,6.891786107112745
3423,104.18205755887972,-0.8687675445729097,36.86152045288642,-1.8305984468767367
3424,82.23988245951598,0.613460165671837,37.51238690033251,0.6221879895347212
3425,110.63940987560856,-0.0325038930576894,37.4544687484443,0.48345351443409784
3426,102.52568845996623,0.830498133985952,36.50146983631837,0.19748380601094728
3427,113.84532047593906,-0.9057972133711476,36.47137426898995,-3.2619923023123896
3428,104.44198327290673,-1.7794389254234309,36.79441330222334,-0.6864553395518329
3429,111.01322957735762,-0.5330040818263343,36.98662684941354,-0.9005130067567892
3430,104.66545311450128,-0.766352609265016,36.67105075571263,-0.03782329837324574
3431,113.46225756202747,-0.07878840008029991,37.52032122139983,4.717584090763541
3432,105.22250636017779,-0.6368452142703895,37.17369492085428,8.803140173122463
3433,99.02084753557097,0.7410169513364492,37.20304255493721,-4.2021738133485345
3434,122.72434720446881,-0.28815026242251623,36.36673058552751,-1.9599681239385753
3435,108.89037122279892,0.15047449877390098,37.58364535869189,-4.125059492030933
3436,105.73744421004413,0.15763455844094396,35.589915588879656,0.9355076861113634
3437,87.23695583461664,0.19495509241218734,37.41702772592468,-2.6917472875548842
3438,87.11692382536462,-0.024129110454973405,37.467155868835384,1.1989841687099436
3439,102.92715482141854,0.5106006904103135,36.78379940636102,5.518134552223934
3440,101.45521197768241,-0.7956551338258075,37.636455108623714,-12.629158429023041
3441,93.85877434991684,1.399417926653883,36.96845122352283,2.4588994480034545
3442,101.4098269961206,-0.2365373833685352,37.031215851663724,-2.3009352444893945
3443,115.88626928043595,-1.3115491378986817,37.16976439370211,2.302111339921945
3444,106.95402474550299,0.18807335699177305,38.593287455905525,-4.482347188751002
3445,88.58991490247261,-0.851180482447485,37.6722169540415,5.9813049415343755
3446,98.88491172857056,0.665334534508875,37.35056560035646,4.566403090201421
3447,91.9503351914744,2.2096055760423776,36.543597756699405,2.8417607427132148
3448,96.12300083591438,-0.7865720915578501,37.07179491273975,3.9661285890504923
3449,95.86384334370358,0.3323723332239848,36.59343795307681,-3.728102335860868
3450,95.22354417395995,-1.7555055887046276,37.41105542364141,-3.0981187734464495
3451,87.44864628026605,0.4539052294413472,37.07023348786743,3.7621810040873966
3452,98.7234531848181,-0.8857137997996899,36.437739160193054,-3.8386457138430603
3453,94.3939236315269,-0.6248346184344824,37.04056229170925,7.228175233290434
3454,70.70551309997732,-1.101286489839828,36.57529126514185,-1.617955356405158
3455,120.52972024501663,0.7321512260547355,37.075608110668774,2.50947194930311
3456,110.88769654216672,1.0073043574732625,36.57046134181737,10.496247596275449
3457,96.23699275075003,0.023385214658507663,37.0137438166804,-3.531116770340383
3458,100.18819049740598,-0.8644267053357196,37.37523493096755,0.3438087542239139
3459,88.28345652682438,1.5895230361038624,36.97347400403745,5.270915823186537
3460,116.95722877810866,-0.7504101277546562,36.80455586641381,4.7563869443826565
3461,118.97288694773111,-2.162032299927439,37.10163811052873,-1.6390765511967906
3462,101.56693728246525,0.4583890099570684,37.34859131039643,-2.58365218760927
3463,110.23530644185345,-1.1047746736415167,36.44640836505912,-1.1656796627252588
3464,101.75286778933923,0.9886087934991747,37.1303280773526,7.239288830756819
3465,86.6327456112407,-0.38113769667341885,37.6587704095087,-1.3955292817997327
3466,95.88176631036343,0.6037132405441962,37.28682848163836,0.39057846241732497
3467,101.31927966771957,1.401500346552158,37.02887707333361,-2.1339323546171256
3468,95.45452281256556,-1.208858864620722,37.319868753349446,3.5277428239799336
3469,97.81346722564965,-0.5659371308924055,37.22624822805134,0.7776251879182817
3470,99.08600442490885,-0.07567107265706344,37.37680055457991,-5.017169053791145
3471,99.19121502134539,1.5375513190343435,35.98803419450853,-4.844120570174971
3472,100.52258490497483,-0.6583827179404454,36.22327193316837,-9.993027832777535
3473,89.39394933603398,-0.5945036959490072,37.50241457474162,-4.156607045628081
3474,92.82983850872064,0.4781405755558084,36.24736041191928,3.969729018160861
3475,87.1541573430003,-0.5772287257105709,37.2007693178596,6.618802690061339
3476,109.778155496862,0.15252588289761657,36.823975171983854,3.4277918160859198
3477,78.94353058159675,-1.5515374209681267,36.501905377202,2.7731610032034064
3478,111.53590343316925,2.2143299425565965,37.17482487857374,-0.6326302476432478
3479,113.86349397262843,-1.3477092303094034,37.10051675185829,3.874572774569935
3480,96.97819413017379,-0.32175270399020833,38.05517132604819,1.4313911154094214
3481,73.96862912172702,-0.032481035842094615,36.687594397732056,9.022244859935624
3482,96.38689438032709,1.9126881343567956,37.72005506003459,-0.4922265708837423
3483,99.35815838711181,-1.32484578093274,37.17621145719216,6.715040418680656
3484,89.89401780071087,1.9837041354787512,36.669489059228646,4.3705704090893
3485,94.84781606191757,0.7571768211020226,37.39962322875862,3.6772164310207938
3486,115.30195198863352,0.41709532442324604,37.28286925222697,-10.0574566273091
3487,106.64927162301741,-0.9846336870179554,37.01792164742903,4.645947807738554
3488,90.754358856219,0.5711412420380737,37.13314767822031,-0.6375398945457666
3489,84.02400830404568,-0.7234866224198,36.701506484477235,-2.2196324721744585
3490,96.72982682390229,1.2666612531984123,36.587106437372746,-7.414565205889566
3491,97.86543220649561,-0.9710620291077331,37.37972108691129,-0.02793566984091557
3492,104.96199187363317,-0.11315849445608397,36.888030287843364,0.16775798409121304
3493,94.64683287432341,-0.5552730880131715,36.95995850087545,-6.515009609074022
3494,105.11499575361862,-0.9875229624269947,37.139910797972135,-7.36640086446846
3495,119.35154040060229,0.7413198169079143,37.132644172391906,2.433097400640556
3496,108.15501022444262,0.5354587474096335,36.28533676451297,4.358525655306885
3497,99.51911492669227,1.2090101989009971,37.64312604322743,0.9514145496121087
3498,98.16849528946705,-1.7798751082081674,37.06059107595034,5.754173248421814
3499,96.43326865820129,1.0641707023410438,36.89867336858892,-0.43192492175749303
3500,111.80640912452145,2.505448905356894,37.21542300258487,-0.2717563720010118
3501,93.72686554048697,-0.4516410891769469,37.11827109680743,-4.585140143703952
3502,100.45222708999982,1.8951486121089698,37.38353134474485,-7.801209887768587
3503,100.51197901881085,-0.2631612720598266,37.26899183607547,9.273310669297924
3504,94.98215807188468,-1.372409737561307,37.35892311449813,5.656495251248732
3505,86.27534452115898,-0.3056324424067956,37.67549695286376,-6.962562835692392
3506,103.22974503617668,1.048203967675276,37.441812274485486,0.7787595391564023
3507,99.38996028144616,-0.8381764823315314,36.91975688983572,-0.5002315555183333
3508,105.0024046943657,-0.6003386590064871,36.43854942196158,-1.369962365815216
3509,94.66399693560834,0.5935394322931908,37.83389896650226,-2.0450892390746973
3510,112.20821298813048,0.003060116738572855,36.881138313326446,1.9063457348398942
3511,91.23226218788156,0.5846229524867408,36.76344629331974,4.090877627357372
3512,117.12040284017893,0.23782954075833587,36.13163659111778,2.0119558451410273
3513,82.52363490171739,0.47962531955157295,37.16923655265605,-0.6025918718959686
3514,104.3477006455689,-0.4323011858095411,37.074443301976885,-0.7861335844556
3515,104.75430682526624,0.23173094203039254,36.24244253187526,4.684071584613333
3516,92.04442932059118,-0.9273730056959336,37.22663702106659,2.3172246905803116
3517,104.24393937861012,1.2884336225033886,36.75090403964928,0.3634473151771659
3518,112.7951866976016,-0.6342747168173137,38.345157503644344,-0.17950648800053912
3519,77.83181160645935,1.1288474875493895,36.71531940395457,1.7263525480614441
3520,105.02744807490815,-0.2336069609828654,36.7824033339011,-2.341743442797247
3521,75.06729179669922,0.20199901075732124,36.56261188787282,4.107694086541052
3522,90.34335196476792,-0.4949645508907007,37.63893826052099,-5.379292809189334
3523,116.29166364900945,-1.015995431168029,36.81361210276762,-2.057282548832409
3524,94.18217966607946,-1.7447603876053015,36.63754292311725,3.05553047723012
3525,88.26120035591028,-1.0553241585924595,37.353477504960274,-5.664414066771366
3526,98.02062271015318,-0.32390885321592183,36.30982353229341,-7.865042713247502
3527,120.67906338163553,0.21187917882888407,37.312555273124474,0.3153883771462005
3528,81.68317752793973,1.0103793132832635,37.89069985830043,-8.482290772232354
3529,89.48690088360655,-0.4457574597968489,37.283303916417545,-6.494017770259307
3530,114.97431683179626,-0.8819607642671741,37.31894915812996,3.7829705925321604
3531,118.57702343537733,-1.4427147860027125,37.435030108453745,-1.0239262880286788
3532,98.96568775709716,0.4800636179041039,37.85485401433776,6.427434748544927
3533,87.60947297473358,1.3831945153293432,37.60494698000955,-6.024071704687275
3534,120.95843501809159,1.2663302679562887,37.21983486113651,-0.469761828161422
3535,115.94442391749197,0.7099327481472374,37.451945700318,1.9979227660387966
3536,106.78946987762232,0.638543317267599,36.557032537267446,-5.852574650644544
3537,91.8759765106258,1.697623779709341,37.38814679537366,5.158809522498124
3538,99.50970659161963,0.3320814614168105,36.49722201440812,2.553394415830194
3539,98.39639918955169,0.6461296760241716,36.81648879068419,-8.04643543343717
3540,103.30851304615578,-0.3207838618519991,35.45871891242838,-0.18870898104300254
3541,114.51001438131337,-1.3620433708547575,37.20071482968373,1.9297836812931637
3542,108.79417041137403,-0.6838489004995763,36.67806399444582,-2.9502833676402873
3543,89.22623923015242,-0.009159038534655271,37.55557260760223,-7.399324527544069
3544,113.76496450019538,0.06078537250130285,37.1950963053027,1.3922939472370512
3545,103.13132140013155,1.9262858548553932,37.56204794735081,11.056214751412806
3546,106.87065795858916,0.08127716759106869,36.458201727663734,-1.9349204957884523
3547,114.66540859278604,1.1788434440256437,37.51919301857981,7.846205906423544
3548,88.88419750486449,-0.43507724157631605,38.052928172181666,-3.7614441088073414
3549,99.64174421293536,-0.31167588576523414,37.382079149965946,1.0777281750497587
3550,94.68545448640785,-1.3290076372234483,37.395174504346144,3.8576126543805964
3551,84.32140574634545,-0.7423280128765718,37.084798838197464,-0.04206832985682507
3552,103.4670997760492,0.5269813913637531,36.73766560971732,-1.488678244406156
3553,125.11556551584424,0.007560180394133265,37.38059618635076,3.6306376067518684
3554,81.59922255494247,0.9429386198972337,36.246958544798964,9.457275576346104
3555,99.67719388950529,0.18125394834505026,36.79112243753959,1.5029346231956564
3556,106.40542935074774,-0.3524537316377418,36.11447159883141,-2.580300882651737
3557,101.23078201656182,2.148296863786959,36.64817181134246,-0.9487577862984151
3558,98.86871947484259,-0.09390356871304721,37.32102254594678,12.598538228226872
3559,87.00783636554176,1.163000969705304,37.252696688110234,0.6745355816906391
3560,102.32786742940164,-0.4012092065446777,37.025456847767735,-2.9720684928898637
3561,92.43236022984074,0.7095994793835665,37.085200497031,-5.725339582412699
3562,78.10078295021447,0.9280156591516868,36.05706769106789,-9.129505470563029
3563,111.94592220513731,0.20849197057558072,36.81371885971454,1.8179213692309502
3564,109.58385819842043,-2.354482922696602,36.65932419678239,3.2732099641225183
3565,100.5166097685108,0.018252460856112946,36.67047015474273,-1.9834808998260343
3566,102.29074688205702,1.2304600477599754,37.29978931390688,-0.07485209015477047
3567,110.74318012715561,0.5274808330277304,36.56974633674734,-5.852308546443119
3568,102.24339656778082,0.4458388752292466,36.697659574936296,0.6646423241375053
3569,109.04017554761315,-1.722256933957519,35.95646537714524,2.4074766028356227
3570,97.0251779912615,-0.7204550706750589,36.85293840981191,-2.675821335838189
3571,113.11983738573946,0.41135763115143903,36.45608122614319,8.452263347929197
3572,103.20785725932684,0.410383276786892,37.03960146434482,-4.185531633734558
3573,101.94051943605874,1.2146667801329025,36.52444597662877,1.4173830200949116
3574,87.29938911287968,-0.14486675514609437,37.052271122774606,4.241586098523028
3575,102.86955854301709,0.40582408667381425,36.927657119628826,-0.3864475007469127
3576,91.68045082505549,0.016374241931293703,37.83602088652116,-0.9423840944724571
3577,93.61717273471506,-0.9869427365015568,37.2486089902266,-7.144330752248312
3578,91.84624371683879,-2.2557913310947475,36.08018106371885,6.786707478581418
3579,89.33765068100774,0.43100969213007667,36.36755557794864,-0.8494660083379795
3580,121.24771403016962,0.17394720841281136,37.02760400449617,2.6868271246741244
3581,113.31339061988403,-0.6181750421001689,36.535076025803676,3.363602439300704
3582,119.20367502144262,-1.6191730565158649,35.51581578488207,-3.1414924600887657
3583,87.77104980444436,0.6297395144087381,37.67477315691687,-0.9876430214560745
3584,100.71253749910892,-0.265920074195552,37.3601120084527,6.672411753717519
3585,87.06492374795904,0.5568747223681456,37.26048843674589,-5.585988328702225
3586,93.04305122802936,1.8640485304117584,36.69633847726454,10.639590373786284
3587,90.81873016583425,-2.141430880319705,37.213838385504964,-3.72436392638137
3588,112.39584006441561,-0.6996008087023639,36.64781983788956,-5.897587283202559
3589,96.0377032189824,-0.20937561331191326,37.10242865010885,0.6615451034426729
3590,110.68379333694017,1.4548261741466506,36.53970838708176,11.041741321699355
3591,106.04120889588518,-1.636403019206485,37.75814422527801,-9.554829677961026
3592,123.03638752104789,1.9358610256806046,36.21488167295908,-0.7050785924484608
3593,85.20555776860276,0.1358559015662905,37.61614191475542,2.3813250862827786
3594,112.59233239786799,-0.09600066173385824,37.01945791400866,0.16824979267765677
3595,111.46440870400727,-0.19805976321890642,36.75526650232901,1.9096083500150476
3596,90.26621161972966,-0.4362630321800288,37.08350146084787,-3.5901654108613705
3597,110.0713333647316,1.0481167592691547,37.36667400358909,-2.998609229656905
3598,103.36144963026229,-1.0685207540824389,37.6833733683472,-0.742113235795999
3599,97.72523740046593,0.3454141816438536,37.15657151156677,-5.649440439513755
3600,91.76064513028001,-0.38418166570697554,36.55465195736886,-0.22343200720094772
3601,92.80890548550813,-0.7621334485140979,37.0278150618829,-1.943726468357507
3602,120.49812095785926,2.585975175683896,37.90839661833119,-2.350225925774343
3603,100.00682818957483,0.41905073475346005,37.67383904275631,1.6025320629931892
3604,107.82130001531459,0.6132655446611438,37.45438173906218,-9.10329746599652
3605,92.09100618332447,1.1377767806686623,37.39784351006119,-1.1454505169157683
3606,92.2014705377836,-1.4213499453185472,37.34972504530327,11.586768828074305
3607,110.81984809249943,1.7522919091220317,37.57937741725493,-5.430548431628125
3608,86.50423788448468,-2.5089571784950757,36.77168560713905,6.427502482422067
3609,95.84786232094729,-0.7687664100385205,36.322456967112494,0.2732806045634938
3610,100.34027411072232,-0.45903167317890037,37.034501750368534,-3.014789044407091
3611,101.11372601840053,0.5817233649705059,36.591209206611154,-6.603208297649033
3612,98.20906714983843,0.21871826614148773,36.47248962231141,0.6984098264261606
3613,103.95819781095923,-0.16681474069839325,36.639860711706035,7.2669855290733825
3614,106.92855755817811,-0.011997344627723866,38.24265696226684,-1.9460557259838192
3615,107.3463754545933,-0.9780230235225682,37.06806231703792,-0.4048071236838675
3616,90.14196191332174,-1.4972323944841732,37.18095391818049,5.05185425095166
3617,97.15844902071203,0.7265116223360603,36.38881859649787,1.704353956731404
3618,111.94762861876937,0.6937061125361853,36.07812352060368,-7.861378898622893
3619,108.94647187573872,1.5844943751570586,36.590473678440596,0.49443607927591826
3620,86.27140548518936,-0.790017096815208,37.71909779260437,7.561174553327992
3621,103.51479900352201,0.6928152103009226,37.16713773303826,-0.1847059323374916
3622,80.2177475062519,-0.28370672836473176,37.2992975457222,-13.707447147386883
3623,100.4693490206037,1.1904749851934822,37.36928301960103,1.9410749579553648
3624,118.97767016745976,1.0219627766781416,36.70432531010086,-0.9922821977201799
3625,90.52107282731014,0.2112093992244567,37.693982791986684,-9.145472069606084
3626,91.65676954508417,-0.33953015666598657,36.68359620038891,-8.396040450268922
3627,107.6402978157286,0.9609321786082614,37.70311617963127,4.875535716444044
3628,84.57198484790354,0.6469045232565658,37.22115107806767,-3.6619137279754
3629,93.67244970114962,-0.6844404020861826,36.10547742287684,-4.53748190367996
3630,105.96441137581752,-1.327798673479431,36.62599525669973,-0.17819280465834367
3631,93.65714152310596,-0.2885329006817962,36.10753073356395,-3.2210149915996937
3632,97.64030012789028,1.515413815348209,37.581641066397104,0.5002431388887258
3633,107.44185710315034,1.1464871587330383,36.9876322895988,-1.0136001471833518
3634,104.21546083536562,-1.1123274696705807,35.88582878002511,-5.999977900468215
3635,102.66818396295402,-1.167757415899921,37.18787344085983,-2.5559889928069235
3636,96.60877720729961,1.2746838496794863,36.73141786880584,2.2137666065455224
3637,103.70061115268956,-1.135635904757829,36.25809707248334,0.2095902011931277
3638,98.76267319900244,0.5092953236420079,37.83898291848435,-0.40971241195915675
3639,104.57805609925785,-0.6160712153363237,37.05364293304829,9.686921205896923
3640,95.03067974882022,1.6170449245216825,36.85328429884334,3.655187626927678
3641,98.17431025620459,-0.7704247991378789,36.80028760950699,4.262206324106713
3642,90.10042207447987,1.1433615302058282,36.24336026542112,-0.8298420389746242
3643,99.64992389993765,0.18485865406036467,36.34772555020795,1.1007259517563748
3644,91.88999136371154,0.2521948542342867,37.64245839243754,-2.155499947628464
3645,88.85953549838007,-1.970308581351401,36.76305856510714,3.887748827620641
3646,102.58661147855388,-2.2029133532057186,37.01103385046843,-0.5519995204952173
3647,102.1273977585766,-0.22056594026731396,35.977834761899466,1.1118887446527825
3648,107.82873734948572,0.24690606341661173,36.34095398210225,0.8030565107758407
3649,95.68874430424901,-1.1251978277377233,37.304906259937376,-0.09083440702727252
3650,104.08052846836756,-1.0886934104763422,37.18885588005692,14.690940335778851
3651,105.50797572273663,0.561472629826133,37.87668759936216,-3.3330963874736126
3652,104.44773807831595,0.5628544804571306,37.671478165815614,-3.3785576507934616
3653,91.74346317197858,-0.13774106038792705,36.884644513757586,3.4704837340587846
3654,101.49363482271188,0.780201721186075,37.23647678235663,-2.975844995375896
3655,103.64140296054661,-1.1742022957201466,36.84169827854846,-1.457031806744466
3656,100.07178466907942,-0.3559349170869707,38.02740490931932,-5.432054766778091
3657,79.13522341628915,1.6478776057836733,37.5745073480262,2.4577895970129346
3658,154.35382632884452,0.06832212993981754,37.08484254542888,2.5212862224207577
3659,122.12531039397243,0.12631251458699935,37.100197392438176,-1.5759602996172226
3660,96.39960731243018,2.3059465859677397,37.722425143629906,3.5740834424003625
3661,92.7192290214468,-1.3993421658487708,37.28978892355693,-9.290625068667959
3662,103.73348559711398,0.7964303666421104,37.779314008535046,-3.534267007571718
3663,103.12378210466572,1.6639862798080995,35.90317603687056,-0.849895931054653
3664,111.92735165416414,-0.3248579264985461,37.2306141307494,-5.861412484514764
3665,87.42131844091112,0.8596307868548461,36.74228256765931,-8.74356518709361
3666,107.31380252574992,-0.9820194972109048,37.87818899381399,-1.5394798251922355
3667,105.90422061251464,-0.6867323955673516,37.77319934359492,3.4701004353037095
3668,98.57853463059453,0.3849664160476343,37.01641790455065,6.41054195713256
3669,103.3868731792169,0.7985666731105902,37.767815489405514,-2.7364394160268644
3670,110.29457481598357,1.1209365124062458,37.891557259996254,3.666079188107968
3671,108.7231538002845,1.569628586939493,37.03720333596307,3.1827101903783377
3672,88.56980687926271,-0.06744655855518213,38.23596688621593,6.093040871672483
3673,108.20158186755485,1.193611755172588,36.98432942366514,-1.7509551517700082
3674,99.35311394967482,-0.34230484344914897,36.892739524832045,-8.99250247592337
3675,100.72874098015515,0.902091311588268,37.43293629429217,0.3509292621137231
3676,100.73196991001694,0.20748879785218177,36.823104634428844,-5.068968704848615
3677,98.4975701120174,0.4456779070819239,37.042669887897446,-3.617525545310038
3678,111.91707497107065,0.42350787402203743,37.70471721202546,-1.506095720265912
3679,145.89745436774461,-1.6047050097978122,37.00960942610863,-1.6946381567457145
3680,88.80453871616831,-1.1241218588607733,36.15249110351235,0.7077963344789722
3681,96.06470144030271,0.10254143981752241,37.1836596939246,3.5157815820980876
3682,101.78694716810476,-1.6872790796411685,36.6518532104738,-1.838677916379832
3683,112.29214784297051,0.8312111031997558,37.43263557864727,1.9784875330400233
3684,106.03094684948833,0.8715559662881419,37.348094857913125,0.07408004965252692
3685,91.49464721252956,0.32717055287779023,37.73570017408326,4.677471979392227
3686,124.85189916678891,-1.1211340127579221,37.45376615039635,-0.9429592555315831
3687,102.6477531097798,1.3801389388685148,37.54512214182903,-0.3946333788727784
3688,112.75390737999015,2.037210639718358,36.66545161993114,-1.8720022399945337
3689,98.48285566422771,0.14707682744597397,37.40199324794525,-0.8112426997924772
3690,105.3335924470545,0.5105353784512363,37.984225644680144,-3.917440641729371
3691,108.39468504518405,0.20173865479604391,36.65567504568162,-4.412986430717567
3692,112.18194711754256,0.5303691889987993,37.89986914586355,3.878826926413625
3693,110.57368305378225,-0.11955875662639608,36.72532495439933,-5.416008415923007
3694,108.72197000072978,-0.034564239843803336,36.57401437747501,-1.595590448489517
3695,96.84913268805892,0.9057176004973654,37.14810022167742,5.076713931354981
3696,94.28253958043939,2.3456241618964406,37.3579552080644,-1.7635039750180357
3697,103.32607510324198,-1.4000712344017388,37.455875061986134,4.143702268427875
3698,109.33128072341069,-0.10381248440296688,36.5191187896134,-2.9552286036342084
3699,97.77279299223393,-1.1804604852320821,37.21727004862714,-5.2558180317509695
3700,110.65171965714387,1.5920248985760834,36.657222714258246,-7.9741292745041035
3701,114.52616745486179,-0.5877379693198984,36.25553887196471,6.563620346363307
3702,90.8367908092658,-1.443200793785794,36.535631842233606,-5.684355908172077
3703,91.6307929620372,0.6381869988485734,36.62454981702209,3.7359329506254664
3704,98.59624941094664,1.7443111147431112,37.26079758017625,-4.999735133966912
3705,103.07612668189196,0.6635978685607627,37.57610683153433,6.586919589699106
3706,94.75432986232948,0.20479787728191723,36.26339668506237,11.033913623075502
3707,113.52202678867144,0.4091409227759939,37.175980537104024,-8.432650298451684
3708,104.24066861518452,1.4148406628255548,36.41165090711455,-5.42378217079407
3709,100.3944704824074,-0.8741992700141499,37.314542704507,3.8656593190161237
3710,85.64090476131473,-0.11184710408631295,36.688634709498125,2.5652146168290746
3711,86.84184183572492,-0.4526901485095334,36.47433549098836,3.884609273800958
3712,102.81009250281807,-1.1678653072917102,37.399832257673786,-2.8687777520218805
3713,78.67404373845164,-0.3283752594168024,36.70653869727745,9.937670805116838
3714,110.12637409644071,1.1077210959824486,36.84201802432365,0.5902473334488718
3715,98.4184615562768,0.5666021483927255,35.890005456221814,-6.084812884217598
3716,132.43092969594733,0.6443105001082005,37.47327568071174,-1.2657425002147247
3717,123.07916250616111,0.1464756116533182,37.41045426058455,-6.017834481144163
3718,98.18550930752484,0.5233237827285886,37.002728922140655,7.954706792770526
3719,98.93662997468685,-0.8005903423481054,36.23620952932212,-3.3016563140005823
3720,109.95581514002029,-0.3095098859272293,37.604684589167384,2.462417423723111
3721,117.03172609918037,0.19200423696867674,36.6668683068196,-2.3533657249109012
3722,83.61970942563983,0.27751585888189023,36.7733232749497,-3.076936548812566
3723,82.13624534645314,0.320187854921873,38.15602202817976,-9.551270906405254
3724,93.77965194445619,-0.1383352820163779,36.64818177794538,2.9908730149528355
3725,105.82737583173865,-0.3774234011303297,37.37110498121325,6.49590626314592
3726,104.96873590507597,3.157771283044298,37.28104613104131,-4.579837906825758
3727,110.69771454983851,0.9067872729323987,37.19508609644004,-7.726145574993356
3728,88.00302471634691,0.4131474759526224,37.14100027127726,4.016580213689146
3729,76.83856137031123,-0.23320849820639397,37.1881942809446,-8.231206745531255
3730,108.58014195302145,-0.45121882694387655,37.13597029547027,6.0976646797412934
3731,91.71803727034765,-0.13080059372695568,36.97404082061197,-4.521975614773102
3732,79.81512135611362,0.29282884358668343,37.755641562055374,-5.516463714123132
3733,101.45063745959382,-1.8804355440630813,36.34366971960036,1.2423121056564577
3734,107.93175688218678,-1.5693895953746837,37.51072905200769,-5.190696425057188
3735,98.77942867878723,-0.6368823889389575,37.41117114934377,-3.5355554064660466
3736,95.42151613817511,0.20713943677856853,37.3491995606647,1.7699096633550329
3737,98.40637767854093,-0.23927314715185138,37.558489713820066,-12.145561685833231
3738,96.29417237599218,1.4781212260994843,36.9537003023658,8.212096229641611
3739,86.51952888059833,-1.4823967869957688,36.065512962086565,0.21820066232868973
3740,92.85319323009568,-0.7513454696033703,36.963853670142754,-6.46483006201764
3741,105.21279905013814,1.5200917409911012,36.50440289118772,-5.086226846434208
3742,103.216785413765,0.13111932467514684,36.63407039507097,4.958231891304011
3743,101.6805980596682,0.8848425828011585,36.37879016308379,3.0052646753705172
3744,90.0485151814662,2.0512469432694633,36.761327570778086,6.933903286426056
3745,98.18496837864333,-0.6938044179018226,36.70168815300828,-3.413714224021174
3746,78.22934953557146,-0.09931433779203207,35.81121508503645,1.4829191857540143
3747,101.7847666388539,-0.2724269009308716,37.35011095564114,2.1328395589183877
3748,114.28857707813567,-1.9545930044832756,38.11016092900244,3.476337501261184
3749,85.25867867957894,-0.31039680375596906,37.30311859674814,5.636405617160348
3750,94.14072326682245,0.8810621873806654,36.89853802173289,-3.586319529221736
3751,103.2910677871013,0.5405895418122408,36.97262680216189,-0.5708513388024037
3752,112.52842634427483,0.6190831693880101,36.78950706599341,-3.0507487279007255
3753,95.51775383699851,-0.3755089806394995,37.04502079193348,-0.26305936678187825
3754,93.07749670734104,-0.6560972360056414,36.981495952963385,3.492163910314876
3755,80.31076857583918,1.2692556718986205,36.579475784800856,-8.270177501303511
3756,101.03438129308107,-0.49731714635766955,37.841444194473915,5.546857847296427
3757,120.42076040143743,0.2940820387932141,36.25642288214512,-5.695910621318748
3758,102.77358461964675,0.16333468067753845,37.35916577159713,-1.5368515984861573
3759,99.77721020816287,1.4617170162571183,36.949401186341234,6.219709624830623
3760,103.22082310766986,0.9714123576723597,37.95041590753287,1.6400485899170265
3761,99.88907996051398,-1.2952586206671208,37.17043229962411,1.6976497413182992
3762,91.8698562773987,-1.18755316677504,36.820047231408374,-5.903130226475554
3763,108.23279915677705,0.5789098180691342,36.87614640078275,-5.220429679119204
3764,102.25761523111754,-0.06433764737916652,37.01995334725988,4.706281983344595
3765,100.17613251933658,-0.4551717839537639,36.4286046525018,-2.9457177274219486
3766,90.2463397272175,1.0156278839944708,36.616565237441044,-2.4745593664992467
3767,113.03507931934759,0.18745938208891083,36.10752801540407,4.819756255273559
3768,106.6470274533311,0.05245738688944395,36.538511550812956,-5.249567726847637
3769,94.47079162632699,0.7798286407550497,37.04695324083023,1.34617566443129
3770,110.01824853681937,-0.3751089949435645,37.15008752464226,0.21453663083845717
3771,95.02429161614793,1.568518985472554,36.010335152501796,-0.01342862931621114
3772,92.17996507488964,-0.788047623233008,36.9313941484779,-2.5921781593875193
3773,92.40296882519714,0.6569290663420881,37.28170497541107,-2.8992759073166416
3774,82.28931446911909,1.4338328386598447,36.918543903311885,-5.391820818974327
3775,104.71542380418205,-1.3772954892720999,36.6831056771111,2.413325130206533
3776,81.6885512166165,-0.3433351758524492,36.79391942747589,-3.340745957583681
3777,87.71556168734237,1.1422073928855578,36.72961832251139,4.843723105836258
3778,79.24411990921467,1.1572445477310251,36.68163472044597,-1.1227752079532645
3779,99.13930307209107,-0.17149560038823927,37.08691176262242,-5.292252447105189
3780,98.49679539728128,-0.7346710936768595,38.15384411386773,-1.1890694107421034
3781,96.73303786813636,0.9559358223307622,36.62815004154741,-2.0542859956823722
3782,89.57422305329423,1.1835491025816047,36.84092868366929,5.045517058640263
3783,88.2776624656336,-1.1646633485123947,36.974151030312385,-1.8450009462576613
3784,104.64369863546574,-1.2039136489663802,36.65632278282085,-1.381051906001629
3785,94.49448068291512,0.22525668198359955,37.54911790176171,7.057733527462178
3786,103.16358321536144,0.629360633428892,35.81455731334678,2.5413366073167447
3787,91.14751313875777,-0.2990690852300549,36.73447041481066,8.313530080017483
3788,101.81062742771083,0.6792938199823493,37.40915686815998,6.295225020319525
3789,113.03278037316063,-0.7101366068373821,36.85295284580568,-4.435812941814273
3790,105.86165800392783,-2.1146935990737354,36.589580520574856,4.949754272000539
3791,95.8758618178352,-0.42390107233259605,37.22037837721938,7.626516460372957
3792,102.57198970355927,0.06323214651310118,37.45317161769857,7.664065661617099
3793,97.59334825469787,-0.27583995989645654,37.10531772260753,4.940479917883437
3794,100.07880184694729,-1.1586032636594852,36.599389820093556,4.837614974545879
3795,96.74388947851496,-1.8156489758788175,37.22810165957587,-1.5133052183777487
3796,98.3566479411461,-0.5140888043678978,36.7989753498626,-4.186910421747873
3797,102.12093353074175,0.8976557716497436,37.372593440946915,-1.761086594487284
3798,90.06641300418049,1.2561974394136823,37.7416294424283,-8.323945007163815
3799,89.84121173010021,1.187713384138455,35.697211622155734,6.713976577108527
3800,86.1145744616879,-0.815909535148553,37.055533736597816,-1.4164647970885602
3801,83.9972889549629,-1.153706323630364,36.13213303152619,6.456653645324799
3802,87.82717307779521,0.49663461497989536,38.22089429266489,-6.157497886107998
3803,101.5946250680413,0.6351000115979253,36.76593773310191,5.413124605011053
3804,91.07212484508116,0.40016960520049744,37.37318662091268,-2.474403290896598
3805,105.13614464231097,-2.0140632742377633,36.98234157020255,-6.42184704154587
3806,100.34713748752561,-0.8668845848834666,36.59845770964047,8.13559026079879
3807,80.31495786561946,-0.02968879028597843,36.538973476411286,5.536558346703871
3808,106.5497558422169,0.48721819463042715,37.79283958655038,1.0589621009289214
3809,108.1079864559171,0.7673073626024868,37.477969030089156,0.16968942567481562
3810,90.06137325165147,0.14425352228204003,37.97179204368878,2.197550094095591
3811,104.20191542894992,0.33078380653823597,37.02772666757885,0.9731428895870553
3812,91.43501762590802,0.08486545836110417,37.143959810623,-3.961379770857356
3813,100.97670376748336,0.685619374218483,36.86640421717236,-2.0602613489246098
3814,87.35501593045035,0.312865651490911,36.8564588984425,9.803589160193514
3815,82.06893547465424,0.06573766004728737,36.479056533761316,13.36078371314007
3816,96.17182810387031,-0.26836879913738076,37.04200509546217,7.813342526153415
3817,98.76271053725164,0.0812914250424811,36.6053767025569,2.3911197008131166
3818,96.02320306385396,0.48459137883927483,37.2209544610821,-1.688745163509675
3819,88.1596944177744,0.2674753888980612,37.085005109490105,-3.99092946948483
3820,96.00100937868864,0.38082641834525377,37.14384102183786,-3.6614120521510123
3821,102.69294752580734,1.3427218613511855,37.83756496984511,-2.766338293433803
3822,99.55106969877463,0.2651639227465874,36.9811410251172,10.755820207128847
3823,101.82501030599214,-0.6489985204731576,37.37836350142671,9.031411481912993
3824,93.29884799545768,0.883606785994169,38.02575473204279,3.7313919496769694
3825,111.7171791471616,-1.3661983376689175,37.65330853464752,-4.80306588206413
3826,88.23826663445219,-1.0814133807392872,37.57658484922742,4.465279633555182
3827,104.87560297086719,0.3358472647200691,36.84665589223975,-1.1930851425530258
3828,111.81891092959961,0.5163966677865788,37.114821527783896,-10.765047193220607
3829,104.80908092748895,-1.245051223503995,36.34086185398503,1.4355031870062969
3830,97.9747577293517,-0.38281748098675,37.249457200482205,-4.209565204170277
3831,94.71702953337021,-0.6060838322196587,37.13723008880692,-4.040267145450186
3832,110.36087651046256,-0.48667632288159673,37.01169256257809,-1.2520399678400376
3833,85.77025074738327,0.9435977762729458,37.51359739412143,-2.4916148647120644
3834,90.29875739620357,0.7065054635472527,36.3961125887878,-0.17128409552004006
3835,96.02442234508278,-0.019122179853707483,37.817431425580175,-0.4116527500860265
3836,112.37653757511998,-0.5459619271149279,37.45088234397014,-9.379045464238157
3837,103.79767636040896,-1.3496496702201406,36.964683010174014,7.601389944414166
3838,90.31954241489754,1.4201849387819487,36.9256352060913,-4.9168836147434
3839,96.89692294615097,0.5921139002849184,37.2403056076243,-4.7619919256523655
3840,93.85676855903705,-0.7066691040731404,37.76042561603189,-1.6427662589514873
3841,92.90211007766464,0.7195994976248915,37.050803859345,-0.541674236846471
3842,109.78889558556779,-0.07022362057462567,37.07201545098961,7.294899084159194
3843,86.28256870736494,-0.2871095048623429,37.00905923881294,1.3471172602745054
3844,116.08780855734373,0.43521152828960236,37.89101205635074,2.8323274205476716
3845,108.28229690184622,-0.741498249912725,36.81555844853149,1.3726809379164084
3846,110.90861670603698,-0.34375651951011005,36.98524620069046,1.1573079124938648
3847,95.37060487974742,0.12146106419954589,37.731717827130495,1.5486475154350434
3848,98.50059280920891,-0.49945119288521345,37.073505416806434,-9.663670712844693
3849,85.66848185475288,0.669085210267524,37.568529430022764,-1.2495924241976433
3850,94.75337592933197,1.8690665036782608,36.54435997154852,5.811305552855787
3851,104.93654847643151,-0.7542981326071427,36.897353739185746,19.71165505403343
3852,112.96063061781396,-1.6651252963040444,37.742217019220114,-6.02154466269755
3853,88.92843183197549,-2.0017401674762616,36.66183014211823,2.115399801621764
3854,96.34494063014733,-0.15046814149498222,36.924350480115145,-2.8552328893717083
3855,98.48700779767478,-0.6631645901261828,37.12834261544574,10.238259519484247
3856,86.04210797807515,0.20786050106708062,36.50542274100351,-6.768913803957407
3857,105.913492417584,0.13259767202610107,36.79309494068905,3.1246974515793986
3858,92.7600966825739,-1.6032168466140961,37.05631834091282,-7.03605549752095
3859,98.04609648822976,-1.814883829481406,37.02334086708098,-1.5928333403041628
3860,95.48050628088123,0.29593324034609525,37.64017601041857,-0.17156665374904498
3861,92.10661494280326,0.135428834719957,37.770728597416124,5.348458408698039
3862,99.92955014519445,-0.42581799836655126,36.57195756399955,-5.38583413079264
3863,97.84390421431978,-1.6571435851323046,37.05563425958375,3.316915244236927
3864,96.28142117721335,0.47139126276499077,37.33712415421238,0.0938886169397348
3865,92.71538378319657,1.2718995454239435,37.7581737328996,1.363966931429898
3866,103.19524670782955,0.27798244021892227,37.359245148658566,4.791663573425706
3867,116.53617268492285,-0.8474738905650646,37.14545670079617,-6.412783465026438
3868,101.39887232839128,0.04455216557115131,37.333271265991314,4.052974865742962
3869,109.9611821491113,-1.366114080933685,37.33688441716813,-2.8445242654471237
3870,86.09778074846537,1.0579607138387925,36.53614285385782,5.47936727488413
3871,101.57761439293769,0.08184433452953882,37.09639939625313,1.6727881726894007
3872,89.02631681028933,-1.7681569117532319,37.72958049709435,-1.0476419075852772
3873,85.23075072468099,-0.3006743604436826,36.896321615653,-2.950129845454107
3874,92.60628592540964,0.46330151023423083,37.064723321273725,4.116474971776654
3875,111.91899334413573,-0.33304762097552243,36.87874177523699,6.3047584274046375
3876,109.50015828669646,-0.2758957214401739,35.84307025219656,-2.664257704300923
3877,102.430047220544,-1.2244022070472718,37.01029508861734,-5.665032828906985
3878,84.6729944011007,0.5665409870816561,37.150895965326434,3.4710552147261273
3879,98.03719348612063,-0.6484692000191374,36.74375330455955,-7.242654710168502
3880,103.01700008901736,-2.1564453770050327,36.422681525557635,-6.527562187914858
3881,101.75536229578599,-0.3712573706703938,36.55969677010918,-5.313501377639495
3882,81.56206416519254,0.981149715570353,37.38209380806778,-2.0772524151937475
3883,91.09682151980128,-0.3869294465999474,37.98626238652345,-6.681659446077225
3884,99.35922235851284,1.7379849851235203,37.69121667045272,-9.69399954690789
3885,105.3629090951719,0.42896794854851705,36.32782699758472,-5.677220971685616
3886,78.03872178900053,0.3387581622803661,37.42731365527535,3.2123722328630935
3887,98.37876024520142,-0.12839826591760886,36.668418812095354,-6.357720360633836
3888,101.43048769878952,-0.06828620776429063,36.70886646874561,-1.7013483897708501
3889,108.49611988516213,-0.263423635119504,36.769012201014355,9.73349231182781
3890,106.92857584237437,-0.30226939208252646,37.35303347492771,-0.24587065013545228
3891,105.82571318808806,0.5308671620671488,37.47962668822452,1.7126549486479659
3892,92.00059493298066,-0.9358312297905655,36.950984464360104,-4.730200091257766
3893,80.91997862876693,-1.0758938287242596,36.95946462949599,10.81737426850071
3894,96.069472429386,-1.1231950508753776,37.232131871617895,-2.7064724456921434
3895,110.0163182520856,2.045654547677154,37.28399726976212,-1.140523422257583
3896,113.93454527524432,0.53034290167058,37.588112853379265,6.585293389836822
3897,107.10549102297786,0.3044922016801448,36.3578140122454,-0.9086712242680945
3898,104.29340822801734,-1.0575146702934315,37.010013669902015,0.23944391337607474
3899,103.79639648385965,0.6233423006748285,36.46598781205441,-1.4084416039456482
3900,94.43881253239219,-0.11657134645332866,36.9745288604683,-1.3741618902861363
3901,98.6993970644638,0.21416894113174983,36.88691235615962,1.8525100541404584
3902,116.6906952582633,-0.976620315863556,36.97662527304865,2.764715945990528
3903,90.57441994208124,0.1602688574175767,36.600128555944735,-3.216242156062836
3904,116.14778790709852,-0.4238335382064832,36.25635510339629,-3.8304022807346483
3905,96.77971845507942,-0.7656111570301878,35.95278123664255,-3.0456804442878163
3906,113.25432109095078,0.7341063358072487,36.93440992286758,-7.006270070998841
3907,85.93184990502462,-1.5377078085300024,36.78449944708353,-7.952151292596486
3908,105.8590420116465,0.5647762643141505,36.66203116759809,1.4858357361245378
3909,92.63229864052379,0.6844861335529961,37.66127423141583,4.69297901587556
3910,85.84732808075813,-0.8796436755512407,36.57028090660234,4.355226465726087
3911,102.18534042410946,-0.8203284611324674,37.7084170410694,-11.909956365683293
3912,110.09471788595968,-0.2230256812664022,37.811921872134626,-1.2253254352163039
3913,91.55058561406504,0.28203621046222055,36.02454976660531,-5.5104597779627955
3914,85.00984039541599,-0.1528549918142255,37.046190729499486,0.7186871891042845
3915,99.08155235665045,0.4335624601918793,36.800151754582004,-2.089117594046906
3916,99.12564671222819,1.762979652537399,35.54409802764137,2.9595595312229417
3917,105.48319627554498,-0.5077167691497139,36.277679373465794,-0.09576545200670687
3918,109.49594571364489,-1.7151799707034205,37.38746805355424,-9.480009474589446
3919,99.40584818727505,0.8259235830306532,38.00959962635563,-4.835429363997703
3920,118.55503314794262,1.6833145759275296,37.45133907134962,0.028925574133267795
3921,102.24234744535292,0.3927683630511244,37.16181623625649,0.4505521461554316
3922,96.535734939931,-1.087748675353668,36.98933380918446,-7.028384038520009
3923,83.88432640897172,-0.12389236323520093,37.84133145732406,-7.682298517730609
3924,97.37340479683833,-1.1185234842116323,38.07411960097882,0.2812266878658943
3925,96.63613054588863,0.6428554939629476,36.70657866023791,-7.018336530252637
3926,109.6030479628147,-1.3512904026984345,36.000006719844855,-8.343147132503928
3927,104.62483624066854,-0.3001287868282,35.9509062683644,-2.2257025631567084
3928,88.20630878367383,-1.0043378262939064,37.6609404960799,-2.4422304566932547
3929,101.72254386411038,0.12682468513496187,36.97647072961281,-4.392002386696506
3930,106.71531171729053,-0.36634167713775767,37.09162095522936,-3.5186847836248143
3931,115.28031359387833,0.17676210325026384,36.10467450352164,0.06917861611197312
3932,108.8750396741406,0.02235055496636566,36.62340554360577,-3.6008145183990963
3933,107.60846654311477,-0.9866590277241104,36.85225959304961,0.35348510832419683
3934,100.60085994615163,0.6268770635290218,37.10391919168204,-1.9023426805866723
3935,103.8831200542345,-0.0487656518431153,36.80070398054312,0.8382507769332791
3936,112.49504900706158,-0.9885290078659005,36.48133690084933,4.391027827183225
3937,86.6722260252035,2.2409265562057925,36.60771650369874,4.196239226952977
3938,96.50560672783044,0.4764301667171248,37.604161642973615,6.441052355330417
3939,92.27431251243759,-0.15326055339930547,37.12239230980175,4.190734484485802
3940,103.79153118726124,1.4152045267018234,37.30607840347778,1.1927876577090215
3941,112.30222175650788,1.8418156093866072,36.55056309456133,-2.167158188200723
3942,94.03025713278926,-0.1453494223138852,35.52308825729969,-1.9388046140811204
3943,76.09695632530563,0.347397486434762,36.738447846557754,-4.388886532179051
3944,95.8777925497553,-0.9880028180029409,36.56671472278725,0.022646455257790105
3945,109.13473732017407,-0.1471927507680115,37.174506134314036,3.486937393559674
3946,105.3762990294988,-0.19906255375986986,38.64286185684092,-3.6283380144151027
3947,104.28186247810577,0.184827033621654,37.34758300880913,-0.18608929331886973
3948,97.2000669812552,0.33276047863701036,38.36798007969175,-3.3868111436088464
3949,87.20969263780214,0.5598284488280599,37.28438484766973,1.0467716509380738
3950,105.15294321624468,0.23764265629995912,36.68505688121364,-2.746916919749751
3951,91.65718189965375,-1.2107426266291645,37.173958039060444,-3.697552856470263
3952,121.84096733380457,-0.9384671057410849,37.890319299738856,-3.3998334746601264
3953,105.70507208354516,-0.546407619463673,37.91478129816062,2.516643869227833
3954,94.1935169744605,-0.2822405919232288,36.71233131597846,-0.48374702665177455
3955,129.40907984533015,1.0507742904721133,37.126591847849646,-2.142108650000179
3956,99.07055793386412,-1.162938986852913,36.28536656016443,1.3070225127360533
3957,97.60498077978251,-0.3574150481706999,37.41233431234571,-2.072581087338252
3958,111.16833775529955,0.9530094982140498,37.776677349527944,5.632589468428516
3959,101.86416169744047,-0.29987747449661223,37.01989972705801,-4.869330768466283
3960,92.68368261091472,0.46041564984282407,36.666307972819936,-0.9348575640864085
3961,118.90440685155782,-0.13954204292790354,37.180065475638784,-7.023826108335004
3962,100.49308331520223,0.25678325732472285,37.20872951568158,-1.7343719594504692
3963,107.68839675968897,-0.22847254380954055,37.04057191592481,-8.39817748853315
3964,93.91773492555241,0.667065472728354,37.089357562167976,3.7315826127956315
3965,103.63115627744523,-1.5450564074064352,36.913092574765315,3.8325188350278943
3966,103.11109991143195,-0.36331200838854505,37.497977464113205,3.9208508686223813
3967,137.43923451985566,0.29657267669430815,37.368113722582564,0.14436240087233912
3968,120.15275110460641,0.533695248006193,36.508448426427925,-4.39935202355046
3969,112.90644460922547,1.4929526227538277,36.494704698420705,-4.001703160179748
3970,96.02804683854012,-0.3910246668655764,36.872812791486716,7.650860276102605
3971,88.97730259544144,1.4794817618608729,37.36841856205259,7.178385518998983
3972,103.47561613803552,-0.6590238266596705,37.074028706945406,0.6127757847538575
3973,100.86697699414397,1.3286464115446437,36.67842479493867,-2.578170170401636
3974,103.55668948563229,0.8174671266983724,37.13075929836292,6.843117113492553
3975,101.9157739619409,-0.9134585796322228,36.83459474023886,-3.47251580692405
3976,105.06240989305925,0.30703923725182186,37.44024323011207,1.1442460404795374
3977,114.47305699391806,-0.05123583553219154,37.16652921753352,6.759786526992292
3978,105.68103205128646,0.6255845936750005,36.842360906273925,-4.181692498323138
3979,89.50344501090059,-0.22327158843330958,37.11575938602323,4.146117928185561
3980,113.62562852712452,-0.3072462256617315,37.6575240297621,2.602803979219349
3981,116.40614563488288,1.3690945827628513,36.71518496172681,-0.19758271115780512
3982,131.52056734512084,-0.09872089445567296,37.20132849082358,-4.967167995665578
3983,88.76505966760402,0.8264223241917663,36.964769829767,-3.622198800516379
3984,102.42882013150275,-0.22535148504419977,37.21349184193105,1.447255364253293
3985,79.17901296811013,1.6666632592275232,36.67271752920213,-7.116683974406933
3986,105.53149156379209,-0.6783346293354934,37.05516771657969,0.6537192950912489
3987,94.51799701833227,-0.6141435312471847,37.5539116412084,2.705254920308316
3988,119.23445794824953,1.524517181115903,36.53149650937694,4.9261008640455035
3989,92.25385029981418,-0.44494639089525284,36.33529744833746,-6.991785372301113
3990,83.10816962032739,1.6010743061643926,36.35427221775652,6.581236485806369
3991,95.2873625929748,0.8918405795948128,36.414668734899905,8.476817470899677
3992,80.24512228782862,-0.15464970656083346,37.297661643946334,2.0507578385679697
3993,107.5109945450731,-1.8132934720171585,36.29707015706727,-5.190242907123302
3994,79.3491695374368,-0.019318304271835673,36.85105232762823,-1.6405464418012052
3995,100.28457581183159,0.10163005353342468,37.30914465165535,-0.23798622559253518
3996,79.22188180143803,1.167217733304373,37.2083295302743,1.3523175436527837
3997,96.79702195463358,1.5884471762401118,36.80722051001876,0.10990776321801216
3998,116.43378155804534,-0.6849871791437476,37.09546186587755,1.4058257144730846
3999,103.60647891435795,0.8011817639881827,37.05357266486878,-0.45373378669561404
4000,91.36506395035066,0.7654021560133495,36.88787952222591,1.3255354725612156
4001,99.68796511060916,1.0734127024104452,36.89458264067271,-2.3026171058065694
4002,100.18016872044447,0.4986899121355445,38.11771371737848,-1.6909335849123424
4003,104.72630345843406,-1.94249769096177,37.40465545196565,-2.880125852383339
4004,86.33141636719174,-0.1554224325277597,38.24032545875607,9.58629767252036
4005,105.92567273847331,-1.1557075749169152,36.75151843353975,7.319503930871614
4006,72.95608368397225,-0.20260577291807386,36.957516701555924,2.776470950068079
4007,93.70115447636189,0.980004236133894,36.33393711736168,6.6265449863386925
4008,95.11726157548455,0.30515083587497266,36.59521659895521,3.992306694889413
4009,106.33326826071239,1.1480908663974327,37.95095657433125,0.9063557975702761
4010,100.22630852676869,0.3417539207135393,36.73898285507912,-7.527856705098418
4011,85.94436946143713,-1.2983259396689026,37.95964065007223,-1.3108196006257002
4012,90.15006874182984,-2.5208470065727346,36.378318869660056,-1.6751894600917594
4013,101.98680009547407,0.14880876167959034,36.47326548296336,-5.665375865460785
4014,99.20932658135443,-0.21392646635116538,36.82938438948829,-7.43081137303308
4015,94.20875890364253,-0.9769457393818821,36.96812503916041,2.4635967328351254
4016,95.19166210488021,-1.700627249651378,37.46154364622507,1.6225216118540646
4017,106.96167997159289,-0.7347432134727092,37.22538520859313,-5.83698490033806
4018,94.82307427130786,-0.19449148486477605,36.79184237132799,-3.7293925321809467
4019,99.11908755970927,0.6658778237063901,36.933342096740944,5.806111365770818
4020,121.69936588080543,0.18863108156798006,36.84046854010765,-4.388482567582803
4021,85.76317363116077,1.6080672471727289,36.542673132337136,0.853994519669012
4022,81.48157268425342,-1.0356040560453943,36.55601853169919,-0.9488914978399052
4023,107.83589664798606,0.8810588920574334,37.5139419457167,2.531817355310314
4024,93.21356938705897,0.04729874312872792,36.08591753603643,-4.280538263282152
4025,96.8176247225738,0.6946691241185846,37.80867934872253,0.45041738770053513
4026,92.18843621868886,-0.43651486326554356,36.82850288719889,0.8436128867293862
4027,97.40199859232487,1.0716803738905898,36.61374569680392,1.1509040311460983
4028,115.98538112096341,0.29522475834524275,37.36987964534863,0.39536928981306596
4029,108.0212845861812,-0.6794449849177494,37.742608292073555,1.7230466029705505
4030,108.62223511886977,-0.012024028913188147,37.55881622080198,10.958851660254055
4031,85.83772944207354,-0.23955585893709952,37.25092602467995,12.806488883855529
4032,88.4884626344713,0.4891783506377937,37.54343174486092,-3.1960807039336094
4033,71.60921340514574,-1.1797767493745086,36.141751211428065,-11.591214901762495
4034,91.90619178917245,-0.029351702115694548,36.73908472925593,2.977476503609868
4035,109.56703186385658,0.39530725264933086,36.54441496998758,0.9312622995063314
4036,105.16946515748371,0.03302330719303323,37.61231936560759,5.305209295917902
4037,97.78486737047876,1.3469412443889957,36.80826099053806,1.4244294985765862
4038,99.77699716281947,0.7740227740710525,37.422703278391026,0.29301969762859553
4039,93.11114457424594,-0.007480796740746615,37.26792847124432,5.644532979386114
4040,102.04758882401784,0.21668909749767315,36.56884653191816,6.343902942069209
4041,107.65878279480614,0.2956655514819996,36.706520895011856,-6.932800293904991
4042,83.84113212589527,0.40329960416682403,37.64690884540736,-4.083030935697918
4043,102.99647687837349,-1.825657995664608,36.61225867565779,-0.5279647964433913
4044,109.32434870954667,-0.30152629576934714,37.06243380509774,0.49218811962291836
4045,95.8489971103663,-1.4844390681934263,36.608729356836776,-1.1299160167612436
4046,107.00700612120583,1.2782809474594865,36.84302390654207,2.1710358893094295
4047,128.14654444472552,-0.06084952000292773,36.97691902801501,4.980523946585501
4048,98.95657207013107,-0.19334094967962276,36.60856674485125,8.613548553603641
4049,103.93307050005323,0.8967973320332352,36.51977652300806,2.894565118864498
4050,92.61942916338609,0.42232479744987467,37.14313666838872,-4.261668392265549
4051,101.81251162602051,-1.1286345143792071,36.57763129560441,-0.7368811259890913
4052,104.60271624982303,-0.0709053625273688,36.594671222150666,-0.37676120629778476
4053,101.94842340270138,-0.33516697322638483,36.530473428149016,2.573201199905795
4054,89.80304680291144,-1.744532888606054,36.96104597683434,1.940840167169711
4055,102.0636177132545,-0.6902762332372047,37.47185081719992,10.251983255557548
4056,114.62195938717636,-0.18354032201646558,37.753264318156134,-2.307565676274542
4057,104.48635764514528,-0.1149509314918426,36.63704095700311,1.9237526688340159
4058,109.61987189071841,-1.4822314236773086,38.07515539666561,11.77355698872046
4059,97.62988029987372,1.1516655830474756,36.4976475696466,-2.9260344845180066
4060,107.49900239423711,-0.10210305889143893,37.54177426166393,0.725743480851776
4061,102.79267838216526,0.03755307666056291,36.63915177299228,-4.724402505620077
4062,90.49089270312768,0.4006416383398367,36.564538365065,0.4104344981371576
4063,103.18521004798875,-0.7880762539036712,36.627621921607805,-3.901085740688208
4064,90.08303336559689,0.45635597313269627,36.97377615017544,5.234004517456732
4065,93.67119725115208,-0.367074646018183,37.28998608551681,0.7365942951569766
4066,101.89328307292374,-0.8965855406471915,37.33493401895241,-4.6769862999114675
4067,102.97244273380124,0.5734474933553989,36.528007492326054,4.202838488958358
4068,88.10767534922871,1.4916738588018077,36.50517035624436,0.8983301943579367
4069,110.53985771182876,0.7248293734858318,36.541680653318224,4.764093886117275
4070,105.72006278300474,0.9229775651404308,36.94432279880724,-5.738313139738743
4071,92.95271564389117,-0.520630606562299,36.89492219790456,1.8441220612433074
4072,84.62415203550825,-1.5976197291684564,36.5249122689651,3.8667084732235435
4073,98.55095420918569,1.4901375220998412,37.134801847031625,-2.1168874511786826
4074,95.5405628613884,2.05451488940476,38.13128440416766,-6.295013634840756
4075,101.13140457053022,1.542806773769682,36.74764226908243,-0.20803747685196963
4076,96.36883338844433,-0.3357859389797497,36.78324408939823,6.1405764689046425
4077,79.92543139254991,-1.1546343387288442,37.27983078516218,5.629651653170282
4078,96.11653061698841,-1.0656826978195666,36.720591854131605,-2.142142173777884
4079,96.94380888931687,-1.6837325676140487,37.33448224085909,-6.415427181882213
4080,106.3366102477406,-0.10737861841004537,36.64072864661048,-2.1558986017478627
4081,93.0180032538895,1.6056779580824545,37.91605980378865,-2.342388253659562
4082,116.78674673372566,-0.14166263187224326,37.172387486296145,2.232233916523887
4083,80.88359449348243,0.3023229003482749,36.689988525461644,-0.5250075145206076
4084,113.11167497802624,1.3755969643042085,36.70565415026536,-3.76632105868571
4085,97.75681029121895,-0.40409531183239966,36.74310012364598,5.521315336303339
4086,108.59584872343557,2.035531456719595,37.68637483312444,0.702129337224171
4087,100.79801484058733,1.9920944074974534,36.36562449619936,2.177078263654704
4088,111.39555536025469,-0.13111133868048266,36.66602916477025,-8.624927170656335
4089,96.12638035447189,-0.5775342640192128,36.719169721537284,-12.121324353486429
4090,89.01379574822188,0.697238046390313,36.99215601662153,-7.1877289072220405
4091,114.20504287271064,-0.347524942518858,36.864445153676606,-2.4027171280338786
4092,98.86519354117858,-1.1565552170673363,36.25438608430477,2.8817800880690436
4093,102.2155847362421,1.2812386535229803,36.80008865820226,-11.71123435203649
4094,112.34751914044796,1.21644738727708,36.950224658407514,7.964260321859936
4095,89.68044757905565,0.15551160376356082,36.68595108246011,0.852830133850631
4096,105.95490897639257,-1.2628647537281779,37.34338774452383,6.801474964749551
4097,94.10105243537109,-1.2295262512173861,37.45970421437682,-4.4298504123706435
4098,98.67830644355628,0.10722928841915275,36.960806650135304,2.5192996708624538
4099,100.7227896538429,-0.49987103450503223,37.11527079342537,0.4259796498539375
4100,84.99778138553064,-0.3410929321416082,35.91947200132537,4.088431565272771
4101,92.21162957179565,1.0219631550600035,36.789448613919085,-1.1689568379985853
4102,113.5107289241314,0.7331793174225577,37.502410845878956,2.366076045037943
4103,108.86191188584796,1.378142680497613,36.78828170841036,5.510976593856
4104,99.37360422672765,-0.9906232233772576,36.63136916180402,-3.2558814694588767
4105,102.43123458512893,-0.34319156868671197,38.13884446301547,1.2112211624482487
4106,97.05757494363543,0.7589816954601127,37.9095385950979,-9.439311186111741
4107,113.56583385827982,0.44807834101289173,37.23378745624108,3.5125150953167887
4108,97.99647422205837,1.5323803825876219,37.56945530574002,9.773312717312448
4109,102.31842092134848,0.4205367059040693,35.88703229102096,-6.222180238743476
4110,111.46030144142065,1.8481091041055524,36.60622427968565,-0.45690630213971595
4111,92.22628515154094,0.5400178017231407,36.76502106341342,4.402406504570568
4112,115.58789184496894,1.0621674475886602,36.88200995056653,0.15708736733275233
4113,84.69538590256623,-0.32351494678445714,36.75502798951302,0.8254977574661289
4114,116.29642131112799,0.014287211883989065,35.72498685424183,-1.9549972076181932
4115,96.27324416048026,0.9109444038394753,37.19301230935428,-2.140761265439573
4116,97.57301252174719,1.6129781705930544,37.271827064140304,-0.4334707679268889
4117,81.09989828817058,0.729236949310753,37.80094939579499,0.2083571106967793
4118,95.45205282622307,-0.08317177193461948,36.60584536761252,-5.907206307886549
4119,89.60193468973115,1.3773350295283417,36.56491842111005,-0.33010992973014375
4120,93.92353654626527,-2.191978656279881,35.660007757017766,7.8426696935466325
4121,98.62689034211121,-1.4222345015068736,36.85321658170456,-2.0956689679445235
4122,109.57791614472906,0.681634223668389,37.450555890531085,-6.186274914373139
4123,102.07603351400626,0.014108356253124855,36.69411606890364,-0.7570803399321331
4124,103.07676653401114,0.6055136511241652,38.07172240927182,-3.573064060621483
4125,89.04480611154437,0.06440752243194205,36.871702582105236,-6.691709126609697
4126,91.1924591039727,0.5709456946038727,37.07349614214428,0.6958423086631043
4127,117.98725018351311,-0.8144028209931906,36.3184484597092,-3.55141018575539
4128,92.64798965236753,0.5704860860796908,37.14361017258764,-3.123570834266375
4129,116.56208252057296,0.9944145282075845,36.01034010257365,0.767136901926945
4130,97.56938801119134,1.2205506039312326,37.346848977506575,-7.665872976811673
4131,100.02287936143505,2.0135542946486997,37.3622140881177,-8.707848251255625
4132,110.7036516022993,0.24409844350238658,37.67964571216825,3.354360972509658
4133,112.71892421938657,0.2739110868471789,36.49001564061616,-9.654168003620414
4134,98.89187439720912,-1.5231724641738478,37.08028105914871,-4.883388476536774
4135,96.11756946478461,-0.531411401138425,37.281908279693255,-8.999197676942188
4136,99.44079551477788,-0.19308207400661265,37.22114081916516,-2.4306823342441617
4137,103.37957528232118,1.050319552276355,36.56735036243258,2.140293738255828
4138,108.91303686869756,-0.6110011240896291,35.80400905522193,0.5616897436618834
4139,100.04229858994151,0.7963400197488324,37.17348014844224,11.959366947286421
4140,106.18886298023153,-0.0016217169633801235,36.92375016084504,5.4345780889450035
4141,116.3835973227094,-0.1771681151147619,36.71666470351928,-4.655789250783006
4142,103.81309612264785,0.24889396913325643,37.38197268185773,-5.9852750241320525
4143,103.11652856004778,-0.39115637225284255,36.977540230922784,13.533439704877505
4144,84.81089174909933,-0.4290372480926655,36.3404024736161,5.312860028666813
4145,73.69269863170936,-1.7047859057901145,36.034273855451886,2.9468480363478595
4146,103.88375729230168,-0.24795420732788961,36.43551836743342,0.37425906107808943
4147,99.05175768719128,-0.4799681461487265,38.196506147383396,1.3676078373750857
4148,94.85217325085259,-0.5159809893490795,37.36138838696639,-7.410366377412131
4149,102.43530204186345,0.41687306259004037,37.09430617098751,0.7851958509838393
4150,99.39596270803092,0.6586319527905097,36.9091695364071,0.35615698729507256
4151,111.27780250633899,0.2321945046423276,36.876303530026284,-4.5206942155074
4152,100.86110868258977,0.9954151904494745,37.58359799167955,-2.6926322678423933
4153,92.53076714929833,0.5755619258303651,36.75470212904828,7.575881967217779
4154,109.90166238959289,-0.29505618980564213,37.28846020534215,-0.6258746014743121
4155,97.82868925053798,-0.46285628571437976,36.8257860248542,10.355856512665554
4156,105.26536683672308,0.31282223676684645,37.97007831591753,-8.703397182436918
4157,95.225892938072,0.5737671099019008,37.371144253789154,-2.610650931128739
4158,93.50173114502563,1.3978443070314983,37.62277840734181,-7.736392756234594
4159,100.84168230185696,1.1911730449400957,36.70779511265588,-6.047112269459172
4160,100.12828643543685,-0.541473006507169,37.52906805628371,-4.141028528296486
4161,104.79827035366833,-0.10200628012726169,36.84371128730265,1.5765481338529557
4162,97.31354246690258,0.67101780491777,37.055017411966425,1.3341308554019358
4163,81.63640216229602,1.067997778058972,37.81752383530973,-3.396451598138027
4164,95.67226116411611,0.9389694687047921,36.47861247162179,-11.138997786682909
4165,107.93818467143815,-0.06387783283134668,37.1016238656527,7.388464365160764
4166,97.02623920756893,-1.2540226524285165,37.219002629259364,-1.4288235801817808
4167,97.53616597485453,-0.9989363762455913,37.26000219040041,-5.581450851505696
4168,109.86376505905938,0.2726335143194143,36.77460775345327,1.3746539053504363
4169,92.88026772741077,0.34222557942434556,38.04313205040404,1.0222258526158703
4170,84.57196781757101,-1.098679373434385,36.35253405732987,-1.613382324999826
4171,98.39368880474505,0.04456961088927163,37.72944269431623,0.7426550782075237
4172,95.15826048751263,0.6312243569717831,37.60753280279582,-5.775149202040092
4173,90.33753680246745,-1.1512266575071441,37.95044439480184,3.7995642158824183
4174,98.24621544101309,1.1049972018044145,36.20588645064609,-4.984335473784352
4175,104.91505647246784,-0.37753114855982517,36.565584256055146,-3.0278482765171595
4176,99.90711438432184,1.257613112576651,37.74597152958082,3.2440090807578765
4177,103.06981072686237,-0.5334524457759005,36.061480422684845,6.019794825051169
4178,118.13407698515422,-1.026625482884179,36.196770549479794,7.928872840231693
4179,96.57121138442436,-0.4581369898417196,36.755846106644256,5.278991192332859
4180,102.7834863464467,-0.09514812307732015,37.095996894311135,-1.6203609190089092
4181,94.90786637400865,-0.3884799067714809,37.79611253682439,-7.705165345502314
4182,91.53640280113027,-0.21600142157311336,36.90736704253482,7.025277928014467
4183,94.1509234658223,0.33396514967619034,36.69588042596773,6.85347994452488
4184,95.21241428478311,-0.17117936979639942,37.155694968848216,-3.3598807667674784
4185,103.59475797547125,-0.06611239395200703,37.2347982416472,4.605945189122801
4186,123.49075786700757,-1.709226399202596,37.22061991108514,-1.660888969653693
4187,92.83956563724159,0.3916980160104727,36.911006896024325,7.506384417558643
4188,95.83374694384537,-0.08920329769166797,36.02245694304092,-2.57432331201891
4189,99.36876986888751,1.610292980482871,36.54119200544683,9.893256437742517
4190,103.95798848709747,-0.9395651672539582,37.71013554263373,3.9306027379912285
4191,102.63550811954785,-1.8082953284995145,37.0935344689883,8.987724223429934
4192,112.84095793948117,0.6180684939300419,36.83873894044647,-2.3189863482493966
4193,75.73607929464792,0.3465270183130004,37.559084274186986,2.0251480222209652
4194,76.13070129804328,-1.0084330205311458,36.434941683815524,-4.846395991721827
4195,95.0412182798985,-1.5297489550040915,36.887325933143494,4.219946260595983
4196,110.97300187543709,1.53739673068429,37.06887920258702,4.495207664185623
4197,84.34351968394404,1.4141103906067818,36.779311248352684,11.985119591005933
4198,69.92367660306243,-2.4874567587061294,37.0503814114508,2.410198986098246
4199,105.71179406219208,-0.45822302925650094,36.90615303428912,3.620471012530466
4200,102.43657223702715,1.6641920547838993,36.30032847610706,-2.3541518825189085
4201,89.0979159320057,-0.47606255777786693,37.09073894093953,2.7068968631761923
4202,90.1446039927907,-0.49061223402665266,36.335824104243564,-1.8994560434379184
4203,90.30256280365326,-0.28275932762936834,37.08280756254836,0.5793037942099994
4204,101.1053531747394,-1.1208969737681593,37.68706791207506,0.8725783077289757
4205,93.73684723816993,-1.7047757442280442,36.85948840136197,-1.7615243667458522
4206,104.9406391897552,1.0525473107347487,36.41425843501451,0.3147254827099675
4207,71.45373337095609,-1.8429369062476757,36.93650609339751,-1.876475848567103
4208,91.431481348722,0.2472714521087559,36.58401444596073,-1.8986556251691962
4209,88.73946039088949,0.8865794927576496,37.297254501315734,5.383323257511358
4210,97.43659321627507,-1.4512262989011584,36.92600562623857,0.8770682091320569
4211,94.61952241509861,-0.9242684025950716,37.854881625832284,1.7353313610013854
4212,107.97843779895767,1.21317918839159,37.58149479783867,-7.286523844927679
4213,81.40663228339943,0.5328917202270399,36.923459747759296,2.1172916591519493
4214,100.45491476330751,-0.6172857068788872,37.357804533986545,2.652117319876189
4215,105.58336423211705,1.202249003361171,36.80338179541858,-1.9916931134437634
4216,118.56647436561954,1.2065357234543024,37.016978442582584,10.425148381303458
4217,95.18234028906525,0.2690526930157071,36.81928290182484,-11.446136320920326
4218,103.24458604352517,-0.9001602278736629,37.383227979924854,3.9218356788527315
4219,81.96137207437636,-0.4134487034717953,37.71649413835479,3.5640240247743105
4220,76.08043795686976,0.28638674395539016,37.399324103595575,2.7079146599970594
4221,108.447743757817,-0.18859482914748824,37.460968300642676,0.8810635281931151
4222,99.94439706351929,0.9389571782348514,37.461516718617865,2.7533966131251875
4223,111.78512689798423,-1.5297740801093362,37.27562796116735,4.340877397779469
4224,86.2659711103025,-1.4942635290662387,36.430356920394864,-3.62943791915997
4225,105.19902139528753,0.18087111148243243,37.85048575970825,1.495978110900448
4226,118.68817840543853,-0.49154441380690456,37.902205413349215,-0.9165842101165196
4227,104.19705608357266,-0.6270486146977409,36.883060198343316,-5.468842001127543
4228,102.7658150559105,-1.7680567191743972,36.81465104239191,3.585849873066448
4229,100.0855608082435,0.019545844798181757,37.306205826457685,-2.821802123420167
4230,84.29118542874087,-0.05275510800076566,37.27540641759175,-7.489293373897335
4231,113.55572935710347,0.6534789819517407,36.89902696562349,-2.6955533035082446
4232,93.89142360194934,0.0689061331209721,36.3749871722062,-3.9944944904656525
4233,105.04483256383017,-0.13260407824049675,37.152850595374886,5.142395045950552
4234,84.36965693428746,1.1770006367903372,37.275718269087776,0.7659657027903882
4235,88.2054033549222,-1.31246730344855,37.3629105740194,6.9119137284497
4236,114.35087399222235,0.5363892188475762,37.1746463861771,-3.3327811561652294
4237,96.52697711042157,-1.6711471647953489,36.86444242581904,4.370849359482497
4238,114.53275476042545,-0.8383618800008077,37.49700101975314,14.198114574039565
4239,99.21769340941482,-1.2126571326233138,37.03292424878296,1.780162335635701
4240,81.58102227042143,0.7819425354519183,36.76753849281764,4.308244311615764
4241,108.9206759973172,-0.06541023359539401,36.90967330897714,3.467588321127031
4242,94.10107682244393,-0.013503244592976752,36.127015483762506,-7.110376637129133
4243,106.98688813517043,-1.106732987729451,36.908879087910734,2.9290864873372535
4244,100.25210867540082,-0.2996934959328892,37.344218259937335,1.5322816032478446
4245,84.5688177205713,-0.7634653033091117,37.169891511069615,-1.2987369169915461
4246,101.64294765370569,0.383455014854216,37.76033208649059,-4.420181871024403
4247,121.96223142152799,-0.9910911353316136,36.86851254299215,3.4699162016351854
4248,104.9298645851446,1.3297943652050759,37.24365658152666,-4.862018698053107
4249,99.42482246994537,-1.6755804496240945,37.396370088152885,10.668228023409485
4250,110.75343401956897,-0.8065198324565613,38.171428504143705,0.5708454174406418
4251,102.1066846520311,1.6772005099660963,37.07238274555882,-6.116535238932518
4252,102.09534230262794,-0.4351387479620344,36.47790641056799,-2.569981391641694
4253,89.08374827840898,-1.314878664404412,37.42396437667764,-1.3906716914490862
4254,102.33848025789598,0.21907156253766866,37.93286367798423,12.06188326961923
4255,110.35443416416945,-0.47539224221454224,36.838725644886686,-4.422944734047482
4256,91.63937847899976,-0.8358702556183059,37.42054076930321,-0.5810863162569361
4257,114.24495821246947,-1.0958708107987174,37.61436402761446,-2.6891418493251122
4258,99.08293975854875,2.768373605625943,37.508532771985074,2.4962924279083216
4259,91.12230488461459,-0.25155190018413637,37.06277926123679,-2.6094170685252225
4260,109.97632076920245,-1.9255673603328771,36.65076312089343,-5.695283330698552
4261,97.13205764261731,1.4937097590055342,36.95936022599321,-0.9764728989809934
4262,107.59514887486108,0.6110709051105707,37.22930022693882,-1.4969692166612156
4263,97.08241367741462,-0.7664664310197877,37.45411126204586,-2.9612218881200674
4264,99.40173856470096,-0.9331190886861417,37.16697252399952,-2.6940517944855875
4265,104.93560204334291,0.6734727961582307,36.810046016729714,5.923478989405016
4266,102.90897057590006,-0.24691832748945464,37.277689828074884,-1.5987010713375216
4267,80.04468219548261,-1.9259778184451013,37.43004253387141,-5.670638312392163
4268,88.78756259905609,1.7872399646046684,37.18980502820724,-2.310579818999281
4269,109.29409984790816,-0.433990462215957,36.58190644273084,0.27167829732696297
4270,98.67863411098453,1.4955717364824264,36.90929698264141,-6.68134818275677
4271,94.76268697228578,1.278434957965715,37.473910388206235,8.129889800031993
4272,86.41425984742526,-1.0010095444828142,36.308491095627765,4.337897387531361
4273,89.20263678724152,1.0331898643631479,35.95341098880442,7.150863718093897
4274,79.78201360038052,-0.6514425498636812,37.75404142507201,1.960640627438413
4275,98.98719281298467,-1.866700586803942,37.25570762751094,-10.468487250650503
4276,94.01562419418953,-0.4245981660221425,37.303365001260055,7.676668583192567
4277,90.33412109014685,0.397637501776279,36.46159151318647,-4.3178417985494635
4278,99.31876574832047,-0.4627366479963379,37.36876403173327,-3.9109337200104943
4279,103.63970630852738,-0.30704834092510147,37.13762434378418,0.7816257197772181
4280,120.93197932209945,1.143566044928613,36.2078362110758,6.891149233350747
4281,84.88116580436787,0.10649398029009184,37.71214170713693,5.266435669761998
4282,111.59381043300522,-0.8432983112849525,37.079341661809366,4.531405600880104
4283,109.73101561015072,0.7020303236673265,36.80195801696036,-1.5591352643727665
4284,92.209072606233,0.19767556695424515,36.81100512700739,-1.6380376304605586
4285,102.03235954586032,-2.521604801462043,35.99238904728381,1.7297183399003329
4286,95.42366750662384,0.4283529137714487,37.29666829981568,-0.6503542064176635
4287,101.85688580418739,0.3918287077161016,37.13092860362286,4.446589536646766
4288,115.0913101340455,0.020121129580859987,36.90295993383345,4.150588322476133
4289,106.05606232631312,0.8917005810695752,37.63924260372583,2.956706605863528
4290,105.08608373233442,-0.6723935843265022,36.308070490502075,-12.629806408846893
4291,95.69690680045358,0.33649978882090087,36.70161376181619,0.6399418183863202
4292,85.15943335075664,-1.5669593711673528,36.57499587261981,-0.5442694036635058
4293,97.91531789459592,0.4070903833988318,36.86060251011423,0.8401280087976571
4294,112.06608154863915,1.9530596955398964,37.03373501262861,-3.7716231927320343
4295,84.72832143410352,-0.9948563524675411,37.21500676190568,-6.623929551996126
4296,89.44910631823305,-0.7598021319877752,36.82651327344744,2.315692399875201
4297,101.26267736234068,-0.7100154428915523,36.56132213242255,-1.7815065886603096
4298,90.15345215152738,0.12999822580159529,37.84300347488522,2.873464968537997
4299,92.07476552884788,-1.0630362728537182,38.20582009589428,-3.354571888423856
4300,95.76401418271823,0.42124737869098017,37.07164333594101,7.079553202463384
4301,86.3438259580985,0.8468399454691652,36.62160981648957,5.005324212853816
4302,90.25878153783631,0.5343472134537843,37.73772706552115,1.4841355427294016
4303,107.03427916787308,-1.7684154256380724,36.27662144683577,-1.0664420669297359
4304,86.92630217769036,0.9951676651586061,36.83261333764759,4.262044388990985
4305,84.02127865505162,0.9373674142536799,36.65194147432685,1.9627390761870298
4306,93.69975020466106,0.8301613723463044,36.42023222477476,1.1929209396530243
4307,107.31955502509845,0.372842248655825,36.85998788353911,5.214327047798043
4308,98.0307819200311,0.2201893142051328,36.567913960413016,7.132680772033201
4309,95.35418921884381,1.0323893981263967,37.00632723207433,-6.262055922427723
4310,100.44358797515608,1.9235134876034545,37.01358858383623,-5.251920536749032
4311,82.54292567140348,-0.9530404633648498,36.68933413823901,-3.90130362739399
4312,104.94705653775033,1.0781253957947718,36.81474332170306,-7.512122988217759
4313,103.83435031403644,-0.08621709800745275,36.884575516048145,-0.31374262784575585
4314,95.90691525904279,-0.1296730520286007,37.404923030559715,3.0005822762225307
4315,110.05924511796417,-1.5365306903820384,36.925785299467904,-0.10709147476168313
4316,88.72503901046962,-0.28478940951539505,37.41235087039305,-2.670608208064478
4317,111.2790899325357,-0.9972649579684154,37.29290649177733,5.63228878564579
4318,101.54493665595251,-0.4638544295059457,37.28576534845037,0.7027820160337482
4319,96.63447410121826,-1.0981863837781498,37.69392298517299,1.7149148368315916
4320,99.80126364631688,-0.44890838731300636,36.440304560127046,5.7711740244988
4321,98.92735234189058,-0.40611035702340326,36.76340844684644,-0.6162096942556687
4322,112.20282896417717,0.09675491843880031,37.88164940014978,10.301070363123404
4323,89.23320872528987,-1.614749862291331,36.871341749705365,-2.2390750193588302
4324,92.37480760853401,-1.4455181477453234,35.59243815504708,9.989741022564498
4325,110.3630289207248,0.36191427073052657,36.898515828426056,-4.8736759095621025
4326,94.04465064816141,-0.7974381170700989,37.067469765081626,2.5874245144022074
4327,109.00533077331592,1.0745297902299311,35.69144344128439,-3.2126608440311855
4328,116.99435983008709,0.2252697220150467,37.66696781994398,5.597830584905462
4329,95.98204973058367,0.6067621502064073,36.6431437680672,-2.3911630392921426
4330,165.1919600409975,1.4106923204208948,37.16428155759376,1.4543559532204295
4331,88.46307718660141,-0.30971081180657256,36.88700922732797,-3.252709980207848
4332,107.54733298067809,-0.5744867054162757,36.355824290397976,4.686125868333072
4333,101.99423985986768,0.8717025855988134,36.46474593268229,-3.2787563031956966
4334,104.73038282160215,0.5095135639296859,36.53245858178623,8.417074223713342
4335,93.54427927964605,-0.18733030982130086,37.542835954591816,-4.979985534806952
4336,83.38916584432828,1.3914579669559421,36.92623090594992,-6.728139591640733
4337,105.03252064749505,-0.21224430983993056,36.73906724172413,4.757760390395431
4338,79.36596847520545,0.03277363755578143,36.53269554370488,-2.9582182013176084
4339,96.82649507757465,0.021222650834258405,37.59807511076306,-0.036186567247678075
4340,109.4118186641997,-0.9345938948984711,37.73210063626179,-1.6112057691786041
4341,101.91897735873036,0.07758538948639096,37.59237194935334,-6.563041335763451
4342,119.48342644789813,1.3967601773984912,37.24621866957708,-0.38496832069168996
4343,110.25109152581774,0.4449683153761758,37.14491502093536,6.32457947486151
4344,93.46101611674423,0.031063426398931438,36.39203109101205,5.0156850165278275
4345,100.27313379851438,-0.16176728116566902,36.87709043664447,1.158963813129624
4346,99.52629297455564,0.33086702840635124,36.65806989832678,5.561341465175536
4347,84.17823236653872,0.7497666284891851,36.087243945507645,-5.297592923470883
4348,90.59601083515646,0.609238830889753,37.528521709582684,-1.6272716445250315
4349,94.3923909302014,-0.33186486182197916,36.65208502680386,1.9790247036510409
4350,79.63779497144063,0.32478159411011454,37.597970953717656,-0.6520741340855585
4351,100.47493468251643,0.47993974114827864,37.440873200380004,-1.2341166523827862
4352,97.50928155346959,-1.0071949875269783,37.27835898831671,-6.003218661605477
4353,83.27106098688427,0.16823054118369438,37.306442035881595,-10.406706943213557
4354,104.04212865277331,-2.161303886302362,36.69234305896315,4.08933212474818
4355,107.1587274469096,0.48253370982118504,37.92892507564533,1.2161078662611293
4356,102.27034478864888,0.6603430545626816,37.02156271547653,4.509991891050465
4357,96.7593182479103,0.7475461257864594,37.15096584255935,-2.186179710791872
4358,105.91442151751855,-0.3950468521695675,36.67546183321668,-3.5638894241379697
4359,106.80220360476692,0.3090468350240348,36.53441736961152,0.03273983318317223
4360,103.07403569719689,1.4239538455411669,37.23864800440471,4.270998243064082
4361,91.75387749565239,1.4137696482912587,37.108756747969394,-1.1572610749382712
4362,102.7660076551118,-0.029172699226560628,36.60532381704871,4.008925921642429
4363,111.95480650825479,0.13931963072955983,36.2807866406123,-5.031540027965434
4364,94.0337094138827,1.110911144734433,36.36503845633623,-0.807235665849336
4365,120.97939339132431,-1.5008020152621748,37.59806685854555,-0.35057072039015535
4366,94.74369066014616,-0.32307574267702455,36.69337309267497,6.131949719609599
4367,100.32407013340136,1.3355704555367565,36.83054572716208,1.0381369900795414
4368,93.27514403993663,0.9752005416847661,37.72517012937953,8.730387591470976
4369,102.2327083592026,0.36926377764990465,36.43892471925679,-6.738423999737413
4370,82.57778307364725,-1.5058324053306205,36.63650258714147,0.6495945220563983
4371,94.53958201183279,-0.04991023304116202,36.61561658571966,0.8969901959022291
4372,89.07878799651434,-0.589915396249933,37.80903424058302,3.100465987934336
4373,101.35338347892291,0.3310389028172135,37.996691750291205,-4.066799682244456
4374,109.94447375508908,-0.8093466847948803,37.37578161270108,8.42223169705418
4375,106.46006187114551,-1.0257233949746074,37.39169236207712,0.06481970735879598
4376,76.28340639141108,-2.0648652776836416,36.70982249857364,-5.43533756467459
4377,120.4206965292788,1.2218046849767015,37.97366424345214,-0.08012495206809271
4378,102.95279940620868,-0.3997705114430575,37.133848127179334,-1.5658076144005677
4379,92.23500859507,0.15714578370253451,37.42655513222487,13.916175711236644
4380,101.5712791899094,-0.0022381164741810933,36.94723753061452,5.249717997625067
4381,101.76189822502693,-1.0674339329604994,36.865983706336195,0.24830677854108693
4382,93.33151283048436,-1.2590649114481933,37.831521129798055,-0.5595834259960232
4383,101.97916667342075,-1.0053151259972355,37.26986183986915,4.755284312407325
4384,93.92527712379693,-0.723168438829393,37.72568773053519,4.994310801641072
4385,95.95638007309978,0.36660624701380495,37.127664085872524,-14.557749596603244
4386,93.13720864244915,-0.7957176635206115,36.57581673178846,3.2149657736666692
4387,85.67328710260347,1.7464906315946216,36.70832853356075,0.13983271989313328
4388,101.45836470215384,1.027151035893151,37.0514826212323,-6.5557191089348805
4389,105.85299436516338,0.8083595496657083,36.68674989197834,4.4010706981208845
4390,105.14883596076372,-0.11965890247315014,36.44626929568616,11.230940067791327
4391,108.19925252635234,1.5142807357204837,37.600708515893515,2.783979734138904
4392,103.24340210014869,-0.21800563112112403,36.72756496458825,5.502142211284321
4393,94.67274501783096,-0.031261414154246076,37.06909637389566,9.020595459822019
4394,108.39663864431189,0.1699745397492694,37.1480667949428,-4.151310753600258
4395,86.42482460158065,0.701823040543344,36.70592343733971,-9.287857225834586
4396,90.9932861748752,0.6369080790029854,37.72539973315437,3.284330316547509
4397,90.35799928576755,-0.4751252784446032,36.4414291193977,-1.238057682207255
4398,110.80056059139311,-0.5329937194259537,37.130812631790384,-6.870867261857715
4399,109.42788514140075,0.6399029571520845,37.12305885318829,-0.390849680678966
4400,104.87305237044995,0.7152365838912327,36.972872698567926,3.637736868953101
4401,110.71929865211797,-0.3933511248228728,36.35154369336401,-0.7448583238217997
4402,91.20717217588012,-1.587188069678454,37.435408775931734,-3.9341381536751867
4403,103.4859511986098,-0.20731609600824458,37.3717553351673,-1.1175353014825513
4404,98.74825571616836,0.6235257988258587,36.66221573570439,-0.09738232650672751
4405,108.46882103884914,1.8054168464197806,37.35374360360268,-9.64741131313041
4406,98.84775767447802,-1.197957962340662,37.18745384315039,-0.7138747658534662
4407,154.03921327442043,-0.42657125283057357,36.35969392731945,-6.721702360724459
4408,105.4090851856099,-0.3894035615253766,36.57303554271432,3.295129760105481
4409,108.76169167191233,1.3558053394315013,37.56914072244479,-7.80521287793389
4410,93.31654805153198,-0.03494150045863278,37.15470809257103,5.06346102275468
4411,99.38924328647624,-0.9073265593722656,36.71784852709469,-2.0458253460697073
4412,89.41559366358348,0.5586952829218191,36.57076205441368,-2.7148785338600607
4413,75.0193898250706,-0.40463852004094636,36.74230310094229,1.4722729865098603
4414,102.00459631413729,-1.2243872733579544,36.777760235061145,-4.33017222611696
4415,106.08905356254633,-0.8927733072761507,36.57701848368537,1.3937287706503203
4416,102.62066809086726,1.734041954422619,36.129117943808346,-3.660543873441853
4417,80.50438282245634,0.38420922164946225,37.570006643200394,-2.7836725616238467
4418,96.49150569923525,0.10776005545254295,37.48531683630572,2.0267708466456766
4419,77.81652239948919,-0.24989373581204613,36.36337227409657,-5.692903668671914
4420,113.69701107654186,0.2921488421187989,37.068155647781836,-6.321686508811784
4421,89.13945417881914,0.2802359460024943,36.548880898642615,1.2411275370517092
4422,112.55403609459896,0.2921688282073261,36.86921638838673,-0.13449926244692292
4423,109.45869643684145,0.114845090277753,36.827616710063175,0.84346372404696
4424,90.99409647463938,0.8687983383055493,36.78608289214107,1.6381961836071035
4425,88.67215048732255,0.02310434600073103,38.00147354203814,0.2868777690349064
4426,103.50370216386338,-0.9779388355526387,36.7798371576619,3.0404631198353442
4427,91.55675962816929,-0.6124228909008682,36.595868087466535,0.4871814348932924
4428,101.02484642158207,-1.9790186934897123,36.61870928525148,-10.036519498376515
4429,95.17172409193081,2.0268171160423925,37.52188847820088,-8.739422973309278
4430,82.18841585534366,0.8627545919526867,36.173948834153535,9.639745901210414
4431,77.69531980875541,-0.8300704951292369,36.61868854178224,0.0003593352943151309
4432,102.26684248494597,-0.2818448493970999,37.72341142005577,4.751208258585484
4433,94.38442253669375,-0.6368764742064333,37.121993093998825,-1.7285195281353796
4434,94.46910183085868,1.542547211374117,37.09596100251806,-0.29007547196965205
4435,106.95863839093785,-1.419877164270929,38.06607323007185,-2.266823271354218
4436,111.73442276632444,0.11447605881877927,37.12317397647425,12.329636657306825
4437,97.2745527863819,-0.10852784256484785,36.64590691932021,1.2662121118207121
4438,96.59401293090139,0.8268386307091143,36.85896147156183,-2.6742895275309877
4439,105.00143033113883,-0.104009227724695,36.43228384548472,-8.257698567150953
4440,86.43064430300424,-1.7582088766554351,37.62796852000785,9.868667213679261
4441,102.23153054747696,-0.25111783464244086,37.287280858768355,-0.8163919261415167
4442,105.51885971822153,-0.972162217943325,37.562207074985444,3.721145597807986
4443,106.80230208417629,0.07957954655656065,37.60649196427469,4.2799864515327295
4444,80.63247297497534,1.4341770365203266,36.79289460953623,-2.3141526171518527
4445,92.3864473019106,-1.7394252442322782,36.527623573995555,3.36226387693078
4446,91.21736747176533,-0.8002227353999037,36.97414344434598,-3.0206914337580875
4447,100.99886954409213,-0.552692953783497,36.56361946460573,-4.952131810197079
4448,104.80744579767983,-0.38163109541321133,37.08247843770451,5.822323462561062
4449,114.96710407445981,0.7401256641052443,37.56604844041735,-0.7909468991109968
4450,95.05034519631927,-0.1735444175613875,36.915930176975415,2.5925641680132765
4451,95.02427501690786,0.4158027257204452,37.07499754495387,2.0546049694088553
4452,111.49672018878746,-0.6257730437317763,36.95307719188832,3.189659800276445
4453,102.96576938530305,0.22992434541793752,37.40136378621885,-7.782684671008124
4454,112.67651511187974,0.7777976308777149,36.66610880285585,-2.9264526565818496
4455,102.88728003009837,-0.7322995497370884,35.90177686917845,-1.6223757874821247
4456,88.4288338128673,0.7813581198065147,37.23543442968769,-4.157393364507453
4457,86.66871645222193,0.05237276872756848,37.493917210654,2.145034240081939
4458,84.48487750941071,1.0454602404822526,37.223187122379265,5.934465387979487
4459,106.62051834758473,-0.20141990007697352,36.67988475226599,6.725923276731489
4460,111.88596823087008,0.3812446551620988,36.43249395090697,-1.696023826049418
4461,118.4936214138638,-0.04060623167853,37.24724876589016,1.4598293122895356
4462,108.4310533232324,-0.09621226204057896,37.07073947646734,2.228217522450496
4463,111.62838577534986,0.25893042822568985,36.937103686170836,3.1062804710176466
4464,94.19983667346315,0.5368074692249037,37.91123167149689,-4.390675365363219
4465,88.43584183256144,-1.249564911924005,36.526599952909336,9.10290134132483
4466,108.50079332417553,1.4336336088178778,37.88751851056373,4.632600921732223
4467,104.176807522394,-1.8596630405497985,37.01589195243532,4.763246718462205
4468,101.07444374340892,-0.684812109738896,36.082214761564565,6.017300284501984
4469,103.8737148063299,-0.09426907076490067,36.91039867284043,2.670679711329922
4470,103.23185482458206,0.4123559690859481,37.47974803829972,-5.136567115254862
4471,112.83816859853562,1.5761725277413785,36.81747248359751,-0.6948636577755336
4472,112.94985584816956,-1.8582914882251074,36.2626107293808,-8.255266975309578
4473,105.44220352340346,-0.5076941283897106,36.917742734101914,2.0753625484954212
4474,108.45802872562928,-2.1268334877992654,36.57141381305415,-0.8460682908277337
4475,105.14062552424775,0.03162197391024777,37.24590720054398,-0.20261191763465855
4476,95.3883026796538,0.27168358450003066,37.386699908033805,6.020005650428256
4477,107.5656467491314,1.5907957421712526,36.47186479612595,-2.2849701927822967
4478,86.05504931140739,0.12063476089345412,36.647097972442175,-1.260615793860382
4479,110.53891552295883,1.0440251294423797,37.37832123255347,0.10986647981608144
4480,88.05477060233964,0.583837081539059,36.57057786085052,-9.199961247068163
4481,102.85803286794733,-0.4352481970051683,36.458920932086,-1.330318278810016
4482,91.54846041573842,-1.4089607467920393,36.41065443410187,-12.428974561430916
4483,105.53388983074427,0.2750022982918108,37.17601930647906,-2.927607809478696
4484,99.66074774072091,-1.4921020171453638,37.15457885975873,4.275945266964137
4485,84.05244041836667,1.295207072669644,36.65797698481048,2.2363327912553452
4486,104.20699631018479,-0.16206210203682392,37.00254269806412,-2.9741015522703806
4487,94.22079223167289,1.1951774115114164,37.76356619207756,0.20399109111906177
4488,108.81146720813369,-0.48021443413239945,36.512969921540886,-5.374947835652027
4489,100.01325688734407,0.2688507864009919,36.024128695494774,-0.011717015747600822
4490,103.95420985388039,0.20934885733468878,37.227537787860186,14.65160142746255
4491,90.42431044984788,-0.04504411801092395,36.94479941804921,9.229006601859657
4492,94.10667768572638,-0.4326595133965921,36.644987456592446,0.2631106500863056
4493,95.41361363898915,0.3924560184705202,37.326040118677454,0.8007208245768721
4494,108.56702480242555,-0.9261632634832083,37.419612572334394,-4.897826573172755
4495,116.77377087805489,-1.2094353289590587,35.89586099005995,-4.008945539755252
4496,91.94828248257124,1.2428268933268276,36.673701045334255,1.8109216105234704
4497,110.7684814465768,0.7271679888921005,38.15875811559843,-2.624462828182425
4498,78.30322582274297,0.06589160860223994,37.29170245789909,4.52074797425791
4499,88.0581059890771,1.6651423825437814,37.338051819148575,7.848428404888786
4500,90.41221543813225,-0.26776551872484483,37.58644713931574,1.6631039239051941
4501,86.47491310559278,1.3227032199889794,37.008534412599865,0.5086860291996333
4502,84.1641161021242,0.17557408492582183,37.39834208004581,-8.403898124553258
4503,104.12998912137797,-1.0247507500763902,37.359031021918604,3.73805122636025
4504,97.85932302272138,1.8480401917708498,37.26952074837638,-5.718356507695291
4505,103.7940539760511,0.9907108466240852,36.838994014691295,-2.090045643167099
4506,106.90472686121512,-0.1210210310095643,37.08602946118313,4.797879461925675
4507,102.65616993172533,0.7271712595339491,36.70581921784661,5.148790821545161
4508,106.57763176150374,-0.4037034339979068,37.006407152283245,-2.332537636750586
4509,99.3046771375773,0.829149035059542,36.415754553950364,-2.0445776745999313
4510,88.13006611694256,-2.3910785652839595,36.604688004363524,-3.496594366283359
4511,110.57814180820796,-1.0198013336945937,36.85884397903754,-5.989268726629554
4512,94.10887867218872,0.9792597442869628,36.52814728428496,-3.1739774105212093
4513,90.64403701237575,-0.24965553821891934,36.747491364627415,-8.065650094573444
4514,98.22082124195602,0.2075422948887419,36.91803701162224,3.415312907541325
4515,90.87189080703487,-1.3467856621154346,37.20113117233219,1.9726180258093786
4516,95.82569618010568,1.847866995702103,37.474628650926455,2.8026464243525635
4517,103.44053921563466,1.1905296437176767,36.768107814310945,-4.772020252875714
4518,103.48341739246126,-0.20068521837532977,37.66755230863431,-5.975352817575281
4519,91.0216993357437,-0.4046958568633263,37.46930553931275,0.2675713715678012
4520,95.12294627051256,1.029604361419693,37.252046915971974,0.3205128247511266
4521,110.74333004770244,1.9824704501689276,37.07682456464831,-0.7363491375647266
4522,104.96400117733941,0.9537602558113537,37.15956042093427,-1.4474163459392473
4523,120.75065039348542,2.171802667396602,37.59352557533319,8.553878888471933
4524,111.80128173741528,-0.922351329061918,37.61178982987963,2.130125058964892
4525,111.44293068559939,-0.8193868304987907,37.66747336419182,9.853391957332455
4526,86.12131449544198,-1.1889411180533487,37.0206634159385,6.344825127158166
4527,107.63860351633423,0.44176064964947936,37.27748358249931,8.516354630086724
4528,99.4689319830309,0.1756035498043702,37.671773253311024,-5.37231383178001
4529,94.4901819646175,-0.15195112347198586,36.6881419825418,2.9658549549901494
4530,101.68015340532529,0.8092586281232986,36.84079157314085,-2.158827444966865
4531,109.45211534611484,1.232328605214664,37.00801833150674,-8.316933556797665
4532,105.00831591004211,-1.525662409286842,37.4497993689897,7.480015847777629
4533,91.2152619865794,-0.5969720279011155,37.45758607535931,-1.4684626285281457
4534,107.4245891359262,0.8201435941230599,36.884567944401034,-5.2755081513334225
4535,93.62412457924036,-0.467738683858582,36.245695272810146,-2.072819316243467
4536,102.16683118964286,-0.7982060763581541,37.12309197214798,-3.981120613869096
4537,96.96649932522865,1.0185374276503947,36.5408419313358,-3.468489838083336
4538,97.81133748264374,-1.28950006972398,36.25503189767989,-1.1080169509132474
4539,107.6624297504051,-0.301579807791105,36.36806421963314,8.654075965223715
4540,89.59806280184102,0.32864402580480856,37.16319050392278,-3.3315860827231285
4541,119.45195074276933,-0.5738199139101188,37.680518680466406,8.296353321095953
4542,81.78913930705504,0.7831556560131748,37.01944725811812,4.244183979897608
4543,94.02332316745142,-0.568876975197369,37.10569032732298,1.9813578179304303
4544,103.70211889941741,1.4086194934459193,37.59144746943896,3.740600161259375
4545,105.8431416643531,-0.12574629749577262,36.22777254545822,0.06827831918728763
4546,98.99524279428294,0.6712701367053535,37.260088210800134,6.43025051931713
4547,99.42609296998458,0.7460239529828163,36.99420510784059,2.834901316335504
4548,104.10550085327617,-0.6275400027440727,37.28302872941603,-8.323329925127565
4549,97.6893052254232,-2.0534865486558886,36.758258045798094,1.4812596594498253
4550,113.93181257934906,0.36075575466383486,36.59103135478676,3.9198657149630756
4551,108.39349114231602,0.0722883471248695,37.070254452142805,-1.4450060930060862
4552,108.72824351005634,0.5558260275751273,37.82459566166723,0.6312793635696633
4553,90.33843276629582,-0.22652747238283805,37.43045505227073,-3.0642899733720346
4554,99.20611575594297,-0.43042769880071585,36.74615361490996,-6.888128280317803
4555,96.99534051279296,2.0084730109816995,36.32951398200936,-7.7518843546562
4556,89.94398624310534,-1.4723540615107777,36.158966358151105,-7.6853399353443175
4557,103.60164183945767,0.7339504783642384,37.65804972592524,3.3452237123526607
4558,94.62354242220184,-0.574601858183391,36.522458855932086,-12.451408541881644
4559,106.55403829850238,-0.33577861774042206,36.83724329350253,-3.3323996348174054
4560,89.29808437105669,-0.3171028325739657,37.660605563038786,-3.828266426226889
4561,117.1904061284182,-0.8034342741712571,36.1930492722605,-1.4107976799373225
4562,91.03667341407939,0.5712242102362395,37.74613225473753,-9.282157749681014
4563,102.19302337200436,1.3906435959499572,36.87317977305375,2.019440473703093
4564,107.91859310388068,0.47001366124666144,36.42570834238063,-6.365806970799495
4565,94.29359569799887,0.10338199621209512,36.87632453642554,5.662027703546345
4566,108.52468643432951,-0.9864404990992466,36.63870160929926,-3.1088284379441617
4567,87.70816402199584,0.5168252658244509,37.22040989945286,-0.47806511705960175
4568,114.5211769918256,2.1563496317292987,36.67593378305611,0.018869282776031355
4569,100.14149264965758,-0.3806946237950925,36.04417889454048,1.22120526430286
4570,94.0358859203112,-0.37598357935186616,36.88971873279551,0.18507188748071127
4571,97.00818227572566,-0.5610891309809973,36.32172747385673,-2.135552743663159
4572,136.80329060565788,-0.4894142344944204,37.10215994199416,1.7152426534702159
4573,94.15544708149562,-2.7452995536723845,36.40643483385834,2.330735652474771
4574,92.50642310577223,0.4050353858557128,36.75599359841396,-3.8256733355481023
4575,97.78463402416261,-0.8455521763546138,37.09129390210717,2.131839094867785
4576,88.23037887230032,-1.6102631187918002,36.89377063748287,5.95860151200848
4577,118.20543907941816,0.7531899497325488,37.125215141500526,3.5294709805227633
4578,94.33605408785277,-1.0820177850419361,37.34014358285888,4.661876208235935
4579,108.31616786180403,-0.3386690538837576,36.42103315013435,0.8596042445372272
4580,102.09470083647773,1.46644239118858,36.967801229687645,-4.680752230374396
4581,90.15465949518031,-1.4092157980245135,35.33524810124594,-4.048222298518225
4582,99.94045290787271,-1.532598234597762,37.123666650841265,1.5994398392720584
4583,107.84002779310748,0.26930618956233815,36.84959293481258,4.713818625761552
4584,98.11738664913693,1.1494873640103684,36.50827511826101,13.929559569970278
4585,111.93112945851028,-1.574341717731963,37.15785971114826,4.909109722193018
4586,110.21515392781863,0.4076897368371771,37.58634878859253,-5.85217878748751
4587,109.1891485465833,0.5809995399616921,36.76199112620053,-3.8363628617999117
4588,95.40343227727003,-2.0591604836923203,36.52759275487914,11.392586579779993
4589,89.20157552218512,0.7985013379072202,37.08251263121936,-1.0719446598838918
4590,93.86412394637206,0.8766058798421794,36.33219666667682,0.2375731738064424
4591,101.9624094066672,-0.31178557325602474,36.669809314732234,-4.802084602046144
4592,105.45786713532355,1.2523463622980082,37.61120108082525,7.82551702787122
4593,78.28428595239552,1.1364555743248452,37.03108961490614,2.501666036603127
4594,99.91886798388249,0.10311792571720485,36.060266518026914,-3.8730067394265584
4595,101.58089225323184,-0.45144539032493364,36.1015041763603,-4.969126444286356
4596,97.22455743684448,-0.9728278925829571,37.081042846323385,1.5360197294893605
4597,112.9127383901588,-0.03756350936619123,37.43119528795884,0.2210308744022626
4598,104.21780074250871,0.569758919704179,36.19118927068693,4.160551086105636
4599,113.10191908080897,-0.32417686104064125,37.224856303748254,2.734842365635999
4600,97.84039479649768,-2.19750100526203,37.66517175374486,-1.322401743843113
4601,109.37477492506925,1.2687138945765704,37.94392949397932,-2.7190079773068323
4602,172.085001862155,0.19022322184489376,37.165611379929935,-0.7997107414941698
4603,113.11693449272661,-0.37962449667683384,37.253401297276234,-2.7534042332838125
4604,89.07858406571268,0.8571583884232884,35.93340778618593,-0.650977664023809
4605,97.46323922457618,1.5246385964827562,38.049876273997995,0.08220464309690848
4606,96.54835294550203,-2.8019115694878916,36.71225489345194,-4.489654466900285
4607,104.89254535076327,0.43426364992207156,36.53326442078748,3.1533993104894016
4608,106.86353555014533,-1.4266492108103472,36.87239693278019,-1.8521385723483517
4609,91.61107325974264,0.49911050679894126,37.75583670709272,-4.209421751426717
4610,100.67838513916938,0.12792720237457925,38.104023023771774,-1.75803714140934
4611,79.80072667843864,0.6357265264405499,37.06270433973792,1.2112907831014312
4612,114.4194500580189,-0.4992476144946552,37.49904208630183,0.4151909990665173
4613,94.87625759323306,-1.873240111819152,37.021602024342755,2.1105905745223104
4614,100.55863939844497,-0.4503681912566681,36.48110226349091,4.491730625377645
4615,96.90350286011939,0.40684763513978306,37.73837183539415,6.524701020040165
4616,111.46027575013414,1.0153923286752233,36.68893625982181,1.427430813440266
4617,71.62493558602621,-1.1718313004725252,37.767765386685944,-5.347011936177484
4618,99.83389657674091,1.0270604268730175,37.64927066488454,-1.3455540126515038
4619,98.94181242502302,-0.6478722896465213,37.3070181319786,-5.021591921915041
4620,95.46363612408317,0.3624498815945265,37.91448737812718,8.484270368561408
4621,117.26226545635632,-0.5098939528656328,38.11617301659287,9.937004412635817
4622,91.12670541144229,0.18217062771210168,36.912378318517845,3.251555987481714
4623,107.71796177235662,0.8918776345702746,36.595602940791785,4.292294213195153
4624,103.56252788706084,-1.2270140772885358,36.067865081371764,1.2547159661832956
4625,112.61519252535516,-0.6799058967468314,38.12234112771513,1.8302795773039562
4626,93.32810915222494,0.18496258734208662,36.78015899554077,-7.987271091645613
4627,92.67031100876241,2.4015836610303523,37.56751842855087,-0.36966182628455135
4628,110.96069907477398,-0.863189712166828,36.62937231624526,-4.405765311731299
4629,104.2532130833011,2.040133885996919,37.769132820456015,1.406782687691851
4630,84.55062653323242,2.004423303675171,36.64994120409229,-0.298049226942671
4631,94.60694985536729,-0.09731115070159116,36.40414043319133,9.73410981173057
4632,103.86382653848061,-0.2981525261999003,36.895746784523126,4.583138443614207
4633,108.3776422154659,-0.6920651986646917,36.734112149519184,1.4225599126082245
4634,93.20769346807045,-0.0682025303326691,37.298149892730606,-1.3346984356981297
4635,70.85744010183059,-1.406719432559558,36.97430253640374,8.380107293799648
4636,105.23223185737034,-0.0762390173205976,37.31385119727596,-0.14977323063264913
4637,87.79679310056024,1.4968802738508562,36.85448926345735,1.658369808176389
4638,79.82661201877589,-0.6110850624767177,36.6674463144906,0.211248022134175
4639,71.67674075015859,-0.24072430398905076,36.708219726051965,-2.020769528536613
4640,108.1398086019774,-1.7011404742672418,38.02246939901551,0.18253111192760071
4641,101.28617450404967,0.3740620881310435,37.112585466113465,-9.80983425339158
4642,97.74343619287748,0.2644816849513739,36.008118895273476,-7.738532006205937
4643,113.89024362962762,0.0637023597657709,36.73989549327296,1.7481527083481376
4644,106.37324683023073,-0.21682705022214338,37.04843301623794,7.840998452637431
4645,116.16300042721917,-0.2927579187724547,37.92269984062519,1.7411055207208443
4646,86.07264527833004,0.5019002337006719,37.51434935794495,-3.6018442744832697
4647,99.65449376046037,-0.02881660158862331,36.53914108175904,-7.214268770336677
4648,83.83286625051986,0.3149718715553322,38.20917787678623,3.922636302378193
4649,97.70617668144533,0.21498281745454795,36.98441981759926,-2.8359757550755047
4650,97.51384146233323,1.1234272870957618,37.62316490553747,3.2161770927627997
4651,106.26613637263071,0.6769940973750542,36.42249575130005,1.9493257903285863
4652,100.45563881141898,0.19286184315019064,35.80091845237455,2.3915019612734465
4653,106.23407138279916,1.5184220306521798,36.29578425481582,0.1680085367677796
4654,107.03440133138895,0.4202685290565615,35.37483326190215,1.9182219248482064
4655,121.54928677383143,1.3049626887904189,38.05604466362645,-0.5972720062816754
4656,96.84703344713876,0.6069426083866378,37.10726645944321,-3.1765326718410183
4657,90.58977299333621,-1.841919078931543,36.53767799077598,-4.817495302580258
4658,102.46083615316408,1.3048347633193296,37.22631201499006,-11.925043989854894
4659,91.97719972860456,0.1351762413426691,37.094667018090085,-0.9055478120225477
4660,114.81960768436537,-0.05195477090077795,37.310466697806994,7.596890914759765
4661,97.16781961054767,0.28134834748957704,37.60476570056814,3.650400462687987
4662,94.3442363212601,-0.3449831619570674,36.85503942348749,1.1385455923797914
4663,95.28684278848883,0.2270288603889453,36.560080346949505,-3.670024971445755
4664,107.18417423471641,-0.5918760663430924,37.413887607185956,4.986696128795386
4665,98.42253016768515,1.27427225873437,37.40116638894223,-0.5965465590151244
4666,93.58333179869618,-0.1135881136210503,37.05036790406067,7.874671568945293
4667,116.6535191762353,-0.3825838427224335,38.08877709434039,-4.9054363164734065
4668,91.4383015933825,-0.9249258157192739,36.78108893856918,-3.749847639863282
4669,100.35566074032994,0.2687757891486415,36.550071014182365,-4.236349721098142
4670,106.5230615161023,0.1871071001250919,37.2090457137533,-7.410591852170065
4671,83.68664889582926,0.3884246136775064,36.66253107154325,-4.685223425958813
4672,104.80260501405925,-1.0272518875051289,37.247758262072445,0.5160812988295881
4673,89.4489232451955,-1.601181198811573,36.58349587208028,-3.5610051242531378
4674,108.22782780834002,0.6255913025065598,36.79987885853406,-19.281876646202985
4675,90.37348988081024,1.4846418618765076,37.945420210019584,5.371366487100609
4676,106.9276903184886,-1.0263536223898961,36.79720632162616,-8.420468646737028
4677,111.05833066294713,1.5894412835616984,36.60057422799135,2.9461414244331854
4678,108.61436525632806,0.2839110587363809,37.58533939435325,0.15607294834782387
4679,102.51316648238102,-0.007062904550829715,36.474479024856656,10.586864082101712
4680,97.686990570703,-0.397548696545778,36.65352838492647,4.984787407613099
4681,94.23580423665156,-1.3845180194249966,37.2882805602545,-2.5230229774248714
4682,114.71034690817103,0.9877285159245996,37.469205711936645,-3.51031781177656
4683,93.00504779832357,-0.7756063614376031,37.61023819554054,7.513638403996427
4684,89.62933926430004,-0.7798066757376003,36.626389083889755,-7.379355485507059
4685,106.6536893503283,0.9919263098869546,37.29800433649306,0.9543996795935403
4686,92.03863196813505,-1.8829834466717266,36.76694590022791,-0.65560231624836
4687,90.49936502533873,-1.5235978106681667,36.69717218324468,-1.7161303435233792
4688,85.56395737830235,-0.01813424350808177,37.60160639114614,1.767569922242127
4689,95.17090160539482,0.2932844290048521,36.725222802070206,0.9477993025433784
4690,99.17284976103507,0.48473464796892385,37.13910229801049,2.2870037139587214
4691,102.43091727660699,-0.3017984933962528,37.07778973461532,0.6948782618164194
4692,109.51306244299484,2.5303696686416894,36.46462281183075,2.088407025086238
4693,105.26897923665794,-0.22789255876583409,37.48304642767816,0.46682596465797344
4694,98.0912778044682,-0.23078615210272213,37.280140446839475,-3.2971344360815724
4695,98.0180432362028,-0.7969866688138775,36.00685469406479,0.020006301182976992
4696,105.10157468915183,0.12390681652107108,37.13871055561867,-3.5719327985201
4697,112.7257016292857,0.6149612320467747,36.61351328291669,-3.9018830236542517
4698,101.263141994832,1.20357805453346,37.54853765320632,-1.680750013588759
4699,95.3086914578959,-1.489284264440218,36.277300081609624,-0.5971158036792121
4700,90.07133998914455,-0.2459953383557008,36.821761515685225,0.1761265317390541
4701,85.54794735587774,0.44670361080914417,37.18101227549423,4.581894136816652
4702,106.66269672043524,0.5870575345945356,37.02717014707094,-2.492320412704217
4703,105.77978523639557,0.006548657804539276,37.381479128356986,0.9842596323741025
4704,105.77363525106662,0.5424239695321018,36.24078900699536,0.5901385697190944
4705,98.71340553647944,-0.8089638929258004,37.82595716843369,-3.0431414373303256
4706,114.0693474589175,1.5579054323183568,37.26257232939414,0.36870393103272453
4707,95.15881505415183,0.9926281029794295,37.679859106500444,5.0136070758865685
4708,109.55269237207206,-1.3449277870651724,37.43712008461662,0.9325310844170005
4709,99.61257105010456,-1.0751030481167556,36.99419494277248,1.1329196451365402
4710,93.91649235320662,-1.0469217501069061,36.35790089454442,-3.5266416547133366
4711,105.92530307317762,0.6779699708965284,36.718223409375646,9.84429425602438
4712,104.09636118683994,-1.2847277664174672,37.79478166643129,-3.2417818516125054
4713,103.56972759266927,-0.3310243342080806,37.69271889082819,-8.33891730273739
4714,100.812784220562,0.4547043964167744,36.69020000994816,4.300920601090382
4715,99.62106918283169,-0.06616593454643473,35.59084785689891,-0.5740851982421299
4716,172.26682884845377,0.2588875157127058,36.89365513284744,-1.5152091047353755
4717,111.84256645196173,-1.0658027113487583,36.85614855593544,-2.727768902057636
4718,107.22826894985512,0.5948543733972447,36.875113693979806,9.358573121579191
4719,101.11799158203388,-0.6132118924759965,37.2642696009157,1.7729513930234133
4720,110.07157200596669,-0.32461967439794126,37.43810628966083,2.7487561082254244
4721,105.17994776391451,0.23773172790598612,37.49514977354976,0.8130781179113367
4722,100.26204752774035,0.10307822153084817,37.22285457006768,1.3502480672259811
4723,96.96435674734084,0.023980019015592963,36.099614649038685,6.993123052797071
4724,99.19082662337311,-0.7506268219767557,36.82940013365335,-1.254273306138475
4725,68.29574264121945,-0.29954941119919215,38.152044891774594,-7.284687727603649
4726,102.10600839297642,0.0021835908370359453,37.18710836740124,4.3402732711388845
4727,95.1152391988964,-1.3750852331670849,37.18390978422193,2.48350806121196
4728,115.92669998282884,-0.4625329663133788,37.17974296988693,0.5398990644252134
4729,100.19344070811755,0.38767987903284645,37.207689811253,2.353766207738932
4730,88.11036580465039,-1.2774366038453426,35.80844390945704,-1.8537211014708705
4731,99.50119845871882,1.1565816515942398,36.880237841544464,0.10346291427129846
4732,89.53878914937496,1.2696132625998429,36.98105358410265,-0.6585012692995497
4733,104.73407415712467,-1.2451505759600856,37.64074769962671,-2.9574412853545846
4734,102.90947364339485,1.3576196330501393,37.02383644731115,5.945863915525012
4735,109.57839631108267,-0.1435815887121344,36.17674430669903,-7.061293137089002
4736,92.09118208305435,0.4185145591570548,37.21504457808587,11.804410859064834
4737,147.84335128419883,-0.4966510521282467,36.59808767587863,4.386811046032377
4738,86.34978204573365,0.9230448272267618,36.39160717945929,-8.889877673511755
4739,107.01494781924714,0.4060940188486671,36.58292047664171,-1.1208316474546474
4740,105.18871180440122,-0.8141532565976035,37.27125211483226,-0.8427295795177892
4741,104.9580502102757,-1.1652019999652885,37.62938061988003,1.959433144710561
4742,100.01619031356941,-1.4603024352092226,37.241464972588794,-4.946891353698601
4743,104.14772890788791,0.18794177643275645,37.31601161180851,0.16012671684108679
4744,116.04339108308596,0.5724714117797358,37.236522636419004,-0.6055969906132347
4745,97.14905742957986,0.6509656787794414,37.05066358843023,-3.688091812867194
4746,101.38645183710085,-0.11798109460737784,37.34846531748138,-4.38376115735616
4747,89.1387370081859,-1.156996455664364,35.79061226646529,4.594023233511785
4748,91.31739038401668,-0.682074798023783,37.055544175652415,-8.482912700212967
4749,100.97813293093307,1.1523486389619257,36.477537482688874,2.389394680480257
4750,111.03933546701907,-0.48462856460008136,37.58145128627207,3.9875515343906205
4751,97.43719175748427,0.14341763068147614,36.92642234739157,-1.0927916916920821
4752,97.64083470687876,-1.0756504835748875,37.01547404413392,0.26186419862498006
4753,95.93114755495625,0.33658304545903495,36.2474640628731,5.817474998486906
4754,94.65243329155678,-0.45768456167907784,37.508415444506426,-3.5242575536202847
4755,102.94971455708821,1.0467127137757637,37.31366406013691,-3.0082621444456197
4756,85.02742354821356,0.7735577062068134,37.278473941170255,-2.4774184054965414
4757,151.94986843088193,-0.4957059465748997,36.593488573915586,5.826627996116407
4758,93.34577701870539,-0.12666402734766338,36.613180077530934,6.461468734423538
4759,107.21903485438142,-0.5511162400406288,37.11179972722295,-6.979451172318095
4760,87.30001402606123,-1.4194331965450098,36.65275079487598,5.031203736558184
4761,106.68840130546218,-0.8574424295472166,37.21744648133867,4.09454153173642
4762,106.71944607814497,0.19821732772082012,35.919543698616636,7.767974052249138
4763,103.84202072005897,0.3252594982295819,36.756227721796705,1.9255401606318976
4764,90.05571478200207,0.1485479035926389,37.898376732713245,-0.22130060139288343
4765,102.49548189598077,-0.30173305395863576,37.219742913997884,5.726083432858294
4766,88.16943815265611,0.9330666057209853,37.0833968322655,3.494518957508827
4767,97.47236744903815,0.06354190456093739,37.99261326783568,11.224492070743633
4768,110.29413100955325,0.7032538280959473,35.83202319059928,4.793539224809139
4769,107.96701927070742,-1.7737751322025186,36.59234444260595,0.767739882119577
4770,100.15182942540433,-3.9224002516183423,36.799413414126306,-5.870521901880856
4771,90.25193424077158,0.2837880278380801,37.4291756165027,-2.904585885970592
4772,106.45587712174193,-1.4247656537214894,37.437828181614115,-7.179774890140081
4773,100.19381237698025,-0.21245170271305602,36.56699664550869,-1.0753101803043161
4774,76.79684401769578,-0.30209704102460566,37.498977161071274,4.630337966164227
4775,107.82629826316519,1.587400602415537,36.79834261633915,-0.01835544240257778
4776,99.75767166130308,0.3999965529436064,37.605819812824585,5.108626343800363
4777,112.02451247983072,0.16585902679867273,36.48367865093897,1.6878686671950671
4778,89.04729481157196,0.8369911546336737,36.93834420046692,-2.0154614487700484
4779,68.23296186804,0.36849758683903877,36.75491634231172,0.4381257758498195
4780,102.79083858345186,-0.45767699298843306,37.528015185782856,2.3604834552754808
4781,102.91563676681973,1.0714759302545598,36.73860939171691,0.6961169923180794
4782,83.09328372393549,-1.1097501278882742,36.978775735494125,0.7534211442595697
4783,90.21500454133394,0.32324718753356224,37.25340569883152,-3.8452505379335324
4784,127.55217743719902,-1.5475697941363111,37.27262924151306,-2.1648813262110798
4785,96.94389385846196,0.20394385751599503,37.44347630373659,11.292303980773221
4786,107.30958976376216,0.1929896417729295,37.105562388422335,6.142332452117713
4787,93.49340172631616,1.6764549619146627,36.790875542360084,-7.369204484048579
4788,79.09697101146844,-1.5649738934417794,36.825150627320625,-11.834844787531809
4789,98.29741753204094,-0.6008871758538126,37.01283615760381,0.38096210724361135
4790,97.34395439713894,0.8226824265741438,37.12479623803719,4.467364472129951
4791,96.00121761331629,0.33531725639730775,36.92641417607578,-2.5997091871110363
4792,98.85359164493607,0.18030505133750305,37.00960171048278,5.1082936409896895
4793,102.64268271645636,-0.9561357029585392,36.241373069713944,0.2982728250354205
4794,98.49883048746193,-0.5908183480914292,37.333677642227336,-0.8153063986348741
4795,87.35993832052637,1.2450410082232566,37.09055614444471,3.7805758808759076
4796,104.86184791561939,-0.051509193753927957,37.50093520677054,-2.659378964511345
4797,80.50628244677577,0.3753596961444733,37.000080253703544,-1.433531609018266
4798,79.496425427158,-0.115188328776479,36.13080121073911,3.3508363106523147
4799,107.39180494701569,-1.1830855152497652,36.82077690534666,-0.15697968533012124
4800,105.07020272135357,0.9338104260749966,36.90003503844079,9.543881366888678
4801,99.42604634925964,0.5032323845324963,37.3714516527168,3.4691270642800913
4802,86.04551495244928,2.305636837367189,35.9648632277433,3.1440691416638082
4803,92.92089059325924,-1.015581379650545,37.020589758474465,-0.24752323032534077
4804,97.37253252313496,0.8225729212004805,37.25683760789666,4.373773383548031
4805,84.04106031425887,-1.3115439660370012,36.66925605735924,-1.6130388640082312
4806,92.60971341976767,0.15734656767307767,37.037314004908424,1.4118887559975757
4807,106.5233033817668,0.9765065890631646,36.68648174542508,-4.581465235022801
4808,114.27305364289217,-2.072135116096487,36.6352135333898,5.197206961152958
4809,95.8056524734145,-0.20493247424160788,36.79579007493434,1.4530234863089593
4810,107.56488354316099,-0.5632097340426203,36.6446540037665,9.912565318489383
4811,80.85939929412532,-0.7019572982951219,37.341809155968164,11.96149191834879
4812,106.59451241113612,0.3852126522593542,36.63252406158231,3.8165972571657383
4813,91.9605158527252,1.1206857064225952,36.54854499647604,0.34212655603951714
4814,103.0734561670797,-0.1332787152291555,37.88396433341977,-4.730322560627844
4815,97.52247581760291,0.20548642756002017,37.480370005912015,4.523749016294121
4816,113.20414009783835,0.11430875305924776,36.0692433196704,1.0514228194761417
4817,91.25564351660081,0.0018035063564141765,36.61761585507373,2.6901741957723098
4818,106.27606297561832,-1.0893426377121063,37.12123148586136,8.648936937281217
4819,97.20492536703466,1.1084446017228928,37.161877533615744,-4.122116443316734
4820,98.41694521990337,0.295195368158836,36.25475356713155,-4.6215208424066825
4821,98.1614610684079,0.39488149000257766,37.57928274641116,-1.1821296918534006
4822,91.54326895505886,-0.8065096290255822,37.41261220959081,4.106005748759117
4823,99.85901034093328,-0.4592203979892406,37.24095081602017,2.7743362010724404
4824,99.37351777878179,-0.17613419771077837,37.67836424535606,-4.4784425584788625
4825,102.41240248406729,-1.5341246934488515,37.226144996285456,3.7827645035124124
4826,100.84505145692863,-1.6880343251976782,37.224290439625925,-6.006064094466314
4827,107.97994549612237,-0.6007479306385678,37.77883963591112,-4.188708371744288
4828,109.23508616047368,0.52252076644239,37.55060979036386,-0.5772865859459472
4829,89.49376678172199,-0.6531373899299409,36.57924627054423,-2.7671562298761003
4830,108.68772500590771,-1.0188051975907135,37.316597589335956,4.4492974432546735
4831,88.13663572890145,-0.8146856532376702,36.667866067520706,1.4318924150054724
4832,105.87855888137734,-0.4553424231453126,37.25207727547514,8.827805888136302
4833,106.1973878470287,-0.35385896282010376,37.23830675350991,-1.2359268267720716
4834,80.88683108337496,2.1655214522065567,36.308266343772004,-0.6110107552037171
4835,100.9297924652941,1.0546206284873183,36.939077194344485,6.051913045308815
4836,95.31503886639685,1.024774112281728,37.1326285117902,-0.45460401561897795
4837,92.41234742064626,1.1685803642733814,36.78185490450292,7.470026238537729
4838,113.50852330699006,-0.9988208693340495,37.15735497119538,2.704141051922458
4839,93.46320859362581,-1.2223646149872391,37.40294888850053,-11.763932349426796
4840,91.9362307088195,-1.1068702915340567,36.98470346788462,5.8878520707473205
4841,100.75694940005093,1.3345061333378379,37.11229973835413,4.563634065599044
4842,106.85589746298416,-0.547191788882491,37.69171203927799,4.756663030552724
4843,98.58351413989872,-1.251356182239287,37.236598291612616,-9.55489189272629
4844,111.66370545669253,-0.430996200219813,37.100412144837236,-3.314949806355238
4845,105.30975661964091,-0.23860553171462742,36.52096031017932,-2.943524167783849
4846,78.2178868026857,0.26841327369456214,37.33551300569442,-4.2056068378019615
4847,94.70533036492992,0.250951020712043,37.16507497469597,8.709612659469691
4848,94.38157900648301,-0.8281805638735081,37.64186971685071,-0.058839189118169745
4849,104.79360953429422,0.6856563925137109,37.023439271651654,-0.18280471314585325
4850,73.75182943625887,-0.6391935337501581,36.091866749933004,2.7600415515788947
4851,125.49009708717722,-0.15627633670504304,36.14993956558587,2.8465083394469097
4852,105.3102609489421,0.686774070503355,37.367840381879866,-16.674463553129147
4853,101.4887680391769,-0.6418214039443414,36.714903201150925,-3.231787685746817
4854,111.81567716419147,-0.5693514235811376,37.21838387555525,-7.063942888956384
4855,123.43654052812624,0.591668049693131,37.057116322251176,2.001530465774098
4856,108.70746644588404,-0.8577331766050195,36.91658016615304,-1.444462071670237
4857,109.4881309647162,-0.38479202360407067,36.951819357205885,0.0769378225063433
4858,101.30690024464383,0.5557421780428925,36.567305247477385,-10.392598744452615
4859,98.58474246633051,2.054092441435975,36.99211115555016,-1.5492611234524905
4860,95.242045559951,0.6054045047627467,36.7077532836028,5.575651259164076
4861,91.73888008285458,0.47263976299001165,36.81387173993715,7.047247415510838
4862,93.12985900300502,0.5308015836727296,36.83817547764542,3.594317097703499
4863,86.49444035657017,-1.0731902740670494,36.88665336505064,-6.677326467240594
4864,99.24128549314976,0.115596738679908,37.46108672825354,6.297009014960619
4865,83.15332422773614,-0.029766488336401747,36.93510458539765,3.620011275000079
4866,101.90916524143711,0.32158454037275613,37.51185116829505,-0.585945170322693
4867,99.63669391957659,0.11650805247587083,37.76892747566324,-10.12518157254872
4868,101.46935298386688,0.37969967741711247,37.42747232552807,4.7679747533125845
4869,149.65654447490905,-0.31146719489920155,37.267234267534256,-2.9608316499168956
4870,130.76860370180503,0.058608917371792725,37.16341610474176,1.7308291052739047
4871,113.60115900180313,-1.227828566056992,37.432679354525035,0.3419693031833126
4872,87.55457499915278,-0.3199072780029138,37.04468036929812,7.691974922191392
4873,102.32868087426898,1.3908335481766434,37.4922849229786,-0.6268349299875429
4874,93.91993857062677,0.3188083396282559,37.30705290264484,-0.07556795042973923
4875,89.85520273292586,-0.020921037383076883,36.820079769609805,7.89307695239315
4876,86.59927928876066,1.8961232762543467,37.4479254400514,-3.2911112187509426
4877,104.32216690759253,-1.3608349783010791,37.045740002988786,4.071614257038886
4878,93.18619764930426,-1.1094555554462198,36.94693399619384,-0.99307861439232
4879,109.67826024025204,1.7127114112762727,36.761900419800504,-5.012709810024646
4880,109.9378221453044,0.04596093604893383,37.083009423937284,0.005804933604363064
4881,113.7391438521145,-0.24258303628979377,37.49823130770649,3.458525568039938
4882,91.47613233925897,-1.1992043250956432,37.44447000279652,6.768549199882557
4883,104.7536561069201,0.44769626639501187,37.17669689872948,7.373469926728412
4884,106.32454216642302,0.5444598695274623,37.29982182036252,-1.4738203711276632
4885,95.25821824896035,-1.0944943608348963,37.63584839576128,-4.936246160161068
4886,92.28228042607125,-0.14027558555042832,36.92501685441457,-1.5936944978873966
4887,116.09520665775973,-0.33551583203306606,36.4422899982349,-5.907653766650778
4888,102.27495875732053,0.25597714641877106,37.65056492608929,-1.0869309970825254
4889,106.35967750711738,-1.1192502422206438,36.73511087398464,-1.708326418098792
4890,91.77923988172073,1.2519474545131573,36.65483093832805,3.6374510207838266
4891,87.80715533477806,0.9158237815976042,36.10190112233273,-11.029675899571892
4892,94.30550225507889,-0.36317555873281615,37.28564152658215,-3.6680397304331986
4893,98.75978612610002,-0.2164187116383712,36.18927368772389,-3.627591522209577
4894,89.3577999318265,-0.13642215027761603,36.62487059615413,5.935636262040127
4895,99.90155191349616,-0.7783085530065034,37.29411839725753,-5.569221887005085
4896,83.114948119315,-0.4434294182350357,37.36096062620419,1.1332867982449693
4897,88.79952577530128,-0.27027036767460905,36.674147925890885,-0.6406420720989066
4898,106.70911248276875,1.612868370707128,36.9329233365038,5.21521263418191
4899,106.03790520277894,0.9466183083304367,36.56370273679693,2.979159322552736
4900,96.08123234613133,0.9346547073366236,36.72580160609441,0.6062186591018974
4901,89.82235690923046,0.3699256130043903,37.13310763007645,-2.7733343729403415
4902,89.72596448473989,-1.1173270089312346,36.74917666060177,-9.26171251554938
4903,96.26731754058686,-0.041491104577379236,36.87789247991216,1.2354282784370267
4904,106.44518491645292,0.9704884596133799,36.267646659191215,2.6524489926493637
4905,109.28245691344324,-1.258264629367288,37.566478082403066,-7.8743380623732655
4906,95.03468264518031,0.6365532068732643,37.25503329658553,-6.168470821642746
4907,88.46507574015216,2.322609225262766,37.396452685918604,1.2616498668583795
4908,102.67843637866333,1.0618166459897318,37.64521266230843,1.6957084310393502
4909,91.76465029374151,1.4140291355619874,36.58739356222714,-4.953236550460296
4910,94.81747361138798,0.2183387504421607,36.82080275848599,-2.870323567840191
4911,113.25276090437038,0.9679319487649898,36.0525828162089,-9.182444192852133
4912,108.27115428565767,-0.7178532143540355,38.570211455051115,6.886319519066168
4913,101.57974312251451,0.7958638123412264,36.92520734234131,-6.499372036842262
4914,87.28080998887278,0.6543881340607632,37.51936394995746,2.7112969562427534
4915,102.11396567470659,0.2899111740376629,36.38091942783227,-0.17480348076690172
4916,110.62657290787527,1.3160074197184983,37.4981942128215,6.447968098123795
4917,96.24366334234465,-0.5387848378473886,37.92879543832483,-3.9612704638737823
4918,113.51114089986714,-0.18705751647366262,36.96985962548601,0.306263551701936
4919,112.92745289518207,0.09546204135829657,36.4945592517052,-8.492134546186751
4920,116.63732832143474,-1.0296109710894006,36.93060179952723,-9.692634184698768
4921,103.05243126531353,0.22693194380024787,35.88661923752139,2.981667919327369
4922,105.87391699806012,-1.718930412953847,36.98105664948908,-8.92512919534851
4923,114.1418728833109,1.0469545344282092,37.4104835696565,-1.1410876721726542
4924,104.47393937068975,0.046637366565965746,36.98212117781324,5.0564772398645985
4925,94.98765892209788,-0.5208929039037633,36.85793022265552,3.733424280473397
4926,95.51457163472139,-0.8343736122951215,37.26378405805602,-3.3229274397429687
4927,102.38554953773739,-0.23457902961918758,37.30201242347478,-7.942515682040863
4928,87.0943857805378,0.6882597107724135,36.170047218747406,2.5474743082776428
4929,98.56741084635807,0.5477389787375606,37.04441148113939,6.711283914300904
4930,110.96547118230254,-0.705537947278461,38.217992562114624,-3.3111903933281175
4931,78.08746148834719,-0.8460396726276345,36.33249187717599,-4.016564292035582
4932,115.34482101794515,0.6568987063196474,36.957290583583465,-2.6245098143449925
4933,111.22374218703159,-0.7223474046150294,37.97087306102585,2.858043554035578
4934,95.40235384169523,0.05990977407950356,37.55208757827184,6.142588032074564
4935,105.43390827871809,0.12375464252427706,36.74330165961197,-6.198034056902611
4936,100.03147726906326,0.3120621317267384,37.103067689811304,-7.491409046623265
4937,112.29990368438683,0.8582704301818718,36.99894416000759,11.69998160966224
4938,109.82683142769942,-1.2629629368673227,36.625964097839166,-0.8866139394501932
4939,85.99929276816991,-1.9111593252604877,36.96287394625346,1.2644639784515477
4940,105.87262413464177,-0.5674472812283516,36.86001693359673,-3.4596542030881947
4941,97.94372146356753,1.801528407832186,37.056374469038374,2.44981154726358
4942,100.828325705181,2.0221741000873785,36.62580840965448,4.800304373507612
4943,92.71828099030185,1.8311771355658875,36.36169089987767,1.4989808578646486
4944,117.48137069120835,-0.1929813677606896,36.979359613303814,8.704290385072174
4945,110.40061819902576,-1.7821150819848288,37.85755910908939,-1.6337229497054595
4946,92.60228836027032,-2.343039101651841,37.0411014631314,-1.314412365176881
4947,86.65389393089768,-0.6140381615494112,36.834203110534226,1.1570317563870782
4948,96.14327369022152,-0.19807363014936016,37.37704290251925,2.324808227530485
4949,104.34502646091306,1.3006254010559588,36.92084019370231,1.1397363103130462
4950,102.40205843946222,0.8678054595424457,37.934016462479555,-6.422075134775454
4951,112.53132824768244,0.2274050789916206,36.99804374535246,1.5625758309778068
4952,107.89919722180852,-0.8898447709411417,37.35024853157908,-1.8708679240171866
4953,109.69569025752907,-0.9607795582448903,36.622697808803366,-2.9048850703732283
4954,103.26855400610437,0.2541276870714354,37.251544626668334,0.1624102737662183
4955,86.1070126978901,0.6970509788397266,37.137546738471876,-4.807613436646071
4956,98.04301468853099,0.39188126224558456,36.971746937670396,-5.676956619366157
4957,110.60089739908665,-1.0345979596066548,36.74912111941514,-13.077344800019247
4958,99.48477071475354,0.6506676287920862,36.68098491717381,8.736186642549455
4959,105.03090368623747,0.4259109671014114,37.141176331989826,2.7786565955150118
4960,96.81251684753867,-1.0706664061901783,37.31446955484824,-0.5838206065315257
4961,89.70188151458154,-0.7843209703002557,36.936418601852935,-3.3361161844332403
4962,98.76655935953889,0.6884959745615665,37.143633964560394,-14.380161410232084
4963,103.09047443032654,-0.23450753514589096,36.98104266093362,-3.642644381107422
4964,93.44312280538557,1.5891473016364572,37.04926301245269,3.579331685820381
4965,97.64288755143332,0.5011292760645764,36.89977750866139,4.710871517969344
4966,90.60536758014017,-0.48663118818926915,37.00898628968415,3.211459968016508
4967,111.19244917564096,-0.01020560039093268,38.34902022840871,0.7919597787623424
4968,97.05544242411966,0.06338339263771817,37.15581714940371,6.519370729656895
4969,114.52755545126183,-0.72839031324171,37.32264847921552,-1.6426861104427017
4970,115.28747850540908,-0.9125881981776266,37.21901180266405,5.425944580671807
4971,99.18954035278256,0.7013898938094993,36.86859158835147,-1.9229122186010648
4972,89.9155126745265,0.8452732970420956,37.64699460664583,-4.405706544388812
4973,79.14102122266662,0.6037814695529586,36.85441811478683,-5.028564902112605
4974,85.27962926973208,1.5153180943238018,37.527527274471275,-5.322482105864764
4975,86.2616517510134,-0.5417732360116019,36.832896500966775,3.2953401440124264
4976,113.78469627461504,1.6742707660711302,36.52001374042798,-3.7137278554853923
4977,101.15824587226946,-0.9009211185541528,37.182698104118096,-5.1651442251747195
4978,103.89604524091988,-1.0126855633684928,36.447665821948945,3.5686760983068
4979,77.79578991064874,-1.7599588821492502,37.2678201125083,1.639851952361164
4980,88.02033570782739,-0.44579531382681703,36.40292067195434,4.81295991422901
4981,108.87079776446286,-0.5037223368294537,36.84049598476357,2.5629975563639924
4982,102.86774112382587,0.5259372802546505,36.28413515173763,-3.7655579009865585
4983,98.52794721314403,0.24389094162045094,38.412083504701364,0.3805120823429372
4984,105.64842358600123,-1.1929733710191368,36.173020220191844,0.6256649538483862
4985,116.35797806135815,-0.39272623842581755,37.004906870198205,-4.595793292370011
4986,97.7895753646295,-0.37146202108768545,37.57165213716501,-5.523124870469963
4987,100.69369802658069,-1.7759822469618927,37.51819295429351,-3.4036080455885225
4988,101.92596918731306,-0.9809467270133695,37.42567106108657,10.182911783360403
4989,123.92109635273992,-0.7708136306140894,36.84138580588926,-2.0637204711077444
4990,79.00643735580974,1.4336250198209464,37.6755444731685,6.164333956933572
4991,106.83223014788808,0.19145071595735258,37.45669554540109,-2.3433025473989897
4992,98.85197751240936,0.6621687539474996,37.10614980883024,4.44419409769996
4993,105.6677172618418,-1.498635497149212,37.120290378863295,4.512458277789236
4994,93.42627446005275,1.1942144830139918,36.84803867619232,4.762952539760224
4995,99.5103496914155,1.3011020630240928,36.54517398708348,1.939136710044793
4996,107.11410579465495,-1.998344967144626,37.618575487739356,6.886832893905757
4997,131.1291020104384,-0.7053167239158482,37.656103996800766,1.8917698467636392
4998,108.08036189402071,0.49576557301551033,36.55794542948504,8.567648646701398
4999,91.51934401969491,0.6443884535381822,36.923107417426905,-8.099599015942168
